id,corpus,encoding,run,time,status,solved,baseline_time,baseline_status,speedup,speedup_bound,n_free_date_vars,n_free_int_vars,n_free_bool_vars,pinned_var_frac,pinned_date_frac,pinned_int_frac,pinned_bool_frac,n_date_subexprs,n_atoms,n_date_comparisons,n_int_comparisons,ordering_cmp_frac,n_case_splits,max_disjunction_width,bool_alternation_depth,implication_atom_frac,neg_ordering_frac,n_unit_constraints,n_date_period_ops,ground_arith_frac,max_abs_years,max_abs_months,max_abs_days,mixed_frac,max_date_chain_len,n_dot_year,n_dot_month,n_dot_day,property_access_frac,n_symbolic_date_ctors,uses_feb29,uses_leap_year,n_components,largest_component_frac,graph_density,mixed_sort_coupling
grammar-sat-1,grammar,alpha_beta,run_1,60.003381724469364,timeout,0,16.53327269665897,sat,0.2755390149938283,upper,7,0,0,0.0,0.0,0.0,0.0,15,8,8,0,0.5,3,3,1,0.0,0.0,3,4,0.2,43,42,35,1.0,3,0,0,0,0.0,0,0,0,3,0.5714285714285714,0.19047619047619047,0
grammar-sat-1,grammar,epoch_days,run_1,9.422294751740992,sat,1,16.53327269665897,sat,1.754697038489913,exact,7,0,0,0.0,0.0,0.0,0.0,15,8,8,0,0.5,3,3,1,0.0,0.0,3,4,0.2,43,42,35,1.0,3,0,0,0,0.0,0,0,0,3,0.5714285714285714,0.19047619047619047,0
grammar-sat-1,grammar,hybrid_ymd,run_1,60.004302964545786,timeout,0,16.53327269665897,sat,0.2755347846708233,upper,7,0,0,0.0,0.0,0.0,0.0,15,8,8,0,0.5,3,3,1,0.0,0.0,3,4,0.2,43,42,35,1.0,3,0,0,0,0.0,0,0,0,3,0.5714285714285714,0.19047619047619047,0
grammar-sat-1,grammar,simple,run_1,16.53327269665897,sat,1,16.53327269665897,sat,1.0,exact,7,0,0,0.0,0.0,0.0,0.0,15,8,8,0,0.5,3,3,1,0.0,0.0,3,4,0.2,43,42,35,1.0,3,0,0,0,0.0,0,0,0,3,0.5714285714285714,0.19047619047619047,0
grammar-sat-10,grammar,alpha_beta,run_1,60.0035057682544,timeout,0,12.840753574855626,sat,0.21400005567090025,upper,7,0,0,0.0,0.0,0.0,0.0,17,9,9,0,0.8888888888888888,4,4,1,0.0,0.0,3,7,0.125,30,30,24,0.7142857142857143,3,0,0,0,0.0,0,0,0,3,0.7142857142857143,0.19047619047619047,0
grammar-sat-10,grammar,epoch_days,run_1,60.00272979494184,timeout,0,12.840753574855626,sat,0.21400282318385597,upper,7,0,0,0.0,0.0,0.0,0.0,17,9,9,0,0.8888888888888888,4,4,1,0.0,0.0,3,7,0.125,30,30,24,0.7142857142857143,3,0,0,0,0.0,0,0,0,3,0.7142857142857143,0.19047619047619047,0
grammar-sat-10,grammar,hybrid_ymd,run_1,60.003673907369375,timeout,0,12.840753574855626,sat,0.21399945601128573,upper,7,0,0,0.0,0.0,0.0,0.0,17,9,9,0,0.8888888888888888,4,4,1,0.0,0.0,3,7,0.125,30,30,24,0.7142857142857143,3,0,0,0,0.0,0,0,0,3,0.7142857142857143,0.19047619047619047,0
grammar-sat-10,grammar,simple,run_1,12.840753574855626,sat,1,12.840753574855626,sat,1.0,exact,7,0,0,0.0,0.0,0.0,0.0,17,9,9,0,0.8888888888888888,4,4,1,0.0,0.0,3,7,0.125,30,30,24,0.7142857142857143,3,0,0,0,0.0,0,0,0,3,0.7142857142857143,0.19047619047619047,0
grammar-sat-11,grammar,alpha_beta,run_1,60.00356591120362,timeout,0,10.48540522530675,sat,0.1747463682545733,upper,8,0,0,0.0,0.0,0.0,0.0,16,6,6,0,0.6666666666666666,1,2,1,0.0,0.0,4,5,0.16666666666666666,28,47,56,1.0,3,0,0,0,0.0,0,0,0,5,0.375,0.10714285714285714,0
grammar-sat-11,grammar,epoch_days,run_1,60.00407044123858,timeout,0,10.48540522530675,sat,0.17474489894106446,upper,8,0,0,0.0,0.0,0.0,0.0,16,6,6,0,0.6666666666666666,1,2,1,0.0,0.0,4,5,0.16666666666666666,28,47,56,1.0,3,0,0,0,0.0,0,0,0,5,0.375,0.10714285714285714,0
grammar-sat-11,grammar,hybrid_ymd,run_1,60.00457103271037,timeout,0,10.48540522530675,sat,0.17474344112202428,upper,8,0,0,0.0,0.0,0.0,0.0,16,6,6,0,0.6666666666666666,1,2,1,0.0,0.0,4,5,0.16666666666666666,28,47,56,1.0,3,0,0,0,0.0,0,0,0,5,0.375,0.10714285714285714,0
grammar-sat-11,grammar,simple,run_1,10.48540522530675,sat,1,10.48540522530675,sat,1.0,exact,8,0,0,0.0,0.0,0.0,0.0,16,6,6,0,0.6666666666666666,1,2,1,0.0,0.0,4,5,0.16666666666666666,28,47,56,1.0,3,0,0,0,0.0,0,0,0,5,0.375,0.10714285714285714,0
grammar-sat-12,grammar,alpha_beta,run_1,60.004260894842446,timeout,0,60.01171355973929,timeout,,,9,0,0,0.0,0.0,0.0,0.0,18,9,9,0,0.7777777777777778,4,4,1,0.0,0.0,3,4,0.2,17,59,48,1.0,4,0,0,0,0.0,0,0,1,5,0.4444444444444444,0.1111111111111111,0
grammar-sat-12,grammar,epoch_days,run_1,60.00248553790152,timeout,0,60.01171355973929,timeout,,,9,0,0,0.0,0.0,0.0,0.0,18,9,9,0,0.7777777777777778,4,4,1,0.0,0.0,3,4,0.2,17,59,48,1.0,4,0,0,0,0.0,0,0,1,5,0.4444444444444444,0.1111111111111111,0
grammar-sat-12,grammar,hybrid_ymd,run_1,60.00385127775371,timeout,0,60.01171355973929,timeout,,,9,0,0,0.0,0.0,0.0,0.0,18,9,9,0,0.7777777777777778,4,4,1,0.0,0.0,3,4,0.2,17,59,48,1.0,4,0,0,0,0.0,0,0,1,5,0.4444444444444444,0.1111111111111111,0
grammar-sat-12,grammar,simple,run_1,60.01171355973929,timeout,0,60.01171355973929,timeout,,,9,0,0,0.0,0.0,0.0,0.0,18,9,9,0,0.7777777777777778,4,4,1,0.0,0.0,3,4,0.2,17,59,48,1.0,4,0,0,0,0.0,0,0,1,5,0.4444444444444444,0.1111111111111111,0
grammar-sat-13,grammar,alpha_beta,run_1,60.0037328870967,timeout,0,53.44527768716216,sat,0.8906992134593532,upper,7,0,0,0.0,0.0,0.0,0.0,16,8,8,0,0.5,3,3,1,0.0,0.0,3,4,0.3333333333333333,43,42,42,1.0,3,0,0,0,0.0,0,0,0,3,0.5714285714285714,0.19047619047619047,0
grammar-sat-13,grammar,epoch_days,run_1,37.58879084978253,sat,1,53.44527768716216,sat,1.4218408328362435,exact,7,0,0,0.0,0.0,0.0,0.0,16,8,8,0,0.5,3,3,1,0.0,0.0,3,4,0.3333333333333333,43,42,42,1.0,3,0,0,0,0.0,0,0,0,3,0.5714285714285714,0.19047619047619047,0
grammar-sat-13,grammar,hybrid_ymd,run_1,60.004164760932326,timeout,0,53.44527768716216,sat,0.8906928027429099,upper,7,0,0,0.0,0.0,0.0,0.0,16,8,8,0,0.5,3,3,1,0.0,0.0,3,4,0.3333333333333333,43,42,42,1.0,3,0,0,0,0.0,0,0,0,3,0.5714285714285714,0.19047619047619047,0
grammar-sat-13,grammar,simple,run_1,53.44527768716216,sat,1,53.44527768716216,sat,1.0,exact,7,0,0,0.0,0.0,0.0,0.0,16,8,8,0,0.5,3,3,1,0.0,0.0,3,4,0.3333333333333333,43,42,42,1.0,3,0,0,0,0.0,0,0,0,3,0.5714285714285714,0.19047619047619047,0
grammar-sat-14,grammar,alpha_beta,run_1,60.00428943801671,timeout,0,14.824192843399942,sat,0.24705221880367487,upper,10,0,0,0.0,0.0,0.0,0.0,27,16,16,0,0.8125,6,3,1,0.0,0.0,5,5,0.4444444444444444,18,20,32,0.8,2,0,0,0,0.0,0,0,0,3,0.8,0.15555555555555556,0
grammar-sat-14,grammar,epoch_days,run_1,2.498139725998044,sat,1,14.824192843399942,sat,5.934092752749231,exact,10,0,0,0.0,0.0,0.0,0.0,27,16,16,0,0.8125,6,3,1,0.0,0.0,5,5,0.4444444444444444,18,20,32,0.8,2,0,0,0,0.0,0,0,0,3,0.8,0.15555555555555556,0
grammar-sat-14,grammar,hybrid_ymd,run_1,60.00462176464498,timeout,0,14.824192843399942,sat,0.2470508505418899,upper,10,0,0,0.0,0.0,0.0,0.0,27,16,16,0,0.8125,6,3,1,0.0,0.0,5,5,0.4444444444444444,18,20,32,0.8,2,0,0,0,0.0,0,0,0,3,0.8,0.15555555555555556,0
grammar-sat-14,grammar,simple,run_1,14.824192843399942,sat,1,14.824192843399942,sat,1.0,exact,10,0,0,0.0,0.0,0.0,0.0,27,16,16,0,0.8125,6,3,1,0.0,0.0,5,5,0.4444444444444444,18,20,32,0.8,2,0,0,0,0.0,0,0,0,3,0.8,0.15555555555555556,0
grammar-sat-15,grammar,alpha_beta,run_1,60.00374430883676,timeout,0,7.491947430185974,sat,0.12485799872130036,upper,8,0,0,0.0,0.0,0.0,0.0,15,8,8,0,0.875,3,2,1,0.0,0.0,2,4,0.2,113,438,88,1.0,2,0,0,0,0.0,0,0,1,3,0.5,0.17857142857142858,0
grammar-sat-15,grammar,epoch_days,run_1,11.065266431309283,sat,1,7.491947430185974,sat,0.6770688692128942,exact,8,0,0,0.0,0.0,0.0,0.0,15,8,8,0,0.875,3,2,1,0.0,0.0,2,4,0.2,113,438,88,1.0,2,0,0,0,0.0,0,0,1,3,0.5,0.17857142857142858,0
grammar-sat-15,grammar,hybrid_ymd,run_1,1.9014336969703436,sat,1,7.491947430185974,sat,3.9401570731197704,exact,8,0,0,0.0,0.0,0.0,0.0,15,8,8,0,0.875,3,2,1,0.0,0.0,2,4,0.2,113,438,88,1.0,2,0,0,0,0.0,0,0,1,3,0.5,0.17857142857142858,0
grammar-sat-15,grammar,simple,run_1,7.491947430185974,sat,1,7.491947430185974,sat,1.0,exact,8,0,0,0.0,0.0,0.0,0.0,15,8,8,0,0.875,3,2,1,0.0,0.0,2,4,0.2,113,438,88,1.0,2,0,0,0,0.0,0,0,1,3,0.5,0.17857142857142858,0
grammar-sat-16,grammar,alpha_beta,run_1,60.00567779224366,timeout,0,3.113001950085163,sat,0.05187845658311271,upper,10,0,0,0.0,0.0,0.0,0.0,22,10,10,0,0.8,4,2,1,0.0,0.0,2,8,0.2,108,135,72,0.875,5,0,0,0,0.0,0,0,1,2,0.7,0.17777777777777778,0
grammar-sat-16,grammar,epoch_days,run_1,60.004176025278866,timeout,0,3.113001950085163,sat,0.05187975498194829,upper,10,0,0,0.0,0.0,0.0,0.0,22,10,10,0,0.8,4,2,1,0.0,0.0,2,8,0.2,108,135,72,0.875,5,0,0,0,0.0,0,0,1,2,0.7,0.17777777777777778,0
grammar-sat-16,grammar,hybrid_ymd,run_1,60.005511038936675,timeout,0,3.113001950085163,sat,0.05187860075160735,upper,10,0,0,0.0,0.0,0.0,0.0,22,10,10,0,0.8,4,2,1,0.0,0.0,2,8,0.2,108,135,72,0.875,5,0,0,0,0.0,0,0,1,2,0.7,0.17777777777777778,0
grammar-sat-16,grammar,simple,run_1,3.113001950085163,sat,1,3.113001950085163,sat,1.0,exact,10,0,0,0.0,0.0,0.0,0.0,22,10,10,0,0.8,4,2,1,0.0,0.0,2,8,0.2,108,135,72,0.875,5,0,0,0,0.0,0,0,1,2,0.7,0.17777777777777778,0
grammar-sat-17,grammar,alpha_beta,run_1,60.00436100829393,timeout,0,4.108872961252928,sat,0.06847623893011695,upper,9,0,0,0.1,0.1,0.0,0.0,26,12,12,0,0.5,5,3,1,0.0,0.0,3,5,0.4444444444444444,9,13,10,1.0,2,0,0,0,0.0,0,0,1,7,0.2,0.06666666666666667,0
grammar-sat-17,grammar,epoch_days,run_1,0.02873959857970476,sat,1,4.108872961252928,sat,142.9690449523021,exact,9,0,0,0.1,0.1,0.0,0.0,26,12,12,0,0.5,5,3,1,0.0,0.0,3,5,0.4444444444444444,9,13,10,1.0,2,0,0,0,0.0,0,0,1,7,0.2,0.06666666666666667,0
grammar-sat-17,grammar,hybrid_ymd,run_1,60.00359395518899,timeout,0,4.108872961252928,sat,0.06847711429287813,upper,9,0,0,0.1,0.1,0.0,0.0,26,12,12,0,0.5,5,3,1,0.0,0.0,3,5,0.4444444444444444,9,13,10,1.0,2,0,0,0,0.0,0,0,1,7,0.2,0.06666666666666667,0
grammar-sat-17,grammar,simple,run_1,4.108872961252928,sat,1,4.108872961252928,sat,1.0,exact,9,0,0,0.1,0.1,0.0,0.0,26,12,12,0,0.5,5,3,1,0.0,0.0,3,5,0.4444444444444444,9,13,10,1.0,2,0,0,0,0.0,0,0,1,7,0.2,0.06666666666666667,0
grammar-sat-18,grammar,alpha_beta,run_1,60.00368656590581,timeout,0,6.876094368286431,sat,0.11459453179987508,upper,7,0,0,0.125,0.125,0.0,0.0,23,12,12,0,0.5,6,3,1,0.0,0.0,2,4,0.5,9,12,15,1.0,3,0,0,0,0.0,0,0,1,3,0.375,0.17857142857142858,0
grammar-sat-18,grammar,epoch_days,run_1,60.00364985316992,timeout,0,6.876094368286431,sat,0.11459460191358968,upper,7,0,0,0.125,0.125,0.0,0.0,23,12,12,0,0.5,6,3,1,0.0,0.0,2,4,0.5,9,12,15,1.0,3,0,0,0,0.0,0,0,1,3,0.375,0.17857142857142858,0
grammar-sat-18,grammar,hybrid_ymd,run_1,60.00496104452759,timeout,0,6.876094368286431,sat,0.11459209786310703,upper,7,0,0,0.125,0.125,0.0,0.0,23,12,12,0,0.5,6,3,1,0.0,0.0,2,4,0.5,9,12,15,1.0,3,0,0,0,0.0,0,0,1,3,0.375,0.17857142857142858,0
grammar-sat-18,grammar,simple,run_1,6.876094368286431,sat,1,6.876094368286431,sat,1.0,exact,7,0,0,0.125,0.125,0.0,0.0,23,12,12,0,0.5,6,3,1,0.0,0.0,2,4,0.5,9,12,15,1.0,3,0,0,0,0.0,0,0,1,3,0.375,0.17857142857142858,0
grammar-sat-19,grammar,alpha_beta,run_1,60.0037349043414,timeout,0,11.014124692417681,sat,0.18355731872318476,upper,7,0,0,0.0,0.0,0.0,0.0,17,9,9,0,0.8888888888888888,4,4,1,0.0,0.0,3,7,0.125,30,30,24,0.7142857142857143,3,0,0,0,0.0,0,0,0,3,0.7142857142857143,0.19047619047619047,0
grammar-sat-19,grammar,epoch_days,run_1,60.002750335261226,timeout,0,11.014124692417681,sat,0.18356033066612812,upper,7,0,0,0.0,0.0,0.0,0.0,17,9,9,0,0.8888888888888888,4,4,1,0.0,0.0,3,7,0.125,30,30,24,0.7142857142857143,3,0,0,0,0.0,0,0,0,3,0.7142857142857143,0.19047619047619047,0
grammar-sat-19,grammar,hybrid_ymd,run_1,60.00346410367638,timeout,0,11.014124692417681,sat,0.18355814713275614,upper,7,0,0,0.0,0.0,0.0,0.0,17,9,9,0,0.8888888888888888,4,4,1,0.0,0.0,3,7,0.125,30,30,24,0.7142857142857143,3,0,0,0,0.0,0,0,0,3,0.7142857142857143,0.19047619047619047,0
grammar-sat-19,grammar,simple,run_1,11.014124692417681,sat,1,11.014124692417681,sat,1.0,exact,7,0,0,0.0,0.0,0.0,0.0,17,9,9,0,0.8888888888888888,4,4,1,0.0,0.0,3,7,0.125,30,30,24,0.7142857142857143,3,0,0,0,0.0,0,0,0,3,0.7142857142857143,0.19047619047619047,0
grammar-sat-2,grammar,alpha_beta,run_1,60.00384325440973,timeout,0,7.733531130477786,sat,0.1288839299457613,upper,9,0,0,0.0,0.0,0.0,0.0,20,16,16,0,0.8125,7,4,1,0.0,0.0,4,4,0.3333333333333333,20,40,20,1.0,2,0,0,0,0.0,0,0,1,1,1.0,0.25,0
grammar-sat-2,grammar,epoch_days,run_1,34.36077300738543,sat,1,7.733531130477786,sat,0.22506860159448558,exact,9,0,0,0.0,0.0,0.0,0.0,20,16,16,0,0.8125,7,4,1,0.0,0.0,4,4,0.3333333333333333,20,40,20,1.0,2,0,0,0,0.0,0,0,1,1,1.0,0.25,0
grammar-sat-2,grammar,hybrid_ymd,run_1,60.004599762149155,timeout,0,7.733531130477786,sat,0.12888230504215595,upper,9,0,0,0.0,0.0,0.0,0.0,20,16,16,0,0.8125,7,4,1,0.0,0.0,4,4,0.3333333333333333,20,40,20,1.0,2,0,0,0,0.0,0,0,1,1,1.0,0.25,0
grammar-sat-2,grammar,simple,run_1,7.733531130477786,sat,1,7.733531130477786,sat,1.0,exact,9,0,0,0.0,0.0,0.0,0.0,20,16,16,0,0.8125,7,4,1,0.0,0.0,4,4,0.3333333333333333,20,40,20,1.0,2,0,0,0,0.0,0,0,1,1,1.0,0.25,0
grammar-sat-20,grammar,alpha_beta,run_1,60.00481853634119,timeout,0,2.875980343669653,sat,0.04792915658811384,upper,6,0,0,0.14285714285714285,0.14285714285714285,0.0,0.0,22,11,11,0,0.6363636363636364,3,3,1,0.0,0.0,6,8,0.2,24,42,12,1.0,3,0,0,0,0.0,0,0,1,2,0.8571428571428571,0.23809523809523808,0
grammar-sat-20,grammar,epoch_days,run_1,60.003369686193764,timeout,0,2.875980343669653,sat,0.04793031389254444,upper,6,0,0,0.14285714285714285,0.14285714285714285,0.0,0.0,22,11,11,0,0.6363636363636364,3,3,1,0.0,0.0,6,8,0.2,24,42,12,1.0,3,0,0,0,0.0,0,0,1,2,0.8571428571428571,0.23809523809523808,0
grammar-sat-20,grammar,hybrid_ymd,run_1,60.00440990086645,timeout,0,2.875980343669653,sat,0.04792948299001811,upper,6,0,0,0.14285714285714285,0.14285714285714285,0.0,0.0,22,11,11,0,0.6363636363636364,3,3,1,0.0,0.0,6,8,0.2,24,42,12,1.0,3,0,0,0,0.0,0,0,1,2,0.8571428571428571,0.23809523809523808,0
grammar-sat-20,grammar,simple,run_1,2.875980343669653,sat,1,2.875980343669653,sat,1.0,exact,6,0,0,0.14285714285714285,0.14285714285714285,0.0,0.0,22,11,11,0,0.6363636363636364,3,3,1,0.0,0.0,6,8,0.2,24,42,12,1.0,3,0,0,0,0.0,0,0,1,2,0.8571428571428571,0.23809523809523808,0
grammar-sat-21,grammar,alpha_beta,run_1,60.00362672936171,timeout,0,2.854077230207622,sat,0.04756507874233258,upper,8,0,0,0.0,0.0,0.0,0.0,18,10,10,0,0.6,3,2,1,0.0,0.0,4,4,0.3333333333333333,100,20,60,1.0,2,0,0,0,0.0,0,0,0,3,0.5,0.17857142857142858,0
grammar-sat-21,grammar,epoch_days,run_1,44.15267474297434,sat,1,2.854077230207622,sat,0.06464109472012833,exact,8,0,0,0.0,0.0,0.0,0.0,18,10,10,0,0.6,3,2,1,0.0,0.0,4,4,0.3333333333333333,100,20,60,1.0,2,0,0,0,0.0,0,0,0,3,0.5,0.17857142857142858,0
grammar-sat-21,grammar,hybrid_ymd,run_1,60.00428953859955,timeout,0,2.854077230207622,sat,0.04756455333700187,upper,8,0,0,0.0,0.0,0.0,0.0,18,10,10,0,0.6,3,2,1,0.0,0.0,4,4,0.3333333333333333,100,20,60,1.0,2,0,0,0,0.0,0,0,0,3,0.5,0.17857142857142858,0
grammar-sat-21,grammar,simple,run_1,2.854077230207622,sat,1,2.854077230207622,sat,1.0,exact,8,0,0,0.0,0.0,0.0,0.0,18,10,10,0,0.6,3,2,1,0.0,0.0,4,4,0.3333333333333333,100,20,60,1.0,2,0,0,0,0.0,0,0,0,3,0.5,0.17857142857142858,0
grammar-sat-22,grammar,alpha_beta,run_1,4.18727361690253,sat,1,3.6951971258968115,sat,0.8824828430080658,exact,8,0,0,0.0,0.0,0.0,0.0,12,7,7,0,1.0,1,2,1,0.0,0.0,5,2,0.3333333333333333,28,56,35,1.0,2,0,0,0,0.0,0,0,0,2,0.5,0.21428571428571427,0
grammar-sat-22,grammar,epoch_days,run_1,19.04862786643207,sat,1,3.6951971258968115,sat,0.19398757494803984,exact,8,0,0,0.0,0.0,0.0,0.0,12,7,7,0,1.0,1,2,1,0.0,0.0,5,2,0.3333333333333333,28,56,35,1.0,2,0,0,0,0.0,0,0,0,2,0.5,0.21428571428571427,0
grammar-sat-22,grammar,hybrid_ymd,run_1,47.017521874047816,sat,1,3.6951971258968115,sat,0.0785919159201039,exact,8,0,0,0.0,0.0,0.0,0.0,12,7,7,0,1.0,1,2,1,0.0,0.0,5,2,0.3333333333333333,28,56,35,1.0,2,0,0,0,0.0,0,0,0,2,0.5,0.21428571428571427,0
grammar-sat-22,grammar,simple,run_1,3.6951971258968115,sat,1,3.6951971258968115,sat,1.0,exact,8,0,0,0.0,0.0,0.0,0.0,12,7,7,0,1.0,1,2,1,0.0,0.0,5,2,0.3333333333333333,28,56,35,1.0,2,0,0,0,0.0,0,0,0,2,0.5,0.21428571428571427,0
grammar-sat-23,grammar,alpha_beta,run_1,60.00402005482465,timeout,0,2.422304045408964,sat,0.04036902932829744,upper,10,0,0,0.0,0.0,0.0,0.0,27,18,18,0,0.8333333333333334,8,5,1,0.0,0.0,7,3,0.5714285714285714,8,36,28,1.0,2,0,0,0,0.0,0,0,0,5,0.4,0.1111111111111111,0
grammar-sat-23,grammar,epoch_days,run_1,16.74827162362635,sat,1,2.422304045408964,sat,0.14463009078452507,exact,10,0,0,0.0,0.0,0.0,0.0,27,18,18,0,0.8333333333333334,8,5,1,0.0,0.0,7,3,0.5714285714285714,8,36,28,1.0,2,0,0,0,0.0,0,0,0,5,0.4,0.1111111111111111,0
grammar-sat-23,grammar,hybrid_ymd,run_1,60.003510776907206,timeout,0,2.422304045408964,sat,0.04036937195916886,upper,10,0,0,0.0,0.0,0.0,0.0,27,18,18,0,0.8333333333333334,8,5,1,0.0,0.0,7,3,0.5714285714285714,8,36,28,1.0,2,0,0,0,0.0,0,0,0,5,0.4,0.1111111111111111,0
grammar-sat-23,grammar,simple,run_1,2.422304045408964,sat,1,2.422304045408964,sat,1.0,exact,10,0,0,0.0,0.0,0.0,0.0,27,18,18,0,0.8333333333333334,8,5,1,0.0,0.0,7,3,0.5714285714285714,8,36,28,1.0,2,0,0,0,0.0,0,0,0,5,0.4,0.1111111111111111,0
grammar-sat-24,grammar,alpha_beta,run_1,60.00367441494018,timeout,0,2.570489874109626,sat,0.04283887443848948,upper,7,0,0,0.0,0.0,0.0,0.0,14,7,7,0,0.7142857142857143,1,2,1,0.0,0.0,5,6,0.0,80,40,80,0.6666666666666666,3,0,0,0,0.0,0,0,0,3,0.42857142857142855,0.19047619047619047,0
grammar-sat-24,grammar,epoch_days,run_1,60.003213327378035,timeout,0,2.570489874109626,sat,0.04283920362872921,upper,7,0,0,0.0,0.0,0.0,0.0,14,7,7,0,0.7142857142857143,1,2,1,0.0,0.0,5,6,0.0,80,40,80,0.6666666666666666,3,0,0,0,0.0,0,0,0,3,0.42857142857142855,0.19047619047619047,0
grammar-sat-24,grammar,hybrid_ymd,run_1,60.004391834139824,timeout,0,2.570489874109626,sat,0.04283836225212988,upper,7,0,0,0.0,0.0,0.0,0.0,14,7,7,0,0.7142857142857143,1,2,1,0.0,0.0,5,6,0.0,80,40,80,0.6666666666666666,3,0,0,0,0.0,0,0,0,3,0.42857142857142855,0.19047619047619047,0
grammar-sat-24,grammar,simple,run_1,2.570489874109626,sat,1,2.570489874109626,sat,1.0,exact,7,0,0,0.0,0.0,0.0,0.0,14,7,7,0,0.7142857142857143,1,2,1,0.0,0.0,5,6,0.0,80,40,80,0.6666666666666666,3,0,0,0,0.0,0,0,0,3,0.42857142857142855,0.19047619047619047,0
grammar-sat-25,grammar,alpha_beta,run_1,60.00340510252863,timeout,0,10.880804847925901,sat,0.18133645631166637,upper,8,0,0,0.0,0.0,0.0,0.0,18,10,10,0,0.6,3,2,1,0.0,0.0,4,4,0.2,14,8,32,0.75,2,0,0,0,0.0,0,0,1,4,0.5,0.14285714285714285,0
grammar-sat-25,grammar,epoch_days,run_1,60.00310655683279,timeout,0,10.880804847925901,sat,0.18133735855192754,upper,8,0,0,0.0,0.0,0.0,0.0,18,10,10,0,0.6,3,2,1,0.0,0.0,4,4,0.2,14,8,32,0.75,2,0,0,0,0.0,0,0,1,4,0.5,0.14285714285714285,0
grammar-sat-25,grammar,hybrid_ymd,run_1,60.003228422254324,timeout,0,10.880804847925901,sat,0.18133699025918362,upper,8,0,0,0.0,0.0,0.0,0.0,18,10,10,0,0.6,3,2,1,0.0,0.0,4,4,0.2,14,8,32,0.75,2,0,0,0,0.0,0,0,1,4,0.5,0.14285714285714285,0
grammar-sat-25,grammar,simple,run_1,10.880804847925901,sat,1,10.880804847925901,sat,1.0,exact,8,0,0,0.0,0.0,0.0,0.0,18,10,10,0,0.6,3,2,1,0.0,0.0,4,4,0.2,14,8,32,0.75,2,0,0,0,0.0,0,0,1,4,0.5,0.14285714285714285,0
grammar-sat-26,grammar,alpha_beta,run_1,18.69234491046518,sat,1,6.300369931384921,sat,0.3370561564941789,exact,7,0,0,0.0,0.0,0.0,0.0,15,12,12,0,0.5,4,2,1,0.0,0.0,4,2,0.3333333333333333,91,74,36,1.0,1,0,0,0,0.0,0,0,1,3,0.7142857142857143,0.19047619047619047,0
grammar-sat-26,grammar,epoch_days,run_1,0.9137500580400229,sat,1,6.300369931384921,sat,6.895069254385712,exact,7,0,0,0.0,0.0,0.0,0.0,15,12,12,0,0.5,4,2,1,0.0,0.0,4,2,0.3333333333333333,91,74,36,1.0,1,0,0,0,0.0,0,0,1,3,0.7142857142857143,0.19047619047619047,0
grammar-sat-26,grammar,hybrid_ymd,run_1,0.35134744830429554,sat,1,6.300369931384921,sat,17.93202131335329,exact,7,0,0,0.0,0.0,0.0,0.0,15,12,12,0,0.5,4,2,1,0.0,0.0,4,2,0.3333333333333333,91,74,36,1.0,1,0,0,0,0.0,0,0,1,3,0.7142857142857143,0.19047619047619047,0
grammar-sat-26,grammar,simple,run_1,6.300369931384921,sat,1,6.300369931384921,sat,1.0,exact,7,0,0,0.0,0.0,0.0,0.0,15,12,12,0,0.5,4,2,1,0.0,0.0,4,2,0.3333333333333333,91,74,36,1.0,1,0,0,0,0.0,0,0,1,3,0.7142857142857143,0.19047619047619047,0
grammar-sat-27,grammar,alpha_beta,run_1,60.00510346982628,timeout,0,6.449882925488055,sat,0.10748890598499501,upper,8,0,0,0.0,0.0,0.0,0.0,21,12,12,0,0.5833333333333334,6,5,1,0.0,0.0,4,5,0.4444444444444444,17,14,9,1.0,2,0,0,0,0.0,0,0,0,2,0.625,0.25,0
grammar-sat-27,grammar,epoch_days,run_1,26.192489398643374,sat,1,6.449882925488055,sat,0.24624932847437261,exact,8,0,0,0.0,0.0,0.0,0.0,21,12,12,0,0.5833333333333334,6,5,1,0.0,0.0,4,5,0.4444444444444444,17,14,9,1.0,2,0,0,0,0.0,0,0,0,2,0.625,0.25,0
grammar-sat-27,grammar,hybrid_ymd,run_1,60.00469533074647,timeout,0,6.449882925488055,sat,0.10748963710150075,upper,8,0,0,0.0,0.0,0.0,0.0,21,12,12,0,0.5833333333333334,6,5,1,0.0,0.0,4,5,0.4444444444444444,17,14,9,1.0,2,0,0,0,0.0,0,0,0,2,0.625,0.25,0
grammar-sat-27,grammar,simple,run_1,6.449882925488055,sat,1,6.449882925488055,sat,1.0,exact,8,0,0,0.0,0.0,0.0,0.0,21,12,12,0,0.5833333333333334,6,5,1,0.0,0.0,4,5,0.4444444444444444,17,14,9,1.0,2,0,0,0,0.0,0,0,0,2,0.625,0.25,0
grammar-sat-28,grammar,alpha_beta,run_1,58.57142714969814,sat,1,2.111970951780677,sat,0.03605804151541084,exact,10,0,0,0.0,0.0,0.0,0.0,19,15,15,0,0.7333333333333333,10,4,1,0.0,0.0,0,2,0.3333333333333333,35,98,119,0.5,2,0,0,0,0.0,0,0,1,3,0.5,0.17777777777777778,0
grammar-sat-28,grammar,epoch_days,run_1,0.28751671500504017,sat,1,2.111970951780677,sat,7.345558854703992,exact,10,0,0,0.0,0.0,0.0,0.0,19,15,15,0,0.7333333333333333,10,4,1,0.0,0.0,0,2,0.3333333333333333,35,98,119,0.5,2,0,0,0,0.0,0,0,1,3,0.5,0.17777777777777778,0
grammar-sat-28,grammar,hybrid_ymd,run_1,0.28645403403788805,sat,1,2.111970951780677,sat,7.372809249742789,exact,10,0,0,0.0,0.0,0.0,0.0,19,15,15,0,0.7333333333333333,10,4,1,0.0,0.0,0,2,0.3333333333333333,35,98,119,0.5,2,0,0,0,0.0,0,0,1,3,0.5,0.17777777777777778,0
grammar-sat-28,grammar,simple,run_1,2.111970951780677,sat,1,2.111970951780677,sat,1.0,exact,10,0,0,0.0,0.0,0.0,0.0,19,15,15,0,0.7333333333333333,10,4,1,0.0,0.0,0,2,0.3333333333333333,35,98,119,0.5,2,0,0,0,0.0,0,0,1,3,0.5,0.17777777777777778,0
grammar-sat-29,grammar,alpha_beta,run_1,60.00776305887848,timeout,0,3.046123214997351,sat,0.0507621524236548,upper,9,0,0,0.1,0.1,0.0,0.0,25,18,18,0,0.7222222222222222,8,5,1,0.0,0.0,6,5,0.375,45,72,90,0.8,3,0,0,0,0.0,0,0,1,2,0.9,0.2222222222222222,0
grammar-sat-29,grammar,epoch_days,run_1,7.497562283650041,sat,1,3.046123214997351,sat,0.4062818153094963,exact,9,0,0,0.1,0.1,0.0,0.0,25,18,18,0,0.7222222222222222,8,5,1,0.0,0.0,6,5,0.375,45,72,90,0.8,3,0,0,0,0.0,0,0,1,2,0.9,0.2222222222222222,0
grammar-sat-29,grammar,hybrid_ymd,run_1,60.00412838719785,timeout,0,3.046123214997351,sat,0.05076522727471624,upper,9,0,0,0.1,0.1,0.0,0.0,25,18,18,0,0.7222222222222222,8,5,1,0.0,0.0,6,5,0.375,45,72,90,0.8,3,0,0,0,0.0,0,0,1,2,0.9,0.2222222222222222,0
grammar-sat-29,grammar,simple,run_1,3.046123214997351,sat,1,3.046123214997351,sat,1.0,exact,9,0,0,0.1,0.1,0.0,0.0,25,18,18,0,0.7222222222222222,8,5,1,0.0,0.0,6,5,0.375,45,72,90,0.8,3,0,0,0,0.0,0,0,1,2,0.9,0.2222222222222222,0
grammar-sat-3,grammar,alpha_beta,run_1,60.00297789648175,timeout,0,10.026254643686116,sat,0.16709595082070086,upper,9,0,0,0.0,0.0,0.0,0.0,18,11,11,0,0.6363636363636364,6,4,1,0.0,0.0,2,3,0.4,72,36,144,1.0,2,0,0,0,0.0,0,0,0,2,0.5555555555555556,0.19444444444444445,0
grammar-sat-3,grammar,epoch_days,run_1,53.03267866931856,sat,1,10.026254643686116,sat,0.1890580467602646,exact,9,0,0,0.0,0.0,0.0,0.0,18,11,11,0,0.6363636363636364,6,4,1,0.0,0.0,2,3,0.4,72,36,144,1.0,2,0,0,0,0.0,0,0,0,2,0.5555555555555556,0.19444444444444445,0
grammar-sat-3,grammar,hybrid_ymd,run_1,60.003760216757655,timeout,0,10.026254643686116,sat,0.16709377224806016,upper,9,0,0,0.0,0.0,0.0,0.0,18,11,11,0,0.6363636363636364,6,4,1,0.0,0.0,2,3,0.4,72,36,144,1.0,2,0,0,0,0.0,0,0,0,2,0.5555555555555556,0.19444444444444445,0
grammar-sat-3,grammar,simple,run_1,10.026254643686116,sat,1,10.026254643686116,sat,1.0,exact,9,0,0,0.0,0.0,0.0,0.0,18,11,11,0,0.6363636363636364,6,4,1,0.0,0.0,2,3,0.4,72,36,144,1.0,2,0,0,0,0.0,0,0,0,2,0.5555555555555556,0.19444444444444445,0
grammar-sat-30,grammar,alpha_beta,run_1,60.003790692426264,timeout,0,4.841250514611602,sat,0.08068241120677512,upper,6,0,0,0.0,0.0,0.0,0.0,11,6,6,0,1.0,1,2,1,0.0,0.0,4,4,0.0,4,7,9,1.0,1,0,0,0,0.0,0,0,0,2,0.5,0.3333333333333333,0
grammar-sat-30,grammar,epoch_days,run_1,8.905359795317054,sat,1,4.841250514611602,sat,0.5436333428276988,exact,6,0,0,0.0,0.0,0.0,0.0,11,6,6,0,1.0,1,2,1,0.0,0.0,4,4,0.0,4,7,9,1.0,1,0,0,0,0.0,0,0,0,2,0.5,0.3333333333333333,0
grammar-sat-30,grammar,hybrid_ymd,run_1,16.54744273610413,sat,1,4.841250514611602,sat,0.2925678965516945,exact,6,0,0,0.0,0.0,0.0,0.0,11,6,6,0,1.0,1,2,1,0.0,0.0,4,4,0.0,4,7,9,1.0,1,0,0,0,0.0,0,0,0,2,0.5,0.3333333333333333,0
grammar-sat-30,grammar,simple,run_1,4.841250514611602,sat,1,4.841250514611602,sat,1.0,exact,6,0,0,0.0,0.0,0.0,0.0,11,6,6,0,1.0,1,2,1,0.0,0.0,4,4,0.0,4,7,9,1.0,1,0,0,0,0.0,0,0,0,2,0.5,0.3333333333333333,0
grammar-sat-31,grammar,alpha_beta,run_1,3.8706877287477255,sat,1,7.286275098100305,sat,1.8824239020846087,exact,6,0,0,0.0,0.0,0.0,0.0,11,7,7,0,0.5714285714285714,2,2,1,0.0,0.0,3,2,0.3333333333333333,45,81,36,0.5,1,0,0,0,0.0,0,0,1,1,1.0,0.3333333333333333,0
grammar-sat-31,grammar,epoch_days,run_1,0.5465730335563421,sat,1,7.286275098100305,sat,13.330835315257493,exact,6,0,0,0.0,0.0,0.0,0.0,11,7,7,0,0.5714285714285714,2,2,1,0.0,0.0,3,2,0.3333333333333333,45,81,36,0.5,1,0,0,0,0.0,0,0,1,1,1.0,0.3333333333333333,0
grammar-sat-31,grammar,hybrid_ymd,run_1,1.5830282745882869,sat,1,7.286275098100305,sat,4.602744761457476,exact,6,0,0,0.0,0.0,0.0,0.0,11,7,7,0,0.5714285714285714,2,2,1,0.0,0.0,3,2,0.3333333333333333,45,81,36,0.5,1,0,0,0,0.0,0,0,1,1,1.0,0.3333333333333333,0
grammar-sat-31,grammar,simple,run_1,7.286275098100305,sat,1,7.286275098100305,sat,1.0,exact,6,0,0,0.0,0.0,0.0,0.0,11,7,7,0,0.5714285714285714,2,2,1,0.0,0.0,3,2,0.3333333333333333,45,81,36,0.5,1,0,0,0,0.0,0,0,1,1,1.0,0.3333333333333333,0
grammar-sat-32,grammar,alpha_beta,run_1,60.003097736276686,timeout,0,5.8175133699551225,sat,0.09695355055707347,upper,8,0,0,0.0,0.0,0.0,0.0,14,10,10,0,0.4,4,4,1,0.0,0.0,4,3,0.25,37,24,41,1.0,2,0,0,0,0.0,0,0,0,1,1.0,0.25,0
grammar-sat-32,grammar,epoch_days,run_1,10.513540087267756,sat,1,5.8175133699551225,sat,0.5533353486710268,exact,8,0,0,0.0,0.0,0.0,0.0,14,10,10,0,0.4,4,4,1,0.0,0.0,4,3,0.25,37,24,41,1.0,2,0,0,0,0.0,0,0,0,1,1.0,0.25,0
grammar-sat-32,grammar,hybrid_ymd,run_1,28.288620631210506,sat,1,5.8175133699551225,sat,0.20564853429215024,exact,8,0,0,0.0,0.0,0.0,0.0,14,10,10,0,0.4,4,4,1,0.0,0.0,4,3,0.25,37,24,41,1.0,2,0,0,0,0.0,0,0,0,1,1.0,0.25,0
grammar-sat-32,grammar,simple,run_1,5.8175133699551225,sat,1,5.8175133699551225,sat,1.0,exact,8,0,0,0.0,0.0,0.0,0.0,14,10,10,0,0.4,4,4,1,0.0,0.0,4,3,0.25,37,24,41,1.0,2,0,0,0,0.0,0,0,0,1,1.0,0.25,0
grammar-sat-33,grammar,alpha_beta,run_1,60.00426306668669,timeout,0,2.245811958797276,sat,0.03742754004496909,upper,7,0,0,0.0,0.0,0.0,0.0,18,11,11,0,0.8181818181818182,5,3,1,0.0,0.0,3,6,0.25,12,9,9,0.8333333333333334,2,0,0,0,0.0,0,0,1,2,0.8571428571428571,0.2857142857142857,0
grammar-sat-33,grammar,epoch_days,run_1,10.718734889291227,sat,1,2.245811958797276,sat,0.20952211077083366,exact,7,0,0,0.0,0.0,0.0,0.0,18,11,11,0,0.8181818181818182,5,3,1,0.0,0.0,3,6,0.25,12,9,9,0.8333333333333334,2,0,0,0,0.0,0,0,1,2,0.8571428571428571,0.2857142857142857,0
grammar-sat-33,grammar,hybrid_ymd,run_1,60.00389369018376,timeout,0,2.245811958797276,sat,0.03742777044424829,upper,7,0,0,0.0,0.0,0.0,0.0,18,11,11,0,0.8181818181818182,5,3,1,0.0,0.0,3,6,0.25,12,9,9,0.8333333333333334,2,0,0,0,0.0,0,0,1,2,0.8571428571428571,0.2857142857142857,0
grammar-sat-33,grammar,simple,run_1,2.245811958797276,sat,1,2.245811958797276,sat,1.0,exact,7,0,0,0.0,0.0,0.0,0.0,18,11,11,0,0.8181818181818182,5,3,1,0.0,0.0,3,6,0.25,12,9,9,0.8333333333333334,2,0,0,0,0.0,0,0,1,2,0.8571428571428571,0.2857142857142857,0
grammar-sat-34,grammar,alpha_beta,run_1,13.554299265146255,sat,1,5.684940312989056,sat,0.4194197133899355,exact,4,0,0,0.2,0.2,0.0,0.0,15,8,8,0,0.5,3,2,1,0.0,0.0,2,2,0.6,105,15,120,1.0,1,0,0,0,0.0,0,0,1,3,0.6,0.2,0
grammar-sat-34,grammar,epoch_days,run_1,0.07799755968153477,sat,1,5.684940312989056,sat,72.88613049178403,exact,4,0,0,0.2,0.2,0.0,0.0,15,8,8,0,0.5,3,2,1,0.0,0.0,2,2,0.6,105,15,120,1.0,1,0,0,0,0.0,0,0,1,3,0.6,0.2,0
grammar-sat-34,grammar,hybrid_ymd,run_1,4.741494792513549,sat,1,5.684940312989056,sat,1.1989763907291713,exact,4,0,0,0.2,0.2,0.0,0.0,15,8,8,0,0.5,3,2,1,0.0,0.0,2,2,0.6,105,15,120,1.0,1,0,0,0,0.0,0,0,1,3,0.6,0.2,0
grammar-sat-34,grammar,simple,run_1,5.684940312989056,sat,1,5.684940312989056,sat,1.0,exact,4,0,0,0.2,0.2,0.0,0.0,15,8,8,0,0.5,3,2,1,0.0,0.0,2,2,0.6,105,15,120,1.0,1,0,0,0,0.0,0,0,1,3,0.6,0.2,0
grammar-sat-35,grammar,alpha_beta,run_1,60.004167567938566,timeout,0,13.3324577473104,sat,0.22219219577065177,upper,7,0,0,0.0,0.0,0.0,0.0,14,7,7,0,0.7142857142857143,2,2,1,0.0,0.0,3,5,0.16666666666666666,51,67,21,0.8,4,0,0,0,0.0,0,0,1,2,0.7142857142857143,0.2857142857142857,0
grammar-sat-35,grammar,epoch_days,run_1,60.00295399874449,timeout,0,13.3324577473104,sat,0.22219668964280276,upper,7,0,0,0.0,0.0,0.0,0.0,14,7,7,0,0.7142857142857143,2,2,1,0.0,0.0,3,5,0.16666666666666666,51,67,21,0.8,4,0,0,0,0.0,0,0,1,2,0.7142857142857143,0.2857142857142857,0
grammar-sat-35,grammar,hybrid_ymd,run_1,60.00380150601268,timeout,0,13.3324577473104,sat,0.22219355128648677,upper,7,0,0,0.0,0.0,0.0,0.0,14,7,7,0,0.7142857142857143,2,2,1,0.0,0.0,3,5,0.16666666666666666,51,67,21,0.8,4,0,0,0,0.0,0,0,1,2,0.7142857142857143,0.2857142857142857,0
grammar-sat-35,grammar,simple,run_1,13.3324577473104,sat,1,13.3324577473104,sat,1.0,exact,7,0,0,0.0,0.0,0.0,0.0,14,7,7,0,0.7142857142857143,2,2,1,0.0,0.0,3,5,0.16666666666666666,51,67,21,0.8,4,0,0,0,0.0,0,0,1,2,0.7142857142857143,0.2857142857142857,0
grammar-sat-36,grammar,alpha_beta,run_1,60.004493043757975,timeout,0,7.644158274866641,sat,0.12739309820169928,upper,4,0,0,0.0,0.0,0.0,0.0,12,5,5,0,0.6,0,1,0,0.0,0.0,5,4,0.2,24,104,40,1.0,4,0,0,0,0.0,0,0,0,2,0.75,0.3333333333333333,0
grammar-sat-36,grammar,epoch_days,run_1,60.00221251696348,timeout,0,7.644158274866641,sat,0.12739794007938504,upper,4,0,0,0.0,0.0,0.0,0.0,12,5,5,0,0.6,0,1,0,0.0,0.0,5,4,0.2,24,104,40,1.0,4,0,0,0,0.0,0,0,0,2,0.75,0.3333333333333333,0
grammar-sat-36,grammar,hybrid_ymd,run_1,60.00338183902204,timeout,0,7.644158274866641,sat,0.12739545739895963,upper,4,0,0,0.0,0.0,0.0,0.0,12,5,5,0,0.6,0,1,0,0.0,0.0,5,4,0.2,24,104,40,1.0,4,0,0,0,0.0,0,0,0,2,0.75,0.3333333333333333,0
grammar-sat-36,grammar,simple,run_1,7.644158274866641,sat,1,7.644158274866641,sat,1.0,exact,4,0,0,0.0,0.0,0.0,0.0,12,5,5,0,0.6,0,1,0,0.0,0.0,5,4,0.2,24,104,40,1.0,4,0,0,0,0.0,0,0,0,2,0.75,0.3333333333333333,0
grammar-sat-37,grammar,alpha_beta,run_1,60.00389513745904,timeout,0,4.306330621242523,sat,0.07176751794825034,upper,7,0,0,0.125,0.125,0.0,0.0,16,6,6,0,0.3333333333333333,1,2,1,0.0,0.0,4,3,0.4,9,56,12,1.0,3,0,0,0,0.0,0,0,0,5,0.25,0.10714285714285714,0
grammar-sat-37,grammar,epoch_days,run_1,41.550431448966265,sat,1,4.306330621242523,sat,0.10364105668870643,exact,7,0,0,0.125,0.125,0.0,0.0,16,6,6,0,0.3333333333333333,1,2,1,0.0,0.0,4,3,0.4,9,56,12,1.0,3,0,0,0,0.0,0,0,0,5,0.25,0.10714285714285714,0
grammar-sat-37,grammar,hybrid_ymd,run_1,60.005946008488536,timeout,0,4.306330621242523,sat,0.07176506509260504,upper,7,0,0,0.125,0.125,0.0,0.0,16,6,6,0,0.3333333333333333,1,2,1,0.0,0.0,4,3,0.4,9,56,12,1.0,3,0,0,0,0.0,0,0,0,5,0.25,0.10714285714285714,0
grammar-sat-37,grammar,simple,run_1,4.306330621242523,sat,1,4.306330621242523,sat,1.0,exact,7,0,0,0.125,0.125,0.0,0.0,16,6,6,0,0.3333333333333333,1,2,1,0.0,0.0,4,3,0.4,9,56,12,1.0,3,0,0,0,0.0,0,0,0,5,0.25,0.10714285714285714,0
grammar-sat-38,grammar,alpha_beta,run_1,60.01144129503518,timeout,0,15.459569090977311,sat,0.25761036158043915,upper,7,0,0,0.0,0.0,0.0,0.0,24,13,13,0,0.9230769230769231,7,4,1,0.0,0.0,3,8,0.1111111111111111,180,135,17,0.875,6,0,0,0,0.0,0,0,1,2,0.5714285714285714,0.23809523809523808,0
grammar-sat-38,grammar,epoch_days,run_1,60.00468864198774,timeout,0,15.459569090977311,sat,0.2576393518715739,upper,7,0,0,0.0,0.0,0.0,0.0,24,13,13,0,0.9230769230769231,7,4,1,0.0,0.0,3,8,0.1111111111111111,180,135,17,0.875,6,0,0,0,0.0,0,0,1,2,0.5714285714285714,0.23809523809523808,0
grammar-sat-38,grammar,hybrid_ymd,run_1,60.00483408384025,timeout,0,15.459569090977311,sat,0.257638727396143,upper,7,0,0,0.0,0.0,0.0,0.0,24,13,13,0,0.9230769230769231,7,4,1,0.0,0.0,3,8,0.1111111111111111,180,135,17,0.875,6,0,0,0,0.0,0,0,1,2,0.5714285714285714,0.23809523809523808,0
grammar-sat-38,grammar,simple,run_1,15.459569090977311,sat,1,15.459569090977311,sat,1.0,exact,7,0,0,0.0,0.0,0.0,0.0,24,13,13,0,0.9230769230769231,7,4,1,0.0,0.0,3,8,0.1111111111111111,180,135,17,0.875,6,0,0,0,0.0,0,0,1,2,0.5714285714285714,0.23809523809523808,0
grammar-sat-39,grammar,alpha_beta,run_1,60.01472787000239,timeout,0,5.562423650175333,sat,0.09268431012840835,upper,9,0,0,0.0,0.0,0.0,0.0,20,8,8,0,0.625,1,2,1,0.0,0.0,6,4,0.42857142857142855,186,17,18,1.0,4,0,0,0,0.0,0,0,0,5,0.3333333333333333,0.1111111111111111,0
grammar-sat-39,grammar,epoch_days,run_1,60.00369652826339,timeout,0,5.562423650175333,sat,0.09270134961694032,upper,9,0,0,0.0,0.0,0.0,0.0,20,8,8,0,0.625,1,2,1,0.0,0.0,6,4,0.42857142857142855,186,17,18,1.0,4,0,0,0,0.0,0,0,0,5,0.3333333333333333,0.1111111111111111,0
grammar-sat-39,grammar,hybrid_ymd,run_1,60.004071332514286,timeout,0,5.562423650175333,sat,0.09270077057523318,upper,9,0,0,0.0,0.0,0.0,0.0,20,8,8,0,0.625,1,2,1,0.0,0.0,6,4,0.42857142857142855,186,17,18,1.0,4,0,0,0,0.0,0,0,0,5,0.3333333333333333,0.1111111111111111,0
grammar-sat-39,grammar,simple,run_1,5.562423650175333,sat,1,5.562423650175333,sat,1.0,exact,9,0,0,0.0,0.0,0.0,0.0,20,8,8,0,0.625,1,2,1,0.0,0.0,6,4,0.42857142857142855,186,17,18,1.0,4,0,0,0,0.0,0,0,0,5,0.3333333333333333,0.1111111111111111,0
grammar-sat-4,grammar,alpha_beta,run_1,60.005060175433755,timeout,0,35.081131149083376,sat,0.5846362131213343,upper,7,0,0,0.0,0.0,0.0,0.0,21,9,9,0,0.5555555555555556,3,3,1,0.0,0.0,4,9,0.18181818181818182,54,108,21,0.8888888888888888,3,0,0,0,0.0,0,0,0,2,0.7142857142857143,0.23809523809523808,0
grammar-sat-4,grammar,epoch_days,run_1,60.00472625065595,timeout,0,35.081131149083376,sat,0.5846394666070138,upper,7,0,0,0.0,0.0,0.0,0.0,21,9,9,0,0.5555555555555556,3,3,1,0.0,0.0,4,9,0.18181818181818182,54,108,21,0.8888888888888888,3,0,0,0,0.0,0,0,0,2,0.7142857142857143,0.23809523809523808,0
grammar-sat-4,grammar,hybrid_ymd,run_1,60.005330241285264,timeout,0,35.081131149083376,sat,0.5846335818504774,upper,7,0,0,0.0,0.0,0.0,0.0,21,9,9,0,0.5555555555555556,3,3,1,0.0,0.0,4,9,0.18181818181818182,54,108,21,0.8888888888888888,3,0,0,0,0.0,0,0,0,2,0.7142857142857143,0.23809523809523808,0
grammar-sat-4,grammar,simple,run_1,35.081131149083376,sat,1,35.081131149083376,sat,1.0,exact,7,0,0,0.0,0.0,0.0,0.0,21,9,9,0,0.5555555555555556,3,3,1,0.0,0.0,4,9,0.18181818181818182,54,108,21,0.8888888888888888,3,0,0,0,0.0,0,0,0,2,0.7142857142857143,0.23809523809523808,0
grammar-sat-40,grammar,alpha_beta,run_1,60.00350172165781,timeout,0,15.312567320652306,sat,0.2551945616721457,upper,7,0,0,0.125,0.125,0.0,0.0,25,13,13,0,0.6153846153846154,5,4,1,0.0,0.0,5,7,0.36363636363636365,94,68,52,1.0,3,0,0,0,0.0,0,0,1,2,0.875,0.21428571428571427,0
grammar-sat-40,grammar,epoch_days,run_1,0.6858407417312264,sat,1,15.312567320652306,sat,22.326709961848746,exact,7,0,0,0.125,0.125,0.0,0.0,25,13,13,0,0.6153846153846154,5,4,1,0.0,0.0,5,7,0.36363636363636365,94,68,52,1.0,3,0,0,0,0.0,0,0,1,2,0.875,0.21428571428571427,0
grammar-sat-40,grammar,hybrid_ymd,run_1,60.00473947264254,timeout,0,15.312567320652306,sat,0.2551892976326251,upper,7,0,0,0.125,0.125,0.0,0.0,25,13,13,0,0.6153846153846154,5,4,1,0.0,0.0,5,7,0.36363636363636365,94,68,52,1.0,3,0,0,0,0.0,0,0,1,2,0.875,0.21428571428571427,0
grammar-sat-40,grammar,simple,run_1,15.312567320652306,sat,1,15.312567320652306,sat,1.0,exact,7,0,0,0.125,0.125,0.0,0.0,25,13,13,0,0.6153846153846154,5,4,1,0.0,0.0,5,7,0.36363636363636365,94,68,52,1.0,3,0,0,0,0.0,0,0,1,2,0.875,0.21428571428571427,0
grammar-sat-41,grammar,alpha_beta,run_1,60.00416966341436,timeout,0,28.927612389437854,sat,0.4820933703724851,upper,10,0,0,0.0,0.0,0.0,0.0,17,13,13,0,0.7692307692307693,8,3,1,0.0,0.0,0,6,0.0,9,7,9,0.8333333333333334,2,0,0,0,0.0,0,0,0,2,0.9,0.24444444444444444,0
grammar-sat-41,grammar,epoch_days,run_1,60.003586599603295,timeout,0,28.927612389437854,sat,0.4820980549457539,upper,10,0,0,0.0,0.0,0.0,0.0,17,13,13,0,0.7692307692307693,8,3,1,0.0,0.0,0,6,0.0,9,7,9,0.8333333333333334,2,0,0,0,0.0,0,0,0,2,0.9,0.24444444444444444,0
grammar-sat-41,grammar,hybrid_ymd,run_1,60.004986382089555,timeout,0,28.927612389437854,sat,0.48208680867349124,upper,10,0,0,0.0,0.0,0.0,0.0,17,13,13,0,0.7692307692307693,8,3,1,0.0,0.0,0,6,0.0,9,7,9,0.8333333333333334,2,0,0,0,0.0,0,0,0,2,0.9,0.24444444444444444,0
grammar-sat-41,grammar,simple,run_1,28.927612389437854,sat,1,28.927612389437854,sat,1.0,exact,10,0,0,0.0,0.0,0.0,0.0,17,13,13,0,0.7692307692307693,8,3,1,0.0,0.0,0,6,0.0,9,7,9,0.8333333333333334,2,0,0,0,0.0,0,0,0,2,0.9,0.24444444444444444,0
grammar-sat-42,grammar,alpha_beta,run_1,51.58988530468196,sat,1,3.3211984913796186,sat,0.0643769310934717,exact,9,0,0,0.0,0.0,0.0,0.0,16,13,13,0,0.8461538461538461,7,3,1,0.0,0.0,1,2,0.3333333333333333,15,32,27,1.0,1,0,0,0,0.0,0,0,0,2,0.7777777777777778,0.19444444444444445,0
grammar-sat-42,grammar,epoch_days,run_1,0.6023368937894702,sat,1,3.3211984913796186,sat,5.513855328510641,exact,9,0,0,0.0,0.0,0.0,0.0,16,13,13,0,0.8461538461538461,7,3,1,0.0,0.0,1,2,0.3333333333333333,15,32,27,1.0,1,0,0,0,0.0,0,0,0,2,0.7777777777777778,0.19444444444444445,0
grammar-sat-42,grammar,hybrid_ymd,run_1,0.4989903820678592,sat,1,3.3211984913796186,sat,6.655836686904236,exact,9,0,0,0.0,0.0,0.0,0.0,16,13,13,0,0.8461538461538461,7,3,1,0.0,0.0,1,2,0.3333333333333333,15,32,27,1.0,1,0,0,0,0.0,0,0,0,2,0.7777777777777778,0.19444444444444445,0
grammar-sat-42,grammar,simple,run_1,3.3211984913796186,sat,1,3.3211984913796186,sat,1.0,exact,9,0,0,0.0,0.0,0.0,0.0,16,13,13,0,0.8461538461538461,7,3,1,0.0,0.0,1,2,0.3333333333333333,15,32,27,1.0,1,0,0,0,0.0,0,0,0,2,0.7777777777777778,0.19444444444444445,0
grammar-sat-43,grammar,alpha_beta,run_1,60.003855287097394,timeout,0,4.9997553918510675,sat,0.08332390257140966,upper,7,0,0,0.0,0.0,0.0,0.0,14,9,9,0,0.5555555555555556,4,4,1,0.0,0.0,3,3,0.0,18,18,16,1.0,1,0,0,0,0.0,0,0,0,3,0.7142857142857143,0.19047619047619047,0
grammar-sat-43,grammar,epoch_days,run_1,5.542324911803007,sat,1,4.9997553918510675,sat,0.9021043463553577,exact,7,0,0,0.0,0.0,0.0,0.0,14,9,9,0,0.5555555555555556,4,4,1,0.0,0.0,3,3,0.0,18,18,16,1.0,1,0,0,0,0.0,0,0,0,3,0.7142857142857143,0.19047619047619047,0
grammar-sat-43,grammar,hybrid_ymd,run_1,22.062715134583414,sat,1,4.9997553918510675,sat,0.22661559836821382,exact,7,0,0,0.0,0.0,0.0,0.0,14,9,9,0,0.5555555555555556,4,4,1,0.0,0.0,3,3,0.0,18,18,16,1.0,1,0,0,0,0.0,0,0,0,3,0.7142857142857143,0.19047619047619047,0
grammar-sat-43,grammar,simple,run_1,4.9997553918510675,sat,1,4.9997553918510675,sat,1.0,exact,7,0,0,0.0,0.0,0.0,0.0,14,9,9,0,0.5555555555555556,4,4,1,0.0,0.0,3,3,0.0,18,18,16,1.0,1,0,0,0,0.0,0,0,0,3,0.7142857142857143,0.19047619047619047,0
grammar-sat-44,grammar,alpha_beta,run_1,60.00385067332536,timeout,0,5.645005280151963,sat,0.09407738364800383,upper,9,0,0,0.0,0.0,0.0,0.0,20,8,8,0,0.625,1,2,1,0.0,0.0,6,4,0.42857142857142855,186,17,18,1.0,4,0,0,0,0.0,0,0,0,5,0.3333333333333333,0.1111111111111111,0
grammar-sat-44,grammar,epoch_days,run_1,34.95584444794804,sat,1,5.645005280151963,sat,0.16148959835765986,exact,9,0,0,0.0,0.0,0.0,0.0,20,8,8,0,0.625,1,2,1,0.0,0.0,6,4,0.42857142857142855,186,17,18,1.0,4,0,0,0,0.0,0,0,0,5,0.3333333333333333,0.1111111111111111,0
grammar-sat-44,grammar,hybrid_ymd,run_1,60.00428996607661,timeout,0,5.645005280151963,sat,0.09407669490537032,upper,9,0,0,0.0,0.0,0.0,0.0,20,8,8,0,0.625,1,2,1,0.0,0.0,6,4,0.42857142857142855,186,17,18,1.0,4,0,0,0,0.0,0,0,0,5,0.3333333333333333,0.1111111111111111,0
grammar-sat-44,grammar,simple,run_1,5.645005280151963,sat,1,5.645005280151963,sat,1.0,exact,9,0,0,0.0,0.0,0.0,0.0,20,8,8,0,0.625,1,2,1,0.0,0.0,6,4,0.42857142857142855,186,17,18,1.0,4,0,0,0,0.0,0,0,0,5,0.3333333333333333,0.1111111111111111,0
grammar-sat-45,grammar,alpha_beta,run_1,60.014904191717505,timeout,0,3.644192647188902,sat,0.06072146071495065,upper,9,0,0,0.0,0.0,0.0,0.0,16,8,8,0,0.625,3,4,1,0.0,0.0,4,4,0.2,7,7,9,1.0,2,0,0,0,0.0,0,0,0,4,0.3333333333333333,0.1388888888888889,0
grammar-sat-45,grammar,epoch_days,run_1,60.00332611147314,timeout,0,3.644192647188902,sat,0.06073317736451449,upper,9,0,0,0.0,0.0,0.0,0.0,16,8,8,0,0.625,3,4,1,0.0,0.0,4,4,0.2,7,7,9,1.0,2,0,0,0,0.0,0,0,0,4,0.3333333333333333,0.1388888888888889,0
grammar-sat-45,grammar,hybrid_ymd,run_1,60.00431090127677,timeout,0,3.644192647188902,sat,0.060732180612565974,upper,9,0,0,0.0,0.0,0.0,0.0,16,8,8,0,0.625,3,4,1,0.0,0.0,4,4,0.2,7,7,9,1.0,2,0,0,0,0.0,0,0,0,4,0.3333333333333333,0.1388888888888889,0
grammar-sat-45,grammar,simple,run_1,3.644192647188902,sat,1,3.644192647188902,sat,1.0,exact,9,0,0,0.0,0.0,0.0,0.0,16,8,8,0,0.625,3,4,1,0.0,0.0,4,4,0.2,7,7,9,1.0,2,0,0,0,0.0,0,0,0,4,0.3333333333333333,0.1388888888888889,0
grammar-sat-46,grammar,alpha_beta,run_1,60.003530418500304,timeout,0,0.7793842647224665,sat,0.012988973470170457,upper,7,0,0,0.0,0.0,0.0,0.0,17,9,9,0,0.6666666666666666,4,2,1,0.0,0.0,1,3,0.5,112,168,84,1.0,2,0,0,0,0.0,0,0,1,3,0.42857142857142855,0.19047619047619047,0
grammar-sat-46,grammar,epoch_days,run_1,7.234007519669831,sat,1,0.7793842647224665,sat,0.1077389348301422,exact,7,0,0,0.0,0.0,0.0,0.0,17,9,9,0,0.6666666666666666,4,2,1,0.0,0.0,1,3,0.5,112,168,84,1.0,2,0,0,0,0.0,0,0,1,3,0.42857142857142855,0.19047619047619047,0
grammar-sat-46,grammar,hybrid_ymd,run_1,60.003789234906435,timeout,0,0.7793842647224665,sat,0.012988917444384823,upper,7,0,0,0.0,0.0,0.0,0.0,17,9,9,0,0.6666666666666666,4,2,1,0.0,0.0,1,3,0.5,112,168,84,1.0,2,0,0,0,0.0,0,0,1,3,0.42857142857142855,0.19047619047619047,0
grammar-sat-46,grammar,simple,run_1,0.7793842647224665,sat,1,0.7793842647224665,sat,1.0,exact,7,0,0,0.0,0.0,0.0,0.0,17,9,9,0,0.6666666666666666,4,2,1,0.0,0.0,1,3,0.5,112,168,84,1.0,2,0,0,0,0.0,0,0,1,3,0.42857142857142855,0.19047619047619047,0
grammar-sat-47,grammar,alpha_beta,run_1,4.353120149113238,sat,1,1.7389661334455013,sat,0.39947579526371246,exact,7,0,0,0.0,0.0,0.0,0.0,15,12,12,0,0.5,4,2,1,0.0,0.0,4,2,0.3333333333333333,10,8,8,1.0,1,0,0,0,0.0,0,0,1,3,0.7142857142857143,0.19047619047619047,0
grammar-sat-47,grammar,epoch_days,run_1,0.27887925412505865,sat,1,1.7389661334455013,sat,6.235552152852831,exact,7,0,0,0.0,0.0,0.0,0.0,15,12,12,0,0.5,4,2,1,0.0,0.0,4,2,0.3333333333333333,10,8,8,1.0,1,0,0,0,0.0,0,0,1,3,0.7142857142857143,0.19047619047619047,0
grammar-sat-47,grammar,hybrid_ymd,run_1,0.822072172537446,sat,1,1.7389661334455013,sat,2.115344846277825,exact,7,0,0,0.0,0.0,0.0,0.0,15,12,12,0,0.5,4,2,1,0.0,0.0,4,2,0.3333333333333333,10,8,8,1.0,1,0,0,0,0.0,0,0,1,3,0.7142857142857143,0.19047619047619047,0
grammar-sat-47,grammar,simple,run_1,1.7389661334455013,sat,1,1.7389661334455013,sat,1.0,exact,7,0,0,0.0,0.0,0.0,0.0,15,12,12,0,0.5,4,2,1,0.0,0.0,4,2,0.3333333333333333,10,8,8,1.0,1,0,0,0,0.0,0,0,1,3,0.7142857142857143,0.19047619047619047,0
grammar-sat-48,grammar,alpha_beta,run_1,60.00323250796646,timeout,0,8.684279474429786,sat,0.14473019388208458,upper,7,0,0,0.0,0.0,0.0,0.0,16,6,6,0,0.8333333333333334,1,2,1,0.0,0.0,4,4,0.3333333333333333,9,14,13,0.75,3,0,0,0,0.0,0,0,1,4,0.42857142857142855,0.14285714285714285,0
grammar-sat-48,grammar,epoch_days,run_1,60.003220938146114,timeout,0,8.684279474429786,sat,0.14473022178895883,upper,7,0,0,0.0,0.0,0.0,0.0,16,6,6,0,0.8333333333333334,1,2,1,0.0,0.0,4,4,0.3333333333333333,9,14,13,0.75,3,0,0,0,0.0,0,0,1,4,0.42857142857142855,0.14285714285714285,0
grammar-sat-48,grammar,hybrid_ymd,run_1,60.0043391790241,timeout,0,8.684279474429786,sat,0.1447275245965141,upper,7,0,0,0.0,0.0,0.0,0.0,16,6,6,0,0.8333333333333334,1,2,1,0.0,0.0,4,4,0.3333333333333333,9,14,13,0.75,3,0,0,0,0.0,0,0,1,4,0.42857142857142855,0.14285714285714285,0
grammar-sat-48,grammar,simple,run_1,8.684279474429786,sat,1,8.684279474429786,sat,1.0,exact,7,0,0,0.0,0.0,0.0,0.0,16,6,6,0,0.8333333333333334,1,2,1,0.0,0.0,4,4,0.3333333333333333,9,14,13,0.75,3,0,0,0,0.0,0,0,1,4,0.42857142857142855,0.14285714285714285,0
grammar-sat-49,grammar,alpha_beta,run_1,60.02274409774691,timeout,0,3.839227430522442,sat,0.06396287754305716,upper,8,0,0,0.1111111111111111,0.1111111111111111,0.0,0.0,26,13,13,0,0.6153846153846154,5,4,1,0.0,0.0,5,7,0.36363636363636365,94,68,52,1.0,3,0,0,0,0.0,0,0,1,2,0.8888888888888888,0.19444444444444445,0
grammar-sat-49,grammar,epoch_days,run_1,2.686797992326319,sat,1,3.839227430522442,sat,1.4289229936480303,exact,8,0,0,0.1111111111111111,0.1111111111111111,0.0,0.0,26,13,13,0,0.6153846153846154,5,4,1,0.0,0.0,5,7,0.36363636363636365,94,68,52,1.0,3,0,0,0,0.0,0,0,1,2,0.8888888888888888,0.19444444444444445,0
grammar-sat-49,grammar,hybrid_ymd,run_1,60.00443031452596,timeout,0,3.839227430522442,sat,0.06398239947281086,upper,8,0,0,0.1111111111111111,0.1111111111111111,0.0,0.0,26,13,13,0,0.6153846153846154,5,4,1,0.0,0.0,5,7,0.36363636363636365,94,68,52,1.0,3,0,0,0,0.0,0,0,1,2,0.8888888888888888,0.19444444444444445,0
grammar-sat-49,grammar,simple,run_1,3.839227430522442,sat,1,3.839227430522442,sat,1.0,exact,8,0,0,0.1111111111111111,0.1111111111111111,0.0,0.0,26,13,13,0,0.6153846153846154,5,4,1,0.0,0.0,5,7,0.36363636363636365,94,68,52,1.0,3,0,0,0,0.0,0,0,1,2,0.8888888888888888,0.19444444444444445,0
grammar-sat-5,grammar,alpha_beta,run_1,60.00963229127228,timeout,0,13.877615781500936,sat,0.23125647086358295,upper,9,0,0,0.0,0.0,0.0,0.0,29,14,14,0,0.7857142857142857,7,4,1,0.0,0.0,3,8,0.38461538461538464,9,18,9,0.5,2,0,0,0,0.0,0,0,1,3,0.7777777777777778,0.19444444444444445,0
grammar-sat-5,grammar,epoch_days,run_1,60.00379315391183,timeout,0,13.877615781500936,sat,0.23127897507919817,upper,9,0,0,0.0,0.0,0.0,0.0,29,14,14,0,0.7857142857142857,7,4,1,0.0,0.0,3,8,0.38461538461538464,9,18,9,0.5,2,0,0,0,0.0,0,0,1,3,0.7777777777777778,0.19444444444444445,0
grammar-sat-5,grammar,hybrid_ymd,run_1,60.00450886320323,timeout,0,13.877615781500936,sat,0.23127621647797794,upper,9,0,0,0.0,0.0,0.0,0.0,29,14,14,0,0.7857142857142857,7,4,1,0.0,0.0,3,8,0.38461538461538464,9,18,9,0.5,2,0,0,0,0.0,0,0,1,3,0.7777777777777778,0.19444444444444445,0
grammar-sat-5,grammar,simple,run_1,13.877615781500936,sat,1,13.877615781500936,sat,1.0,exact,9,0,0,0.0,0.0,0.0,0.0,29,14,14,0,0.7857142857142857,7,4,1,0.0,0.0,3,8,0.38461538461538464,9,18,9,0.5,2,0,0,0,0.0,0,0,1,3,0.7777777777777778,0.19444444444444445,0
grammar-sat-50,grammar,alpha_beta,run_1,60.00358303822577,timeout,0,7.2887548711150885,sat,0.1214719938719614,upper,6,0,0,0.14285714285714285,0.14285714285714285,0.0,0.0,18,8,8,0,0.375,1,2,1,0.0,0.0,6,4,0.3333333333333333,63,15,16,0.75,4,0,0,0,0.0,0,0,1,4,0.42857142857142855,0.14285714285714285,0
grammar-sat-50,grammar,epoch_days,run_1,60.00787306763232,timeout,0,7.2887548711150885,sat,0.12146330970438235,upper,6,0,0,0.14285714285714285,0.14285714285714285,0.0,0.0,18,8,8,0,0.375,1,2,1,0.0,0.0,6,4,0.3333333333333333,63,15,16,0.75,4,0,0,0,0.0,0,0,1,4,0.42857142857142855,0.14285714285714285,0
grammar-sat-50,grammar,hybrid_ymd,run_1,60.003529344685376,timeout,0,7.2887548711150885,sat,0.12147210256992437,upper,6,0,0,0.14285714285714285,0.14285714285714285,0.0,0.0,18,8,8,0,0.375,1,2,1,0.0,0.0,6,4,0.3333333333333333,63,15,16,0.75,4,0,0,0,0.0,0,0,1,4,0.42857142857142855,0.14285714285714285,0
grammar-sat-50,grammar,simple,run_1,7.2887548711150885,sat,1,7.2887548711150885,sat,1.0,exact,6,0,0,0.14285714285714285,0.14285714285714285,0.0,0.0,18,8,8,0,0.375,1,2,1,0.0,0.0,6,4,0.3333333333333333,63,15,16,0.75,4,0,0,0,0.0,0,0,1,4,0.42857142857142855,0.14285714285714285,0
grammar-sat-6,grammar,alpha_beta,run_1,60.00386228971183,timeout,0,15.98335515614599,sat,0.26637210583170196,upper,6,0,0,0.0,0.0,0.0,0.0,18,8,8,0,0.625,3,3,1,0.0,0.0,3,5,0.375,10,17,19,1.0,3,0,0,0,0.0,0,0,1,3,0.6666666666666666,0.26666666666666666,0
grammar-sat-6,grammar,epoch_days,run_1,60.003208921290934,timeout,0,15.98335515614599,sat,0.2663750063286135,upper,6,0,0,0.0,0.0,0.0,0.0,18,8,8,0,0.625,3,3,1,0.0,0.0,3,5,0.375,10,17,19,1.0,3,0,0,0,0.0,0,0,1,3,0.6666666666666666,0.26666666666666666,0
grammar-sat-6,grammar,hybrid_ymd,run_1,60.004371935501695,timeout,0,15.98335515614599,sat,0.2663698434061837,upper,6,0,0,0.0,0.0,0.0,0.0,18,8,8,0,0.625,3,3,1,0.0,0.0,3,5,0.375,10,17,19,1.0,3,0,0,0,0.0,0,0,1,3,0.6666666666666666,0.26666666666666666,0
grammar-sat-6,grammar,simple,run_1,15.98335515614599,sat,1,15.98335515614599,sat,1.0,exact,6,0,0,0.0,0.0,0.0,0.0,18,8,8,0,0.625,3,3,1,0.0,0.0,3,5,0.375,10,17,19,1.0,3,0,0,0,0.0,0,0,1,3,0.6666666666666666,0.26666666666666666,0
grammar-sat-7,grammar,alpha_beta,run_1,60.0042153801769,timeout,0,8.439983895979822,sat,0.14065651625482414,upper,9,0,0,0.0,0.0,0.0,0.0,18,13,13,0,0.7692307692307693,8,3,1,0.0,0.0,0,6,0.14285714285714285,9,7,9,0.8333333333333334,2,0,0,0,0.0,0,0,1,2,0.8888888888888888,0.2777777777777778,0
grammar-sat-7,grammar,epoch_days,run_1,60.00399325694889,timeout,0,8.439983895979822,sat,0.14065703693816098,upper,9,0,0,0.0,0.0,0.0,0.0,18,13,13,0,0.7692307692307693,8,3,1,0.0,0.0,0,6,0.14285714285714285,9,7,9,0.8333333333333334,2,0,0,0,0.0,0,0,1,2,0.8888888888888888,0.2777777777777778,0
grammar-sat-7,grammar,hybrid_ymd,run_1,60.00493730697781,timeout,0,8.439983895979822,sat,0.14065482399893048,upper,9,0,0,0.0,0.0,0.0,0.0,18,13,13,0,0.7692307692307693,8,3,1,0.0,0.0,0,6,0.14285714285714285,9,7,9,0.8333333333333334,2,0,0,0,0.0,0,0,1,2,0.8888888888888888,0.2777777777777778,0
grammar-sat-7,grammar,simple,run_1,8.439983895979822,sat,1,8.439983895979822,sat,1.0,exact,9,0,0,0.0,0.0,0.0,0.0,18,13,13,0,0.7692307692307693,8,3,1,0.0,0.0,0,6,0.14285714285714285,9,7,9,0.8333333333333334,2,0,0,0,0.0,0,0,1,2,0.8888888888888888,0.2777777777777778,0
grammar-sat-8,grammar,alpha_beta,run_1,60.00317281950265,timeout,0,3.230366362258792,sat,0.05383659247447054,upper,9,0,0,0.0,0.0,0.0,0.0,23,12,12,0,0.9166666666666666,5,3,1,0.0,0.0,4,3,0.5714285714285714,20,24,24,1.0,1,0,0,0,0.0,0,0,0,4,0.3333333333333333,0.1388888888888889,0
grammar-sat-8,grammar,epoch_days,run_1,1.131961309351027,sat,1,3.230366362258792,sat,2.8537780713643093,exact,9,0,0,0.0,0.0,0.0,0.0,23,12,12,0,0.9166666666666666,5,3,1,0.0,0.0,4,3,0.5714285714285714,20,24,24,1.0,1,0,0,0,0.0,0,0,0,4,0.3333333333333333,0.1388888888888889,0
grammar-sat-8,grammar,hybrid_ymd,run_1,60.004496509209275,timeout,0,3.230366362258792,sat,0.05383540484775182,upper,9,0,0,0.0,0.0,0.0,0.0,23,12,12,0,0.9166666666666666,5,3,1,0.0,0.0,4,3,0.5714285714285714,20,24,24,1.0,1,0,0,0,0.0,0,0,0,4,0.3333333333333333,0.1388888888888889,0
grammar-sat-8,grammar,simple,run_1,3.230366362258792,sat,1,3.230366362258792,sat,1.0,exact,9,0,0,0.0,0.0,0.0,0.0,23,12,12,0,0.9166666666666666,5,3,1,0.0,0.0,4,3,0.5714285714285714,20,24,24,1.0,1,0,0,0,0.0,0,0,0,4,0.3333333333333333,0.1388888888888889,0
grammar-sat-9,grammar,alpha_beta,run_1,60.00559174269438,timeout,0,5.138213355094194,sat,0.08562890900446402,upper,8,0,0,0.0,0.0,0.0,0.0,23,10,10,0,0.6,5,5,1,0.0,0.0,3,8,0.2,36,81,54,0.875,3,0,0,0,0.0,0,0,1,3,0.75,0.17857142857142858,0
grammar-sat-9,grammar,epoch_days,run_1,60.00461853388697,timeout,0,5.138213355094194,sat,0.08563029781103339,upper,8,0,0,0.0,0.0,0.0,0.0,23,10,10,0,0.6,5,5,1,0.0,0.0,3,8,0.2,36,81,54,0.875,3,0,0,0,0.0,0,0,1,3,0.75,0.17857142857142858,0
grammar-sat-9,grammar,hybrid_ymd,run_1,60.005349460057914,timeout,0,5.138213355094194,sat,0.08562925474693561,upper,8,0,0,0.0,0.0,0.0,0.0,23,10,10,0,0.6,5,5,1,0.0,0.0,3,8,0.2,36,81,54,0.875,3,0,0,0,0.0,0,0,1,3,0.75,0.17857142857142858,0
grammar-sat-9,grammar,simple,run_1,5.138213355094194,sat,1,5.138213355094194,sat,1.0,exact,8,0,0,0.0,0.0,0.0,0.0,23,10,10,0,0.6,5,5,1,0.0,0.0,3,8,0.2,36,81,54,0.875,3,0,0,0,0.0,0,0,1,3,0.75,0.17857142857142858,0
grammar-timeout-1,grammar,alpha_beta,run_1,60.005567830987275,timeout,0,60.1850561061874,timeout,,,9,0,0,0.0,0.0,0.0,0.0,23,10,10,0,0.5,5,4,1,0.0,0.0,2,10,0.09090909090909091,163,1504,1506,0.7,3,0,0,0,0.0,0,0,1,2,0.6666666666666666,0.19444444444444445,0
grammar-timeout-1,grammar,epoch_days,run_1,60.004074135795236,timeout,0,60.1850561061874,timeout,,,9,0,0,0.0,0.0,0.0,0.0,23,10,10,0,0.5,5,4,1,0.0,0.0,2,10,0.09090909090909091,163,1504,1506,0.7,3,0,0,0,0.0,0,0,1,2,0.6666666666666666,0.19444444444444445,0
grammar-timeout-1,grammar,hybrid_ymd,run_1,60.009457419626415,timeout,0,60.1850561061874,timeout,,,9,0,0,0.0,0.0,0.0,0.0,23,10,10,0,0.5,5,4,1,0.0,0.0,2,10,0.09090909090909091,163,1504,1506,0.7,3,0,0,0,0.0,0,0,1,2,0.6666666666666666,0.19444444444444445,0
grammar-timeout-1,grammar,simple,run_1,60.1850561061874,timeout,0,60.1850561061874,timeout,,,9,0,0,0.0,0.0,0.0,0.0,23,10,10,0,0.5,5,4,1,0.0,0.0,2,10,0.09090909090909091,163,1504,1506,0.7,3,0,0,0,0.0,0,0,1,2,0.6666666666666666,0.19444444444444445,0
grammar-timeout-10,grammar,alpha_beta,run_1,60.00395618285984,timeout,0,60.13942350167781,timeout,,,4,0,0,0.2,0.2,0.0,0.0,13,6,6,0,0.6666666666666666,1,2,1,0.0,0.0,4,7,0.0,120,168,672,0.8571428571428571,4,0,0,0,0.0,0,0,0,1,1.0,0.4,0
grammar-timeout-10,grammar,epoch_days,run_1,60.008154458366334,timeout,0,60.13942350167781,timeout,,,4,0,0,0.2,0.2,0.0,0.0,13,6,6,0,0.6666666666666666,1,2,1,0.0,0.0,4,7,0.0,120,168,672,0.8571428571428571,4,0,0,0,0.0,0,0,0,1,1.0,0.4,0
grammar-timeout-10,grammar,hybrid_ymd,run_1,60.00426478777081,timeout,0,60.13942350167781,timeout,,,4,0,0,0.2,0.2,0.0,0.0,13,6,6,0,0.6666666666666666,1,2,1,0.0,0.0,4,7,0.0,120,168,672,0.8571428571428571,4,0,0,0,0.0,0,0,0,1,1.0,0.4,0
grammar-timeout-10,grammar,simple,run_1,60.13942350167781,timeout,0,60.13942350167781,timeout,,,4,0,0,0.2,0.2,0.0,0.0,13,6,6,0,0.6666666666666666,1,2,1,0.0,0.0,4,7,0.0,120,168,672,0.8571428571428571,4,0,0,0,0.0,0,0,0,1,1.0,0.4,0
grammar-timeout-11,grammar,alpha_beta,run_1,60.00637473538518,timeout,0,60.12690179888159,timeout,,,4,0,0,0.2,0.2,0.0,0.0,13,6,6,0,0.6666666666666666,1,2,1,0.0,0.0,4,7,0.0,120,168,672,0.8571428571428571,4,0,0,0,0.0,0,0,0,1,1.0,0.4,0
grammar-timeout-11,grammar,epoch_days,run_1,60.00374158192426,timeout,0,60.12690179888159,timeout,,,4,0,0,0.2,0.2,0.0,0.0,13,6,6,0,0.6666666666666666,1,2,1,0.0,0.0,4,7,0.0,120,168,672,0.8571428571428571,4,0,0,0,0.0,0,0,0,1,1.0,0.4,0
grammar-timeout-11,grammar,hybrid_ymd,run_1,60.004028206691146,timeout,0,60.12690179888159,timeout,,,4,0,0,0.2,0.2,0.0,0.0,13,6,6,0,0.6666666666666666,1,2,1,0.0,0.0,4,7,0.0,120,168,672,0.8571428571428571,4,0,0,0,0.0,0,0,0,1,1.0,0.4,0
grammar-timeout-11,grammar,simple,run_1,60.12690179888159,timeout,0,60.12690179888159,timeout,,,4,0,0,0.2,0.2,0.0,0.0,13,6,6,0,0.6666666666666666,1,2,1,0.0,0.0,4,7,0.0,120,168,672,0.8571428571428571,4,0,0,0,0.0,0,0,0,1,1.0,0.4,0
grammar-timeout-12,grammar,alpha_beta,run_1,60.01096314750612,timeout,0,60.063374757766724,timeout,,,6,0,0,0.14285714285714285,0.14285714285714285,0.0,0.0,23,8,8,0,0.75,3,3,1,0.0,0.0,3,12,0.07692307692307693,129,1162,441,0.9166666666666666,9,0,0,0,0.0,0,0,1,3,0.7142857142857143,0.23809523809523808,0
grammar-timeout-12,grammar,epoch_days,run_1,60.004912490956485,timeout,0,60.063374757766724,timeout,,,6,0,0,0.14285714285714285,0.14285714285714285,0.0,0.0,23,8,8,0,0.75,3,3,1,0.0,0.0,3,12,0.07692307692307693,129,1162,441,0.9166666666666666,9,0,0,0,0.0,0,0,1,3,0.7142857142857143,0.23809523809523808,0
grammar-timeout-12,grammar,hybrid_ymd,run_1,60.005935311317444,timeout,0,60.063374757766724,timeout,,,6,0,0,0.14285714285714285,0.14285714285714285,0.0,0.0,23,8,8,0,0.75,3,3,1,0.0,0.0,3,12,0.07692307692307693,129,1162,441,0.9166666666666666,9,0,0,0,0.0,0,0,1,3,0.7142857142857143,0.23809523809523808,0
grammar-timeout-12,grammar,simple,run_1,60.063374757766724,timeout,0,60.063374757766724,timeout,,,6,0,0,0.14285714285714285,0.14285714285714285,0.0,0.0,23,8,8,0,0.75,3,3,1,0.0,0.0,3,12,0.07692307692307693,129,1162,441,0.9166666666666666,9,0,0,0,0.0,0,0,1,3,0.7142857142857143,0.23809523809523808,0
grammar-timeout-13,grammar,alpha_beta,run_1,3.1605957094579935,unsat,1,60.05408201087266,timeout,19.000874370348132,lower,6,0,0,0.0,0.0,0.0,0.0,10,8,8,0,0.75,2,3,1,0.0,0.0,5,2,0.0,29,437,903,1.0,1,0,0,0,0.0,0,0,1,2,0.6666666666666666,0.26666666666666666,0
grammar-timeout-13,grammar,epoch_days,run_1,0.011328096501529217,unsat,1,60.05408201087266,timeout,5301.339196992695,lower,6,0,0,0.0,0.0,0.0,0.0,10,8,8,0,0.75,2,3,1,0.0,0.0,5,2,0.0,29,437,903,1.0,1,0,0,0,0.0,0,0,1,2,0.6666666666666666,0.26666666666666666,0
grammar-timeout-13,grammar,hybrid_ymd,run_1,0.016941223293542862,unsat,1,60.05408201087266,timeout,3544.8492101371594,lower,6,0,0,0.0,0.0,0.0,0.0,10,8,8,0,0.75,2,3,1,0.0,0.0,5,2,0.0,29,437,903,1.0,1,0,0,0,0.0,0,0,1,2,0.6666666666666666,0.26666666666666666,0
grammar-timeout-13,grammar,simple,run_1,60.05408201087266,timeout,0,60.05408201087266,timeout,,,6,0,0,0.0,0.0,0.0,0.0,10,8,8,0,0.75,2,3,1,0.0,0.0,5,2,0.0,29,437,903,1.0,1,0,0,0,0.0,0,0,1,2,0.6666666666666666,0.26666666666666666,0
grammar-timeout-14,grammar,alpha_beta,run_1,60.00447820313275,timeout,0,60.08831254392862,timeout,,,9,0,0,0.0,0.0,0.0,0.0,21,9,9,0,0.5555555555555556,1,2,1,0.0,0.0,7,6,0.14285714285714285,160,544,512,1.0,4,0,0,0,0.0,0,0,1,5,0.3333333333333333,0.1111111111111111,0
grammar-timeout-14,grammar,epoch_days,run_1,60.00376256741583,timeout,0,60.08831254392862,timeout,,,9,0,0,0.0,0.0,0.0,0.0,21,9,9,0,0.5555555555555556,1,2,1,0.0,0.0,7,6,0.14285714285714285,160,544,512,1.0,4,0,0,0,0.0,0,0,1,5,0.3333333333333333,0.1111111111111111,0
grammar-timeout-14,grammar,hybrid_ymd,run_1,60.0048737032339,timeout,0,60.08831254392862,timeout,,,9,0,0,0.0,0.0,0.0,0.0,21,9,9,0,0.5555555555555556,1,2,1,0.0,0.0,7,6,0.14285714285714285,160,544,512,1.0,4,0,0,0,0.0,0,0,1,5,0.3333333333333333,0.1111111111111111,0
grammar-timeout-14,grammar,simple,run_1,60.08831254392862,timeout,0,60.08831254392862,timeout,,,9,0,0,0.0,0.0,0.0,0.0,21,9,9,0,0.5555555555555556,1,2,1,0.0,0.0,7,6,0.14285714285714285,160,544,512,1.0,4,0,0,0,0.0,0,0,1,5,0.3333333333333333,0.1111111111111111,0
grammar-timeout-15,grammar,alpha_beta,run_1,60.006717301905155,timeout,0,60.05646625161171,timeout,,,9,0,0,0.0,0.0,0.0,0.0,28,16,16,0,0.625,11,9,1,0.0,0.0,2,14,0.06666666666666667,40,51,488,0.9285714285714286,5,0,0,0,0.0,0,0,0,2,0.8888888888888888,0.25,0
grammar-timeout-15,grammar,epoch_days,run_1,60.004058511927724,timeout,0,60.05646625161171,timeout,,,9,0,0,0.0,0.0,0.0,0.0,28,16,16,0,0.625,11,9,1,0.0,0.0,2,14,0.06666666666666667,40,51,488,0.9285714285714286,5,0,0,0,0.0,0,0,0,2,0.8888888888888888,0.25,0
grammar-timeout-15,grammar,hybrid_ymd,run_1,60.01417253911495,timeout,0,60.05646625161171,timeout,,,9,0,0,0.0,0.0,0.0,0.0,28,16,16,0,0.625,11,9,1,0.0,0.0,2,14,0.06666666666666667,40,51,488,0.9285714285714286,5,0,0,0,0.0,0,0,0,2,0.8888888888888888,0.25,0
grammar-timeout-15,grammar,simple,run_1,60.05646625161171,timeout,0,60.05646625161171,timeout,,,9,0,0,0.0,0.0,0.0,0.0,28,16,16,0,0.625,11,9,1,0.0,0.0,2,14,0.06666666666666667,40,51,488,0.9285714285714286,5,0,0,0,0.0,0,0,0,2,0.8888888888888888,0.25,0
grammar-timeout-16,grammar,alpha_beta,run_1,60.00784987676889,timeout,0,60.13393594045192,timeout,,,10,0,0,0.0,0.0,0.0,0.0,32,19,19,0,0.631578947368421,9,5,1,0.0,0.0,6,17,0.0,60,215,475,0.8823529411764706,6,0,0,0,0.0,0,0,1,1,1.0,0.24444444444444444,0
grammar-timeout-16,grammar,epoch_days,run_1,60.008133076131344,timeout,0,60.13393594045192,timeout,,,10,0,0,0.0,0.0,0.0,0.0,32,19,19,0,0.631578947368421,9,5,1,0.0,0.0,6,17,0.0,60,215,475,0.8823529411764706,6,0,0,0,0.0,0,0,1,1,1.0,0.24444444444444444,0
grammar-timeout-16,grammar,hybrid_ymd,run_1,60.03136256802827,timeout,0,60.13393594045192,timeout,,,10,0,0,0.0,0.0,0.0,0.0,32,19,19,0,0.631578947368421,9,5,1,0.0,0.0,6,17,0.0,60,215,475,0.8823529411764706,6,0,0,0,0.0,0,0,1,1,1.0,0.24444444444444444,0
grammar-timeout-16,grammar,simple,run_1,60.13393594045192,timeout,0,60.13393594045192,timeout,,,10,0,0,0.0,0.0,0.0,0.0,32,19,19,0,0.631578947368421,9,5,1,0.0,0.0,6,17,0.0,60,215,475,0.8823529411764706,6,0,0,0,0.0,0,0,1,1,1.0,0.24444444444444444,0
grammar-timeout-17,grammar,alpha_beta,run_1,60.00607036892325,timeout,0,60.04661538358778,timeout,,,9,0,0,0.0,0.0,0.0,0.0,27,15,15,0,0.6666666666666666,8,5,1,0.0,0.0,3,12,0.07692307692307693,141,162,408,0.8333333333333334,5,0,0,0,0.0,0,0,1,2,0.8888888888888888,0.2222222222222222,0
grammar-timeout-17,grammar,epoch_days,run_1,60.11656465660781,timeout,0,60.04661538358778,timeout,,,9,0,0,0.0,0.0,0.0,0.0,27,15,15,0,0.6666666666666666,8,5,1,0.0,0.0,3,12,0.07692307692307693,141,162,408,0.8333333333333334,5,0,0,0,0.0,0,0,1,2,0.8888888888888888,0.2222222222222222,0
grammar-timeout-17,grammar,hybrid_ymd,run_1,60.005819633603096,timeout,0,60.04661538358778,timeout,,,9,0,0,0.0,0.0,0.0,0.0,27,15,15,0,0.6666666666666666,8,5,1,0.0,0.0,3,12,0.07692307692307693,141,162,408,0.8333333333333334,5,0,0,0,0.0,0,0,1,2,0.8888888888888888,0.2222222222222222,0
grammar-timeout-17,grammar,simple,run_1,60.04661538358778,timeout,0,60.04661538358778,timeout,,,9,0,0,0.0,0.0,0.0,0.0,27,15,15,0,0.6666666666666666,8,5,1,0.0,0.0,3,12,0.07692307692307693,141,162,408,0.8333333333333334,5,0,0,0,0.0,0,0,1,2,0.8888888888888888,0.2222222222222222,0
grammar-timeout-18,grammar,alpha_beta,run_1,22.8710894966498,sat,1,60.056962637230754,timeout,2.625889888019021,lower,7,0,0,0.0,0.0,0.0,0.0,10,5,5,0,0.4,0,1,0,0.0,0.0,5,2,0.0,168,19,756,1.0,1,0,0,0,0.0,0,0,1,3,0.42857142857142855,0.19047619047619047,0
grammar-timeout-18,grammar,epoch_days,run_1,1.5064033512026072,sat,1,60.056962637230754,timeout,39.867783478631715,lower,7,0,0,0.0,0.0,0.0,0.0,10,5,5,0,0.4,0,1,0,0.0,0.0,5,2,0.0,168,19,756,1.0,1,0,0,0,0.0,0,0,1,3,0.42857142857142855,0.19047619047619047,0
grammar-timeout-18,grammar,hybrid_ymd,run_1,6.333316926844418,sat,1,60.056962637230754,timeout,9.482702876066902,lower,7,0,0,0.0,0.0,0.0,0.0,10,5,5,0,0.4,0,1,0,0.0,0.0,5,2,0.0,168,19,756,1.0,1,0,0,0,0.0,0,0,1,3,0.42857142857142855,0.19047619047619047,0
grammar-timeout-18,grammar,simple,run_1,60.056962637230754,timeout,0,60.056962637230754,timeout,,,7,0,0,0.0,0.0,0.0,0.0,10,5,5,0,0.4,0,1,0,0.0,0.0,5,2,0.0,168,19,756,1.0,1,0,0,0,0.0,0,0,1,3,0.42857142857142855,0.19047619047619047,0
grammar-timeout-19,grammar,alpha_beta,run_1,60.004605535417795,timeout,0,60.08514667395502,timeout,,,8,0,0,0.0,0.0,0.0,0.0,21,10,10,0,0.6,5,3,1,0.0,0.0,2,6,0.3333333333333333,56,588,616,1.0,3,0,0,0,0.0,0,0,1,3,0.75,0.21428571428571427,0
grammar-timeout-19,grammar,epoch_days,run_1,60.003462384454906,timeout,0,60.08514667395502,timeout,,,8,0,0,0.0,0.0,0.0,0.0,21,10,10,0,0.6,5,3,1,0.0,0.0,2,6,0.3333333333333333,56,588,616,1.0,3,0,0,0,0.0,0,0,1,3,0.75,0.21428571428571427,0
grammar-timeout-19,grammar,hybrid_ymd,run_1,60.00517307128757,timeout,0,60.08514667395502,timeout,,,8,0,0,0.0,0.0,0.0,0.0,21,10,10,0,0.6,5,3,1,0.0,0.0,2,6,0.3333333333333333,56,588,616,1.0,3,0,0,0,0.0,0,0,1,3,0.75,0.21428571428571427,0
grammar-timeout-19,grammar,simple,run_1,60.08514667395502,timeout,0,60.08514667395502,timeout,,,8,0,0,0.0,0.0,0.0,0.0,21,10,10,0,0.6,5,3,1,0.0,0.0,2,6,0.3333333333333333,56,588,616,1.0,3,0,0,0,0.0,0,0,1,3,0.75,0.21428571428571427,0
grammar-timeout-2,grammar,alpha_beta,run_1,60.00533025059849,timeout,0,60.18102387525141,timeout,,,9,0,0,0.0,0.0,0.0,0.0,23,10,10,0,0.5,5,4,1,0.0,0.0,2,10,0.09090909090909091,163,1504,1506,0.7,3,0,0,0,0.0,0,0,1,2,0.6666666666666666,0.19444444444444445,0
grammar-timeout-2,grammar,epoch_days,run_1,60.048723516985774,timeout,0,60.18102387525141,timeout,,,9,0,0,0.0,0.0,0.0,0.0,23,10,10,0,0.5,5,4,1,0.0,0.0,2,10,0.09090909090909091,163,1504,1506,0.7,3,0,0,0,0.0,0,0,1,2,0.6666666666666666,0.19444444444444445,0
grammar-timeout-2,grammar,hybrid_ymd,run_1,60.00580910407007,timeout,0,60.18102387525141,timeout,,,9,0,0,0.0,0.0,0.0,0.0,23,10,10,0,0.5,5,4,1,0.0,0.0,2,10,0.09090909090909091,163,1504,1506,0.7,3,0,0,0,0.0,0,0,1,2,0.6666666666666666,0.19444444444444445,0
grammar-timeout-2,grammar,simple,run_1,60.18102387525141,timeout,0,60.18102387525141,timeout,,,9,0,0,0.0,0.0,0.0,0.0,23,10,10,0,0.5,5,4,1,0.0,0.0,2,10,0.09090909090909091,163,1504,1506,0.7,3,0,0,0,0.0,0,0,1,2,0.6666666666666666,0.19444444444444445,0
grammar-timeout-20,grammar,alpha_beta,run_1,60.00446777231991,timeout,0,60.050622873939574,timeout,,,8,0,0,0.0,0.0,0.0,0.0,24,13,13,0,0.8461538461538461,6,3,1,0.0,0.0,4,9,0.18181818181818182,144,168,456,0.8888888888888888,3,0,0,0,0.0,0,0,0,2,0.875,0.25,0
grammar-timeout-20,grammar,epoch_days,run_1,60.00483151618391,timeout,0,60.050622873939574,timeout,,,8,0,0,0.0,0.0,0.0,0.0,24,13,13,0,0.8461538461538461,6,3,1,0.0,0.0,4,9,0.18181818181818182,144,168,456,0.8888888888888888,3,0,0,0,0.0,0,0,0,2,0.875,0.25,0
grammar-timeout-20,grammar,hybrid_ymd,run_1,60.00544102396816,timeout,0,60.050622873939574,timeout,,,8,0,0,0.0,0.0,0.0,0.0,24,13,13,0,0.8461538461538461,6,3,1,0.0,0.0,4,9,0.18181818181818182,144,168,456,0.8888888888888888,3,0,0,0,0.0,0,0,0,2,0.875,0.25,0
grammar-timeout-20,grammar,simple,run_1,60.050622873939574,timeout,0,60.050622873939574,timeout,,,8,0,0,0.0,0.0,0.0,0.0,24,13,13,0,0.8461538461538461,6,3,1,0.0,0.0,4,9,0.18181818181818182,144,168,456,0.8888888888888888,3,0,0,0,0.0,0,0,0,2,0.875,0.25,0
grammar-timeout-21,grammar,alpha_beta,run_1,60.003773629665375,timeout,0,60.06566491629928,timeout,,,8,0,0,0.0,0.0,0.0,0.0,16,8,8,0,0.625,3,3,1,0.0,0.0,3,5,0.16666666666666666,76,622,488,1.0,2,0,0,0,0.0,0,0,1,3,0.75,0.17857142857142858,0
grammar-timeout-21,grammar,epoch_days,run_1,60.00368356704712,timeout,0,60.06566491629928,timeout,,,8,0,0,0.0,0.0,0.0,0.0,16,8,8,0,0.625,3,3,1,0.0,0.0,3,5,0.16666666666666666,76,622,488,1.0,2,0,0,0,0.0,0,0,1,3,0.75,0.17857142857142858,0
grammar-timeout-21,grammar,hybrid_ymd,run_1,60.004541642032564,timeout,0,60.06566491629928,timeout,,,8,0,0,0.0,0.0,0.0,0.0,16,8,8,0,0.625,3,3,1,0.0,0.0,3,5,0.16666666666666666,76,622,488,1.0,2,0,0,0,0.0,0,0,1,3,0.75,0.17857142857142858,0
grammar-timeout-21,grammar,simple,run_1,60.06566491629928,timeout,0,60.06566491629928,timeout,,,8,0,0,0.0,0.0,0.0,0.0,16,8,8,0,0.625,3,3,1,0.0,0.0,3,5,0.16666666666666666,76,622,488,1.0,2,0,0,0,0.0,0,0,1,3,0.75,0.17857142857142858,0
grammar-timeout-22,grammar,alpha_beta,run_1,60.00455822609365,timeout,0,60.044621312990785,timeout,,,6,0,0,0.0,0.0,0.0,0.0,17,7,7,0,0.5714285714285714,2,2,1,0.0,0.0,3,8,0.1111111111111111,145,147,535,0.875,5,0,0,0,0.0,0,0,0,3,0.6666666666666666,0.2,0
grammar-timeout-22,grammar,epoch_days,run_1,60.00573741272092,timeout,0,60.044621312990785,timeout,,,6,0,0,0.0,0.0,0.0,0.0,17,7,7,0,0.5714285714285714,2,2,1,0.0,0.0,3,8,0.1111111111111111,145,147,535,0.875,5,0,0,0,0.0,0,0,0,3,0.6666666666666666,0.2,0
grammar-timeout-22,grammar,hybrid_ymd,run_1,60.00507905241102,timeout,0,60.044621312990785,timeout,,,6,0,0,0.0,0.0,0.0,0.0,17,7,7,0,0.5714285714285714,2,2,1,0.0,0.0,3,8,0.1111111111111111,145,147,535,0.875,5,0,0,0,0.0,0,0,0,3,0.6666666666666666,0.2,0
grammar-timeout-22,grammar,simple,run_1,60.044621312990785,timeout,0,60.044621312990785,timeout,,,6,0,0,0.0,0.0,0.0,0.0,17,7,7,0,0.5714285714285714,2,2,1,0.0,0.0,3,8,0.1111111111111111,145,147,535,0.875,5,0,0,0,0.0,0,0,0,3,0.6666666666666666,0.2,0
grammar-timeout-23,grammar,alpha_beta,run_1,60.005550033412874,timeout,0,60.079785966314375,timeout,,,8,0,0,0.0,0.0,0.0,0.0,22,14,14,0,0.7857142857142857,9,5,1,0.0,0.0,2,10,0.09090909090909091,128,168,500,0.8,5,0,0,0,0.0,0,0,0,1,1.0,0.25,0
grammar-timeout-23,grammar,epoch_days,run_1,32.35018075350672,sat,1,60.079785966314375,timeout,1.857170023997526,lower,8,0,0,0.0,0.0,0.0,0.0,22,14,14,0,0.7857142857142857,9,5,1,0.0,0.0,2,10,0.09090909090909091,128,168,500,0.8,5,0,0,0,0.0,0,0,0,1,1.0,0.25,0
grammar-timeout-23,grammar,hybrid_ymd,run_1,60.005385322496295,timeout,0,60.079785966314375,timeout,,,8,0,0,0.0,0.0,0.0,0.0,22,14,14,0,0.7857142857142857,9,5,1,0.0,0.0,2,10,0.09090909090909091,128,168,500,0.8,5,0,0,0,0.0,0,0,0,1,1.0,0.25,0
grammar-timeout-23,grammar,simple,run_1,60.079785966314375,timeout,0,60.079785966314375,timeout,,,8,0,0,0.0,0.0,0.0,0.0,22,14,14,0,0.7857142857142857,9,5,1,0.0,0.0,2,10,0.09090909090909091,128,168,500,0.8,5,0,0,0,0.0,0,0,0,1,1.0,0.25,0
grammar-timeout-24,grammar,alpha_beta,run_1,60.00339420698583,timeout,0,60.10908970050514,timeout,,,10,0,0,0.0,0.0,0.0,0.0,20,11,11,0,0.7272727272727273,2,2,1,0.0,0.0,7,4,0.0,64,192,512,0.75,2,0,0,0,0.0,0,0,0,5,0.4,0.1111111111111111,0
grammar-timeout-24,grammar,epoch_days,run_1,60.00317639764398,timeout,0,60.10908970050514,timeout,,,10,0,0,0.0,0.0,0.0,0.0,20,11,11,0,0.7272727272727273,2,2,1,0.0,0.0,7,4,0.0,64,192,512,0.75,2,0,0,0,0.0,0,0,0,5,0.4,0.1111111111111111,0
grammar-timeout-24,grammar,hybrid_ymd,run_1,60.00382653530687,timeout,0,60.10908970050514,timeout,,,10,0,0,0.0,0.0,0.0,0.0,20,11,11,0,0.7272727272727273,2,2,1,0.0,0.0,7,4,0.0,64,192,512,0.75,2,0,0,0,0.0,0,0,0,5,0.4,0.1111111111111111,0
grammar-timeout-24,grammar,simple,run_1,60.10908970050514,timeout,0,60.10908970050514,timeout,,,10,0,0,0.0,0.0,0.0,0.0,20,11,11,0,0.7272727272727273,2,2,1,0.0,0.0,7,4,0.0,64,192,512,0.75,2,0,0,0,0.0,0,0,0,5,0.4,0.1111111111111111,0
grammar-timeout-25,grammar,alpha_beta,run_1,60.0064308270812,timeout,0,60.1216583000496,timeout,,,9,0,0,0.0,0.0,0.0,0.0,23,11,11,0,0.6363636363636364,6,3,1,0.0,0.0,1,9,0.18181818181818182,180,166,404,0.8888888888888888,4,0,0,0,0.0,0,0,0,2,0.8888888888888888,0.19444444444444445,0
grammar-timeout-25,grammar,epoch_days,run_1,60.0060614971444,timeout,0,60.1216583000496,timeout,,,9,0,0,0.0,0.0,0.0,0.0,23,11,11,0,0.6363636363636364,6,3,1,0.0,0.0,1,9,0.18181818181818182,180,166,404,0.8888888888888888,4,0,0,0,0.0,0,0,0,2,0.8888888888888888,0.19444444444444445,0
grammar-timeout-25,grammar,hybrid_ymd,run_1,60.00553508289158,timeout,0,60.1216583000496,timeout,,,9,0,0,0.0,0.0,0.0,0.0,23,11,11,0,0.6363636363636364,6,3,1,0.0,0.0,1,9,0.18181818181818182,180,166,404,0.8888888888888888,4,0,0,0,0.0,0,0,0,2,0.8888888888888888,0.19444444444444445,0
grammar-timeout-25,grammar,simple,run_1,60.1216583000496,timeout,0,60.1216583000496,timeout,,,9,0,0,0.0,0.0,0.0,0.0,23,11,11,0,0.6363636363636364,6,3,1,0.0,0.0,1,9,0.18181818181818182,180,166,404,0.8888888888888888,4,0,0,0,0.0,0,0,0,2,0.8888888888888888,0.19444444444444445,0
grammar-timeout-26,grammar,alpha_beta,run_1,60.00372594688088,timeout,0,60.10395173635334,timeout,,,7,0,0,0.0,0.0,0.0,0.0,17,10,10,0,0.6,4,3,1,0.0,0.0,3,7,0.125,161,952,483,0.7142857142857143,3,0,0,0,0.0,0,0,1,2,0.7142857142857143,0.2857142857142857,0
grammar-timeout-26,grammar,epoch_days,run_1,60.00384175404906,timeout,0,60.10395173635334,timeout,,,7,0,0,0.0,0.0,0.0,0.0,17,10,10,0,0.6,4,3,1,0.0,0.0,3,7,0.125,161,952,483,0.7142857142857143,3,0,0,0,0.0,0,0,1,2,0.7142857142857143,0.2857142857142857,0
grammar-timeout-26,grammar,hybrid_ymd,run_1,60.005419987253845,timeout,0,60.10395173635334,timeout,,,7,0,0,0.0,0.0,0.0,0.0,17,10,10,0,0.6,4,3,1,0.0,0.0,3,7,0.125,161,952,483,0.7142857142857143,3,0,0,0,0.0,0,0,1,2,0.7142857142857143,0.2857142857142857,0
grammar-timeout-26,grammar,simple,run_1,60.10395173635334,timeout,0,60.10395173635334,timeout,,,7,0,0,0.0,0.0,0.0,0.0,17,10,10,0,0.6,4,3,1,0.0,0.0,3,7,0.125,161,952,483,0.7142857142857143,3,0,0,0,0.0,0,0,1,2,0.7142857142857143,0.2857142857142857,0
grammar-timeout-27,grammar,alpha_beta,run_1,60.03378983773291,timeout,0,60.0627770088613,timeout,,,10,0,0,0.0,0.0,0.0,0.0,35,19,19,0,0.7894736842105263,9,4,1,0.0,0.0,5,10,0.2857142857142857,180,112,324,0.9,2,0,0,0,0.0,0,0,1,4,0.5,0.13333333333333333,0
grammar-timeout-27,grammar,epoch_days,run_1,60.00551214721054,timeout,0,60.0627770088613,timeout,,,10,0,0,0.0,0.0,0.0,0.0,35,19,19,0,0.7894736842105263,9,4,1,0.0,0.0,5,10,0.2857142857142857,180,112,324,0.9,2,0,0,0,0.0,0,0,1,4,0.5,0.13333333333333333,0
grammar-timeout-27,grammar,hybrid_ymd,run_1,60.005556248128414,timeout,0,60.0627770088613,timeout,,,10,0,0,0.0,0.0,0.0,0.0,35,19,19,0,0.7894736842105263,9,4,1,0.0,0.0,5,10,0.2857142857142857,180,112,324,0.9,2,0,0,0,0.0,0,0,1,4,0.5,0.13333333333333333,0
grammar-timeout-27,grammar,simple,run_1,60.0627770088613,timeout,0,60.0627770088613,timeout,,,10,0,0,0.0,0.0,0.0,0.0,35,19,19,0,0.7894736842105263,9,4,1,0.0,0.0,5,10,0.2857142857142857,180,112,324,0.9,2,0,0,0,0.0,0,0,1,4,0.5,0.13333333333333333,0
grammar-timeout-28,grammar,alpha_beta,run_1,60.005108246579766,timeout,0,60.095050427131355,timeout,,,10,0,0,0.0,0.0,0.0,0.0,35,19,19,0,0.7894736842105263,9,4,1,0.0,0.0,5,10,0.2857142857142857,180,112,324,0.9,2,0,0,0,0.0,0,0,1,4,0.5,0.13333333333333333,0
grammar-timeout-28,grammar,epoch_days,run_1,60.00466250162572,timeout,0,60.095050427131355,timeout,,,10,0,0,0.0,0.0,0.0,0.0,35,19,19,0,0.7894736842105263,9,4,1,0.0,0.0,5,10,0.2857142857142857,180,112,324,0.9,2,0,0,0,0.0,0,0,1,4,0.5,0.13333333333333333,0
grammar-timeout-28,grammar,hybrid_ymd,run_1,60.00550287030637,timeout,0,60.095050427131355,timeout,,,10,0,0,0.0,0.0,0.0,0.0,35,19,19,0,0.7894736842105263,9,4,1,0.0,0.0,5,10,0.2857142857142857,180,112,324,0.9,2,0,0,0,0.0,0,0,1,4,0.5,0.13333333333333333,0
grammar-timeout-28,grammar,simple,run_1,60.095050427131355,timeout,0,60.095050427131355,timeout,,,10,0,0,0.0,0.0,0.0,0.0,35,19,19,0,0.7894736842105263,9,4,1,0.0,0.0,5,10,0.2857142857142857,180,112,324,0.9,2,0,0,0,0.0,0,0,1,4,0.5,0.13333333333333333,0
grammar-timeout-29,grammar,alpha_beta,run_1,60.00452906265855,timeout,0,60.08784036245197,timeout,,,7,0,0,0.125,0.125,0.0,0.0,21,10,10,0,0.6,3,2,1,0.0,0.0,4,9,0.1,90,240,336,0.7777777777777778,5,0,0,0,0.0,0,0,0,2,0.75,0.21428571428571427,0
grammar-timeout-29,grammar,epoch_days,run_1,60.00437279231846,timeout,0,60.08784036245197,timeout,,,7,0,0,0.125,0.125,0.0,0.0,21,10,10,0,0.6,3,2,1,0.0,0.0,4,9,0.1,90,240,336,0.7777777777777778,5,0,0,0,0.0,0,0,0,2,0.75,0.21428571428571427,0
grammar-timeout-29,grammar,hybrid_ymd,run_1,60.004906262271106,timeout,0,60.08784036245197,timeout,,,7,0,0,0.125,0.125,0.0,0.0,21,10,10,0,0.6,3,2,1,0.0,0.0,4,9,0.1,90,240,336,0.7777777777777778,5,0,0,0,0.0,0,0,0,2,0.75,0.21428571428571427,0
grammar-timeout-29,grammar,simple,run_1,60.08784036245197,timeout,0,60.08784036245197,timeout,,,7,0,0,0.125,0.125,0.0,0.0,21,10,10,0,0.6,3,2,1,0.0,0.0,4,9,0.1,90,240,336,0.7777777777777778,5,0,0,0,0.0,0,0,0,2,0.75,0.21428571428571427,0
grammar-timeout-3,grammar,alpha_beta,run_1,60.010388559661806,timeout,0,60.17958501074463,timeout,,,9,0,0,0.0,0.0,0.0,0.0,23,10,10,0,0.5,5,4,1,0.0,0.0,2,10,0.09090909090909091,163,1504,1506,0.7,3,0,0,0,0.0,0,0,1,3,0.4444444444444444,0.16666666666666666,0
grammar-timeout-3,grammar,epoch_days,run_1,60.00396309327334,timeout,0,60.17958501074463,timeout,,,9,0,0,0.0,0.0,0.0,0.0,23,10,10,0,0.5,5,4,1,0.0,0.0,2,10,0.09090909090909091,163,1504,1506,0.7,3,0,0,0,0.0,0,0,1,3,0.4444444444444444,0.16666666666666666,0
grammar-timeout-3,grammar,hybrid_ymd,run_1,60.00647594220936,timeout,0,60.17958501074463,timeout,,,9,0,0,0.0,0.0,0.0,0.0,23,10,10,0,0.5,5,4,1,0.0,0.0,2,10,0.09090909090909091,163,1504,1506,0.7,3,0,0,0,0.0,0,0,1,3,0.4444444444444444,0.16666666666666666,0
grammar-timeout-3,grammar,simple,run_1,60.17958501074463,timeout,0,60.17958501074463,timeout,,,9,0,0,0.0,0.0,0.0,0.0,23,10,10,0,0.5,5,4,1,0.0,0.0,2,10,0.09090909090909091,163,1504,1506,0.7,3,0,0,0,0.0,0,0,1,3,0.4444444444444444,0.16666666666666666,0
grammar-timeout-30,grammar,alpha_beta,run_1,60.0050785811618,timeout,0,60.064932155422866,timeout,,,10,0,0,0.0,0.0,0.0,0.0,31,17,17,0,0.7058823529411765,7,3,1,0.0,0.0,4,9,0.3076923076923077,108,270,324,0.8888888888888888,5,0,0,0,0.0,0,0,1,4,0.5,0.13333333333333333,0
grammar-timeout-30,grammar,epoch_days,run_1,60.005509610287845,timeout,0,60.064932155422866,timeout,,,10,0,0,0.0,0.0,0.0,0.0,31,17,17,0,0.7058823529411765,7,3,1,0.0,0.0,4,9,0.3076923076923077,108,270,324,0.8888888888888888,5,0,0,0,0.0,0,0,1,4,0.5,0.13333333333333333,0
grammar-timeout-30,grammar,hybrid_ymd,run_1,60.0046510649845,timeout,0,60.064932155422866,timeout,,,10,0,0,0.0,0.0,0.0,0.0,31,17,17,0,0.7058823529411765,7,3,1,0.0,0.0,4,9,0.3076923076923077,108,270,324,0.8888888888888888,5,0,0,0,0.0,0,0,1,4,0.5,0.13333333333333333,0
grammar-timeout-30,grammar,simple,run_1,60.064932155422866,timeout,0,60.064932155422866,timeout,,,10,0,0,0.0,0.0,0.0,0.0,31,17,17,0,0.7058823529411765,7,3,1,0.0,0.0,4,9,0.3076923076923077,108,270,324,0.8888888888888888,5,0,0,0,0.0,0,0,1,4,0.5,0.13333333333333333,0
grammar-timeout-31,grammar,alpha_beta,run_1,60.00584092270583,timeout,0,60.067265138961375,timeout,,,10,0,0,0.0,0.0,0.0,0.0,35,19,19,0,0.7894736842105263,9,4,1,0.0,0.0,5,10,0.2857142857142857,180,13,324,0.9,2,0,0,0,0.0,0,0,1,4,0.5,0.13333333333333333,0
grammar-timeout-31,grammar,epoch_days,run_1,60.00655042659491,timeout,0,60.067265138961375,timeout,,,10,0,0,0.0,0.0,0.0,0.0,35,19,19,0,0.7894736842105263,9,4,1,0.0,0.0,5,10,0.2857142857142857,180,13,324,0.9,2,0,0,0,0.0,0,0,1,4,0.5,0.13333333333333333,0
grammar-timeout-31,grammar,hybrid_ymd,run_1,60.005091299302876,timeout,0,60.067265138961375,timeout,,,10,0,0,0.0,0.0,0.0,0.0,35,19,19,0,0.7894736842105263,9,4,1,0.0,0.0,5,10,0.2857142857142857,180,13,324,0.9,2,0,0,0,0.0,0,0,1,4,0.5,0.13333333333333333,0
grammar-timeout-31,grammar,simple,run_1,60.067265138961375,timeout,0,60.067265138961375,timeout,,,10,0,0,0.0,0.0,0.0,0.0,35,19,19,0,0.7894736842105263,9,4,1,0.0,0.0,5,10,0.2857142857142857,180,13,324,0.9,2,0,0,0,0.0,0,0,1,4,0.5,0.13333333333333333,0
grammar-timeout-32,grammar,alpha_beta,run_1,60.0055049341172,timeout,0,60.07406798750162,timeout,,,7,0,0,0.0,0.0,0.0,0.0,16,9,9,0,0.7777777777777778,4,3,1,0.0,0.0,2,5,0.16666666666666666,189,108,371,0.6,2,0,0,0,0.0,0,0,0,2,0.7142857142857143,0.23809523809523808,0
grammar-timeout-32,grammar,epoch_days,run_1,8.982420539483428,sat,1,60.07406798750162,timeout,6.687959857082848,lower,7,0,0,0.0,0.0,0.0,0.0,16,9,9,0,0.7777777777777778,4,3,1,0.0,0.0,2,5,0.16666666666666666,189,108,371,0.6,2,0,0,0,0.0,0,0,0,2,0.7142857142857143,0.23809523809523808,0
grammar-timeout-32,grammar,hybrid_ymd,run_1,60.004050384275615,timeout,0,60.07406798750162,timeout,,,7,0,0,0.0,0.0,0.0,0.0,16,9,9,0,0.7777777777777778,4,3,1,0.0,0.0,2,5,0.16666666666666666,189,108,371,0.6,2,0,0,0,0.0,0,0,0,2,0.7142857142857143,0.23809523809523808,0
grammar-timeout-32,grammar,simple,run_1,60.07406798750162,timeout,0,60.07406798750162,timeout,,,7,0,0,0.0,0.0,0.0,0.0,16,9,9,0,0.7777777777777778,4,3,1,0.0,0.0,2,5,0.16666666666666666,189,108,371,0.6,2,0,0,0,0.0,0,0,0,2,0.7142857142857143,0.23809523809523808,0
grammar-timeout-33,grammar,alpha_beta,run_1,60.0118756685406,timeout,0,60.06087203323841,timeout,,,10,0,0,0.0,0.0,0.0,0.0,30,13,13,0,0.6923076923076923,6,4,1,0.0,0.0,4,13,0.13333333333333333,150,80,190,0.8461538461538461,3,0,0,0,0.0,0,0,0,4,0.5,0.13333333333333333,0
grammar-timeout-33,grammar,epoch_days,run_1,208.27366481907666,timeout,0,60.06087203323841,timeout,,,10,0,0,0.0,0.0,0.0,0.0,30,13,13,0,0.6923076923076923,6,4,1,0.0,0.0,4,13,0.13333333333333333,150,80,190,0.8461538461538461,3,0,0,0,0.0,0,0,0,4,0.5,0.13333333333333333,0
grammar-timeout-33,grammar,hybrid_ymd,run_1,60.005800313316286,timeout,0,60.06087203323841,timeout,,,10,0,0,0.0,0.0,0.0,0.0,30,13,13,0,0.6923076923076923,6,4,1,0.0,0.0,4,13,0.13333333333333333,150,80,190,0.8461538461538461,3,0,0,0,0.0,0,0,0,4,0.5,0.13333333333333333,0
grammar-timeout-33,grammar,simple,run_1,60.06087203323841,timeout,0,60.06087203323841,timeout,,,10,0,0,0.0,0.0,0.0,0.0,30,13,13,0,0.6923076923076923,6,4,1,0.0,0.0,4,13,0.13333333333333333,150,80,190,0.8461538461538461,3,0,0,0,0.0,0,0,0,4,0.5,0.13333333333333333,0
grammar-timeout-34,grammar,alpha_beta,run_1,60.03409533202648,timeout,0,60.03303815238178,timeout,,,9,0,0,0.0,0.0,0.0,0.0,25,12,12,0,0.6666666666666666,4,3,1,0.0,0.0,5,7,0.3,192,320,320,0.7142857142857143,3,0,0,0,0.0,0,0,1,3,0.6666666666666666,0.16666666666666666,0
grammar-timeout-34,grammar,epoch_days,run_1,60.003948068246245,timeout,0,60.03303815238178,timeout,,,9,0,0,0.0,0.0,0.0,0.0,25,12,12,0,0.6666666666666666,4,3,1,0.0,0.0,5,7,0.3,192,320,320,0.7142857142857143,3,0,0,0,0.0,0,0,1,3,0.6666666666666666,0.16666666666666666,0
grammar-timeout-34,grammar,hybrid_ymd,run_1,60.005339729599655,timeout,0,60.03303815238178,timeout,,,9,0,0,0.0,0.0,0.0,0.0,25,12,12,0,0.6666666666666666,4,3,1,0.0,0.0,5,7,0.3,192,320,320,0.7142857142857143,3,0,0,0,0.0,0,0,1,3,0.6666666666666666,0.16666666666666666,0
grammar-timeout-34,grammar,simple,run_1,60.03303815238178,timeout,0,60.03303815238178,timeout,,,9,0,0,0.0,0.0,0.0,0.0,25,12,12,0,0.6666666666666666,4,3,1,0.0,0.0,5,7,0.3,192,320,320,0.7142857142857143,3,0,0,0,0.0,0,0,1,3,0.6666666666666666,0.16666666666666666,0
grammar-timeout-35,grammar,alpha_beta,run_1,60.005805253982544,timeout,0,60.06162118818611,timeout,,,8,0,0,0.0,0.0,0.0,0.0,18,9,9,0,0.4444444444444444,4,3,1,0.0,0.0,2,9,0.0,192,260,232,0.7777777777777778,3,0,0,0,0.0,0,0,0,2,0.875,0.25,0
grammar-timeout-35,grammar,epoch_days,run_1,60.00371832028031,timeout,0,60.06162118818611,timeout,,,8,0,0,0.0,0.0,0.0,0.0,18,9,9,0,0.4444444444444444,4,3,1,0.0,0.0,2,9,0.0,192,260,232,0.7777777777777778,3,0,0,0,0.0,0,0,0,2,0.875,0.25,0
grammar-timeout-35,grammar,hybrid_ymd,run_1,60.00576637405902,timeout,0,60.06162118818611,timeout,,,8,0,0,0.0,0.0,0.0,0.0,18,9,9,0,0.4444444444444444,4,3,1,0.0,0.0,2,9,0.0,192,260,232,0.7777777777777778,3,0,0,0,0.0,0,0,0,2,0.875,0.25,0
grammar-timeout-35,grammar,simple,run_1,60.06162118818611,timeout,0,60.06162118818611,timeout,,,8,0,0,0.0,0.0,0.0,0.0,18,9,9,0,0.4444444444444444,4,3,1,0.0,0.0,2,9,0.0,192,260,232,0.7777777777777778,3,0,0,0,0.0,0,0,0,2,0.875,0.25,0
grammar-timeout-36,grammar,alpha_beta,run_1,60.00473872292787,timeout,0,60.067843252792954,timeout,,,8,0,0,0.0,0.0,0.0,0.0,18,9,9,0,0.4444444444444444,4,3,1,0.0,0.0,2,9,0.0,192,260,232,0.7777777777777778,3,0,0,0,0.0,0,0,0,2,0.875,0.25,0
grammar-timeout-36,grammar,epoch_days,run_1,60.00400088261813,timeout,0,60.067843252792954,timeout,,,8,0,0,0.0,0.0,0.0,0.0,18,9,9,0,0.4444444444444444,4,3,1,0.0,0.0,2,9,0.0,192,260,232,0.7777777777777778,3,0,0,0,0.0,0,0,0,2,0.875,0.25,0
grammar-timeout-36,grammar,hybrid_ymd,run_1,60.00486765336245,timeout,0,60.067843252792954,timeout,,,8,0,0,0.0,0.0,0.0,0.0,18,9,9,0,0.4444444444444444,4,3,1,0.0,0.0,2,9,0.0,192,260,232,0.7777777777777778,3,0,0,0,0.0,0,0,0,2,0.875,0.25,0
grammar-timeout-36,grammar,simple,run_1,60.067843252792954,timeout,0,60.067843252792954,timeout,,,8,0,0,0.0,0.0,0.0,0.0,18,9,9,0,0.4444444444444444,4,3,1,0.0,0.0,2,9,0.0,192,260,232,0.7777777777777778,3,0,0,0,0.0,0,0,0,2,0.875,0.25,0
grammar-timeout-37,grammar,alpha_beta,run_1,60.00687707774341,timeout,0,60.0589910922572,timeout,,,8,0,0,0.1111111111111111,0.1111111111111111,0.0,0.0,27,12,12,0,0.5833333333333334,4,2,1,0.0,0.0,4,9,0.3076923076923077,49,196,245,1.0,3,0,0,0,0.0,0,0,1,2,0.8888888888888888,0.19444444444444445,0
grammar-timeout-37,grammar,epoch_days,run_1,60.004464007914066,timeout,0,60.0589910922572,timeout,,,8,0,0,0.1111111111111111,0.1111111111111111,0.0,0.0,27,12,12,0,0.5833333333333334,4,2,1,0.0,0.0,4,9,0.3076923076923077,49,196,245,1.0,3,0,0,0,0.0,0,0,1,2,0.8888888888888888,0.19444444444444445,0
grammar-timeout-37,grammar,hybrid_ymd,run_1,60.005556240677834,timeout,0,60.0589910922572,timeout,,,8,0,0,0.1111111111111111,0.1111111111111111,0.0,0.0,27,12,12,0,0.5833333333333334,4,2,1,0.0,0.0,4,9,0.3076923076923077,49,196,245,1.0,3,0,0,0,0.0,0,0,1,2,0.8888888888888888,0.19444444444444445,0
grammar-timeout-37,grammar,simple,run_1,60.0589910922572,timeout,0,60.0589910922572,timeout,,,8,0,0,0.1111111111111111,0.1111111111111111,0.0,0.0,27,12,12,0,0.5833333333333334,4,2,1,0.0,0.0,4,9,0.3076923076923077,49,196,245,1.0,3,0,0,0,0.0,0,0,1,2,0.8888888888888888,0.19444444444444445,0
grammar-timeout-38,grammar,alpha_beta,run_1,60.00499081518501,timeout,0,60.08120246976614,timeout,,,9,0,0,0.1,0.1,0.0,0.0,27,16,16,0,0.6875,7,4,1,0.0,0.0,5,11,0.08333333333333333,31,277,272,0.9090909090909091,3,0,0,0,0.0,0,0,1,1,1.0,0.2222222222222222,0
grammar-timeout-38,grammar,epoch_days,run_1,60.00437014643103,timeout,0,60.08120246976614,timeout,,,9,0,0,0.1,0.1,0.0,0.0,27,16,16,0,0.6875,7,4,1,0.0,0.0,5,11,0.08333333333333333,31,277,272,0.9090909090909091,3,0,0,0,0.0,0,0,1,1,1.0,0.2222222222222222,0
grammar-timeout-38,grammar,hybrid_ymd,run_1,60.00505842734128,timeout,0,60.08120246976614,timeout,,,9,0,0,0.1,0.1,0.0,0.0,27,16,16,0,0.6875,7,4,1,0.0,0.0,5,11,0.08333333333333333,31,277,272,0.9090909090909091,3,0,0,0,0.0,0,0,1,1,1.0,0.2222222222222222,0
grammar-timeout-38,grammar,simple,run_1,60.08120246976614,timeout,0,60.08120246976614,timeout,,,9,0,0,0.1,0.1,0.0,0.0,27,16,16,0,0.6875,7,4,1,0.0,0.0,5,11,0.08333333333333333,31,277,272,0.9090909090909091,3,0,0,0,0.0,0,0,1,1,1.0,0.2222222222222222,0
grammar-timeout-39,grammar,alpha_beta,run_1,60.00442051328719,timeout,0,60.03100952785462,timeout,,,7,0,0,0.0,0.0,0.0,0.0,15,6,6,0,0.5,1,2,1,0.0,0.0,4,6,0.0,138,36,316,0.8333333333333334,5,0,0,0,0.0,0,0,1,3,0.5714285714285714,0.19047619047619047,0
grammar-timeout-39,grammar,epoch_days,run_1,60.00389249064028,timeout,0,60.03100952785462,timeout,,,7,0,0,0.0,0.0,0.0,0.0,15,6,6,0,0.5,1,2,1,0.0,0.0,4,6,0.0,138,36,316,0.8333333333333334,5,0,0,0,0.0,0,0,1,3,0.5714285714285714,0.19047619047619047,0
grammar-timeout-39,grammar,hybrid_ymd,run_1,60.00486833695322,timeout,0,60.03100952785462,timeout,,,7,0,0,0.0,0.0,0.0,0.0,15,6,6,0,0.5,1,2,1,0.0,0.0,4,6,0.0,138,36,316,0.8333333333333334,5,0,0,0,0.0,0,0,1,3,0.5714285714285714,0.19047619047619047,0
grammar-timeout-39,grammar,simple,run_1,60.03100952785462,timeout,0,60.03100952785462,timeout,,,7,0,0,0.0,0.0,0.0,0.0,15,6,6,0,0.5,1,2,1,0.0,0.0,4,6,0.0,138,36,316,0.8333333333333334,5,0,0,0,0.0,0,0,1,3,0.5714285714285714,0.19047619047619047,0
grammar-timeout-4,grammar,alpha_beta,run_1,60.014867215417325,timeout,0,60.11128957569599,timeout,,,9,0,0,0.0,0.0,0.0,0.0,20,9,9,0,0.6666666666666666,2,2,1,0.0,0.0,5,8,0.1111111111111111,66,540,1593,1.0,3,0,0,0,0.0,0,0,0,3,0.5555555555555556,0.16666666666666666,0
grammar-timeout-4,grammar,epoch_days,run_1,60.00470336154103,timeout,0,60.11128957569599,timeout,,,9,0,0,0.0,0.0,0.0,0.0,20,9,9,0,0.6666666666666666,2,2,1,0.0,0.0,5,8,0.1111111111111111,66,540,1593,1.0,3,0,0,0,0.0,0,0,0,3,0.5555555555555556,0.16666666666666666,0
grammar-timeout-4,grammar,hybrid_ymd,run_1,60.004816769622266,timeout,0,60.11128957569599,timeout,,,9,0,0,0.0,0.0,0.0,0.0,20,9,9,0,0.6666666666666666,2,2,1,0.0,0.0,5,8,0.1111111111111111,66,540,1593,1.0,3,0,0,0,0.0,0,0,0,3,0.5555555555555556,0.16666666666666666,0
grammar-timeout-4,grammar,simple,run_1,60.11128957569599,timeout,0,60.11128957569599,timeout,,,9,0,0,0.0,0.0,0.0,0.0,20,9,9,0,0.6666666666666666,2,2,1,0.0,0.0,5,8,0.1111111111111111,66,540,1593,1.0,3,0,0,0,0.0,0,0,0,3,0.5555555555555556,0.16666666666666666,0
grammar-timeout-40,grammar,alpha_beta,run_1,60.003471141681075,timeout,0,60.06066344399005,timeout,,,6,0,0,0.0,0.0,0.0,0.0,12,5,5,0,0.6,0,1,0,0.0,0.0,5,6,0.0,175,63,280,0.6666666666666666,2,0,0,0,0.0,0,0,0,2,0.6666666666666666,0.3333333333333333,0
grammar-timeout-40,grammar,epoch_days,run_1,60.00354718975723,timeout,0,60.06066344399005,timeout,,,6,0,0,0.0,0.0,0.0,0.0,12,5,5,0,0.6,0,1,0,0.0,0.0,5,6,0.0,175,63,280,0.6666666666666666,2,0,0,0,0.0,0,0,0,2,0.6666666666666666,0.3333333333333333,0
grammar-timeout-40,grammar,hybrid_ymd,run_1,1.1284549636766315,unsat,1,60.06066344399005,timeout,53.22380190371599,lower,6,0,0,0.0,0.0,0.0,0.0,12,5,5,0,0.6,0,1,0,0.0,0.0,5,6,0.0,175,63,280,0.6666666666666666,2,0,0,0,0.0,0,0,0,2,0.6666666666666666,0.3333333333333333,0
grammar-timeout-40,grammar,simple,run_1,60.06066344399005,timeout,0,60.06066344399005,timeout,,,6,0,0,0.0,0.0,0.0,0.0,12,5,5,0,0.6,0,1,0,0.0,0.0,5,6,0.0,175,63,280,0.6666666666666666,2,0,0,0,0.0,0,0,0,2,0.6666666666666666,0.3333333333333333,0
grammar-timeout-41,grammar,alpha_beta,run_1,60.01091073919088,timeout,0,60.025309689342976,timeout,,,8,0,0,0.1111111111111111,0.1111111111111111,0.0,0.0,33,12,12,0,0.6666666666666666,6,5,1,0.0,0.0,4,19,0.05,78,108,180,0.9473684210526315,7,0,0,0,0.0,0,0,0,3,0.7777777777777778,0.16666666666666666,0
grammar-timeout-41,grammar,epoch_days,run_1,60.044356473721564,timeout,0,60.025309689342976,timeout,,,8,0,0,0.1111111111111111,0.1111111111111111,0.0,0.0,33,12,12,0,0.6666666666666666,6,5,1,0.0,0.0,4,19,0.05,78,108,180,0.9473684210526315,7,0,0,0,0.0,0,0,0,3,0.7777777777777778,0.16666666666666666,0
grammar-timeout-41,grammar,hybrid_ymd,run_1,60.00859503727406,timeout,0,60.025309689342976,timeout,,,8,0,0,0.1111111111111111,0.1111111111111111,0.0,0.0,33,12,12,0,0.6666666666666666,6,5,1,0.0,0.0,4,19,0.05,78,108,180,0.9473684210526315,7,0,0,0,0.0,0,0,0,3,0.7777777777777778,0.16666666666666666,0
grammar-timeout-41,grammar,simple,run_1,60.025309689342976,timeout,0,60.025309689342976,timeout,,,8,0,0,0.1111111111111111,0.1111111111111111,0.0,0.0,33,12,12,0,0.6666666666666666,6,5,1,0.0,0.0,4,19,0.05,78,108,180,0.9473684210526315,7,0,0,0,0.0,0,0,0,3,0.7777777777777778,0.16666666666666666,0
grammar-timeout-42,grammar,alpha_beta,run_1,60.0033716224134,timeout,0,60.07286310009658,timeout,,,5,0,0,0.16666666666666666,0.16666666666666666,0.0,0.0,15,6,6,0,0.6666666666666666,0,1,0,0.0,0.0,6,5,0.2857142857142857,9,58,312,1.0,3,0,0,0,0.0,0,0,0,2,0.8333333333333334,0.26666666666666666,0
grammar-timeout-42,grammar,epoch_days,run_1,60.00595521368086,timeout,0,60.07286310009658,timeout,,,5,0,0,0.16666666666666666,0.16666666666666666,0.0,0.0,15,6,6,0,0.6666666666666666,0,1,0,0.0,0.0,6,5,0.2857142857142857,9,58,312,1.0,3,0,0,0,0.0,0,0,0,2,0.8333333333333334,0.26666666666666666,0
grammar-timeout-42,grammar,hybrid_ymd,run_1,60.003582913428545,timeout,0,60.07286310009658,timeout,,,5,0,0,0.16666666666666666,0.16666666666666666,0.0,0.0,15,6,6,0,0.6666666666666666,0,1,0,0.0,0.0,6,5,0.2857142857142857,9,58,312,1.0,3,0,0,0,0.0,0,0,0,2,0.8333333333333334,0.26666666666666666,0
grammar-timeout-42,grammar,simple,run_1,60.07286310009658,timeout,0,60.07286310009658,timeout,,,5,0,0,0.16666666666666666,0.16666666666666666,0.0,0.0,15,6,6,0,0.6666666666666666,0,1,0,0.0,0.0,6,5,0.2857142857142857,9,58,312,1.0,3,0,0,0,0.0,0,0,0,2,0.8333333333333334,0.26666666666666666,0
grammar-timeout-43,grammar,alpha_beta,run_1,60.007715897634625,timeout,0,54.71884177904576,sat,0.9118634322357645,upper,8,0,0,0.1111111111111111,0.1111111111111111,0.0,0.0,35,15,15,0,0.7333333333333333,7,3,1,0.0,0.0,3,14,0.2222222222222222,108,555,134,0.8571428571428571,9,0,0,0,0.0,0,0,1,4,0.6666666666666666,0.1388888888888889,0
grammar-timeout-43,grammar,epoch_days,run_1,60.006273427046835,timeout,0,54.71884177904576,sat,0.9118853522135595,upper,8,0,0,0.1111111111111111,0.1111111111111111,0.0,0.0,35,15,15,0,0.7333333333333333,7,3,1,0.0,0.0,3,14,0.2222222222222222,108,555,134,0.8571428571428571,9,0,0,0,0.0,0,0,1,4,0.6666666666666666,0.1388888888888889,0
grammar-timeout-43,grammar,hybrid_ymd,run_1,60.0061228889972,timeout,0,54.71884177904576,sat,0.9118876398708152,upper,8,0,0,0.1111111111111111,0.1111111111111111,0.0,0.0,35,15,15,0,0.7333333333333333,7,3,1,0.0,0.0,3,14,0.2222222222222222,108,555,134,0.8571428571428571,9,0,0,0,0.0,0,0,1,4,0.6666666666666666,0.1388888888888889,0
grammar-timeout-43,grammar,simple,run_1,54.71884177904576,sat,1,54.71884177904576,sat,1.0,exact,8,0,0,0.1111111111111111,0.1111111111111111,0.0,0.0,35,15,15,0,0.7333333333333333,7,3,1,0.0,0.0,3,14,0.2222222222222222,108,555,134,0.8571428571428571,9,0,0,0,0.0,0,0,1,4,0.6666666666666666,0.1388888888888889,0
grammar-timeout-44,grammar,alpha_beta,run_1,60.01026822347194,timeout,0,60.03336423262954,timeout,,,10,0,0,0.0,0.0,0.0,0.0,29,12,12,0,0.75,6,3,1,0.0,0.0,2,18,0.0,63,81,45,0.8888888888888888,9,0,0,0,0.0,0,0,0,2,0.6,0.2,0
grammar-timeout-44,grammar,epoch_days,run_1,60.00720031373203,timeout,0,60.03336423262954,timeout,,,10,0,0,0.0,0.0,0.0,0.0,29,12,12,0,0.75,6,3,1,0.0,0.0,2,18,0.0,63,81,45,0.8888888888888888,9,0,0,0,0.0,0,0,0,2,0.6,0.2,0
grammar-timeout-44,grammar,hybrid_ymd,run_1,60.00831876788288,timeout,0,60.03336423262954,timeout,,,10,0,0,0.0,0.0,0.0,0.0,29,12,12,0,0.75,6,3,1,0.0,0.0,2,18,0.0,63,81,45,0.8888888888888888,9,0,0,0,0.0,0,0,0,2,0.6,0.2,0
grammar-timeout-44,grammar,simple,run_1,60.03336423262954,timeout,0,60.03336423262954,timeout,,,10,0,0,0.0,0.0,0.0,0.0,29,12,12,0,0.75,6,3,1,0.0,0.0,2,18,0.0,63,81,45,0.8888888888888888,9,0,0,0,0.0,0,0,0,2,0.6,0.2,0
grammar-timeout-45,grammar,alpha_beta,run_1,60.00552508700639,timeout,0,60.0306339180097,timeout,,,8,0,0,0.0,0.0,0.0,0.0,21,13,13,0,0.6153846153846154,4,2,1,0.0,0.0,5,9,0.1,144,168,144,0.8888888888888888,4,0,0,0,0.0,0,0,0,1,1.0,0.25,0
grammar-timeout-45,grammar,epoch_days,run_1,60.004237646237016,timeout,0,60.0306339180097,timeout,,,8,0,0,0.0,0.0,0.0,0.0,21,13,13,0,0.6153846153846154,4,2,1,0.0,0.0,5,9,0.1,144,168,144,0.8888888888888888,4,0,0,0,0.0,0,0,0,1,1.0,0.25,0
grammar-timeout-45,grammar,hybrid_ymd,run_1,60.00630620587617,timeout,0,60.0306339180097,timeout,,,8,0,0,0.0,0.0,0.0,0.0,21,13,13,0,0.6153846153846154,4,2,1,0.0,0.0,5,9,0.1,144,168,144,0.8888888888888888,4,0,0,0,0.0,0,0,0,1,1.0,0.25,0
grammar-timeout-45,grammar,simple,run_1,60.0306339180097,timeout,0,60.0306339180097,timeout,,,8,0,0,0.0,0.0,0.0,0.0,21,13,13,0,0.6153846153846154,4,2,1,0.0,0.0,5,9,0.1,144,168,144,0.8888888888888888,4,0,0,0,0.0,0,0,0,1,1.0,0.25,0
grammar-timeout-46,grammar,alpha_beta,run_1,60.00352117512375,timeout,0,29.744651395827532,sat,0.49571509826925064,upper,7,0,0,0.0,0.0,0.0,0.0,13,7,7,0,0.5714285714285714,2,2,1,0.0,0.0,3,4,0.2,72,158,236,1.0,2,0,0,0,0.0,0,0,0,2,0.7142857142857143,0.23809523809523808,0
grammar-timeout-46,grammar,epoch_days,run_1,10.188508580438793,sat,1,29.744651395827532,sat,2.9194313535677963,exact,7,0,0,0.0,0.0,0.0,0.0,13,7,7,0,0.5714285714285714,2,2,1,0.0,0.0,3,4,0.2,72,158,236,1.0,2,0,0,0,0.0,0,0,0,2,0.7142857142857143,0.23809523809523808,0
grammar-timeout-46,grammar,hybrid_ymd,run_1,60.00413556583226,timeout,0,29.744651395827532,sat,0.49571002257325786,upper,7,0,0,0.0,0.0,0.0,0.0,13,7,7,0,0.5714285714285714,2,2,1,0.0,0.0,3,4,0.2,72,158,236,1.0,2,0,0,0,0.0,0,0,0,2,0.7142857142857143,0.23809523809523808,0
grammar-timeout-46,grammar,simple,run_1,29.744651395827532,sat,1,29.744651395827532,sat,1.0,exact,7,0,0,0.0,0.0,0.0,0.0,13,7,7,0,0.5714285714285714,2,2,1,0.0,0.0,3,4,0.2,72,158,236,1.0,2,0,0,0,0.0,0,0,0,2,0.7142857142857143,0.23809523809523808,0
grammar-timeout-47,grammar,alpha_beta,run_1,60.00667682196945,timeout,0,60.05635323934257,timeout,,,10,0,0,0.0,0.0,0.0,0.0,35,19,19,0,0.6842105263157895,9,4,1,0.0,0.0,5,12,0.29411764705882354,81,163,128,1.0,8,0,0,0,0.0,0,0,1,2,0.9,0.2,0
grammar-timeout-47,grammar,epoch_days,run_1,60.00678356830031,timeout,0,60.05635323934257,timeout,,,10,0,0,0.0,0.0,0.0,0.0,35,19,19,0,0.6842105263157895,9,4,1,0.0,0.0,5,12,0.29411764705882354,81,163,128,1.0,8,0,0,0,0.0,0,0,1,2,0.9,0.2,0
grammar-timeout-47,grammar,hybrid_ymd,run_1,60.006826816126704,timeout,0,60.05635323934257,timeout,,,10,0,0,0.0,0.0,0.0,0.0,35,19,19,0,0.6842105263157895,9,4,1,0.0,0.0,5,12,0.29411764705882354,81,163,128,1.0,8,0,0,0,0.0,0,0,1,2,0.9,0.2,0
grammar-timeout-47,grammar,simple,run_1,60.05635323934257,timeout,0,60.05635323934257,timeout,,,10,0,0,0.0,0.0,0.0,0.0,35,19,19,0,0.6842105263157895,9,4,1,0.0,0.0,5,12,0.29411764705882354,81,163,128,1.0,8,0,0,0,0.0,0,0,1,2,0.9,0.2,0
grammar-timeout-48,grammar,alpha_beta,run_1,60.00419279374182,timeout,0,8.641918793320656,sat,0.14402191565223374,upper,9,0,0,0.0,0.0,0.0,0.0,21,11,11,0,0.8181818181818182,5,4,1,0.0,0.0,3,6,0.25,56,196,252,0.6666666666666666,3,0,0,0,0.0,0,0,0,2,0.6666666666666666,0.19444444444444445,0
grammar-timeout-48,grammar,epoch_days,run_1,9.820016324520111,sat,1,8.641918793320656,sat,0.8800310007369537,exact,9,0,0,0.0,0.0,0.0,0.0,21,11,11,0,0.8181818181818182,5,4,1,0.0,0.0,3,6,0.25,56,196,252,0.6666666666666666,3,0,0,0,0.0,0,0,0,2,0.6666666666666666,0.19444444444444445,0
grammar-timeout-48,grammar,hybrid_ymd,run_1,60.00424433592707,timeout,0,8.641918793320656,sat,0.144021791940914,upper,9,0,0,0.0,0.0,0.0,0.0,21,11,11,0,0.8181818181818182,5,4,1,0.0,0.0,3,6,0.25,56,196,252,0.6666666666666666,3,0,0,0,0.0,0,0,0,2,0.6666666666666666,0.19444444444444445,0
grammar-timeout-48,grammar,simple,run_1,8.641918793320656,sat,1,8.641918793320656,sat,1.0,exact,9,0,0,0.0,0.0,0.0,0.0,21,11,11,0,0.8181818181818182,5,4,1,0.0,0.0,3,6,0.25,56,196,252,0.6666666666666666,3,0,0,0,0.0,0,0,0,2,0.6666666666666666,0.19444444444444445,0
grammar-timeout-49,grammar,alpha_beta,run_1,60.00434874556959,timeout,0,41.48178900592029,sat,0.6913130443563574,upper,9,0,0,0.0,0.0,0.0,0.0,26,15,15,0,0.9333333333333333,6,3,1,0.0,0.0,5,5,0.4444444444444444,67,198,106,1.0,3,0,0,0,0.0,0,0,1,3,0.7777777777777778,0.19444444444444445,0
grammar-timeout-49,grammar,epoch_days,run_1,60.00282828696072,timeout,0,41.48178900592029,sat,0.6913305620784336,upper,9,0,0,0.0,0.0,0.0,0.0,26,15,15,0,0.9333333333333333,6,3,1,0.0,0.0,5,5,0.4444444444444444,67,198,106,1.0,3,0,0,0,0.0,0,0,1,3,0.7777777777777778,0.19444444444444445,0
grammar-timeout-49,grammar,hybrid_ymd,run_1,60.00399948656559,timeout,0,41.48178900592029,sat,0.6913170682098904,upper,9,0,0,0.0,0.0,0.0,0.0,26,15,15,0,0.9333333333333333,6,3,1,0.0,0.0,5,5,0.4444444444444444,67,198,106,1.0,3,0,0,0,0.0,0,0,1,3,0.7777777777777778,0.19444444444444445,0
grammar-timeout-49,grammar,simple,run_1,41.48178900592029,sat,1,41.48178900592029,sat,1.0,exact,9,0,0,0.0,0.0,0.0,0.0,26,15,15,0,0.9333333333333333,6,3,1,0.0,0.0,5,5,0.4444444444444444,67,198,106,1.0,3,0,0,0,0.0,0,0,1,3,0.7777777777777778,0.19444444444444445,0
grammar-timeout-5,grammar,alpha_beta,run_1,58.39189994055778,sat,1,60.09399335552007,timeout,1.0291494782100772,lower,6,0,0,0.0,0.0,0.0,0.0,12,9,9,0,0.7777777777777778,2,2,1,0.0,0.0,5,2,0.3333333333333333,200,255,1425,1.0,1,0,0,0,0.0,0,0,1,3,0.5,0.26666666666666666,0
grammar-timeout-5,grammar,epoch_days,run_1,0.9433461995795369,sat,1,60.09399335552007,timeout,63.703011028511945,lower,6,0,0,0.0,0.0,0.0,0.0,12,9,9,0,0.7777777777777778,2,2,1,0.0,0.0,5,2,0.3333333333333333,200,255,1425,1.0,1,0,0,0,0.0,0,0,1,3,0.5,0.26666666666666666,0
grammar-timeout-5,grammar,hybrid_ymd,run_1,60.00315592717379,timeout,0,60.09399335552007,timeout,,,6,0,0,0.0,0.0,0.0,0.0,12,9,9,0,0.7777777777777778,2,2,1,0.0,0.0,5,2,0.3333333333333333,200,255,1425,1.0,1,0,0,0,0.0,0,0,1,3,0.5,0.26666666666666666,0
grammar-timeout-5,grammar,simple,run_1,60.09399335552007,timeout,0,60.09399335552007,timeout,,,6,0,0,0.0,0.0,0.0,0.0,12,9,9,0,0.7777777777777778,2,2,1,0.0,0.0,5,2,0.3333333333333333,200,255,1425,1.0,1,0,0,0,0.0,0,0,1,3,0.5,0.26666666666666666,0
grammar-timeout-50,grammar,alpha_beta,run_1,60.00378331076354,timeout,0,9.83196853660047,sat,0.16385581031916036,upper,7,0,0,0.0,0.0,0.0,0.0,15,8,8,0,0.5,3,3,1,0.0,0.0,3,4,0.2,43,42,42,1.0,3,0,0,0,0.0,0,0,0,3,0.5714285714285714,0.19047619047619047,0
grammar-timeout-50,grammar,epoch_days,run_1,60.002631234936416,timeout,0,9.83196853660047,sat,0.16385895641982823,upper,7,0,0,0.0,0.0,0.0,0.0,15,8,8,0,0.5,3,3,1,0.0,0.0,3,4,0.2,43,42,42,1.0,3,0,0,0,0.0,0,0,0,3,0.5714285714285714,0.19047619047619047,0
grammar-timeout-50,grammar,hybrid_ymd,run_1,60.00447191949934,timeout,0,9.83196853660047,sat,0.1638539299169372,upper,7,0,0,0.0,0.0,0.0,0.0,15,8,8,0,0.5,3,3,1,0.0,0.0,3,4,0.2,43,42,42,1.0,3,0,0,0,0.0,0,0,0,3,0.5714285714285714,0.19047619047619047,0
grammar-timeout-50,grammar,simple,run_1,9.83196853660047,sat,1,9.83196853660047,sat,1.0,exact,7,0,0,0.0,0.0,0.0,0.0,15,8,8,0,0.5,3,3,1,0.0,0.0,3,4,0.2,43,42,42,1.0,3,0,0,0,0.0,0,0,0,3,0.5714285714285714,0.19047619047619047,0
grammar-timeout-6,grammar,alpha_beta,run_1,60.03623392060399,timeout,0,12.624575309455395,unsat,0.21028259910758215,upper,10,0,0,0.0,0.0,0.0,0.0,26,15,15,0,0.8,7,4,1,0.0,0.0,3,6,0.3333333333333333,35,500,1260,0.8333333333333334,2,0,0,0,0.0,0,0,1,4,0.4,0.13333333333333333,0
grammar-timeout-6,grammar,epoch_days,run_1,60.003943477757275,timeout,0,12.624575309455395,unsat,0.2103957603075733,upper,10,0,0,0.0,0.0,0.0,0.0,26,15,15,0,0.8,7,4,1,0.0,0.0,3,6,0.3333333333333333,35,500,1260,0.8333333333333334,2,0,0,0,0.0,0,0,1,4,0.4,0.13333333333333333,0
grammar-timeout-6,grammar,hybrid_ymd,run_1,0.05176681559532881,unsat,1,12.624575309455395,unsat,243.87390192481874,exact,10,0,0,0.0,0.0,0.0,0.0,26,15,15,0,0.8,7,4,1,0.0,0.0,3,6,0.3333333333333333,35,500,1260,0.8333333333333334,2,0,0,0,0.0,0,0,1,4,0.4,0.13333333333333333,0
grammar-timeout-6,grammar,simple,run_1,12.624575309455395,unsat,1,12.624575309455395,unsat,1.0,exact,10,0,0,0.0,0.0,0.0,0.0,26,15,15,0,0.8,7,4,1,0.0,0.0,3,6,0.3333333333333333,35,500,1260,0.8333333333333334,2,0,0,0,0.0,0,0,1,4,0.4,0.13333333333333333,0
grammar-timeout-7,grammar,alpha_beta,run_1,60.006346164271235,timeout,0,60.1543601648882,timeout,,,9,0,0,0.0,0.0,0.0,0.0,24,14,14,0,0.7142857142857143,4,2,1,0.0,0.0,6,12,0.0,28,320,720,0.9166666666666666,4,0,0,0,0.0,0,0,0,2,0.6666666666666666,0.25,0
grammar-timeout-7,grammar,epoch_days,run_1,60.006221974268556,timeout,0,60.1543601648882,timeout,,,9,0,0,0.0,0.0,0.0,0.0,24,14,14,0,0.7142857142857143,4,2,1,0.0,0.0,6,12,0.0,28,320,720,0.9166666666666666,4,0,0,0,0.0,0,0,0,2,0.6666666666666666,0.25,0
grammar-timeout-7,grammar,hybrid_ymd,run_1,60.006704171188176,timeout,0,60.1543601648882,timeout,,,9,0,0,0.0,0.0,0.0,0.0,24,14,14,0,0.7142857142857143,4,2,1,0.0,0.0,6,12,0.0,28,320,720,0.9166666666666666,4,0,0,0,0.0,0,0,0,2,0.6666666666666666,0.25,0
grammar-timeout-7,grammar,simple,run_1,60.1543601648882,timeout,0,60.1543601648882,timeout,,,9,0,0,0.0,0.0,0.0,0.0,24,14,14,0,0.7142857142857143,4,2,1,0.0,0.0,6,12,0.0,28,320,720,0.9166666666666666,4,0,0,0,0.0,0,0,0,2,0.6666666666666666,0.25,0
grammar-timeout-8,grammar,alpha_beta,run_1,9.848138940520585,unsat,1,60.08501655049622,timeout,6.101154432668885,lower,6,0,0,0.0,0.0,0.0,0.0,10,8,8,0,0.75,2,3,1,0.0,0.0,5,2,0.0,29,437,903,1.0,1,0,0,0,0.0,0,0,0,2,0.6666666666666666,0.26666666666666666,0
grammar-timeout-8,grammar,epoch_days,run_1,0.014085200615227222,unsat,1,60.08501655049622,timeout,4265.826110104498,lower,6,0,0,0.0,0.0,0.0,0.0,10,8,8,0,0.75,2,3,1,0.0,0.0,5,2,0.0,29,437,903,1.0,1,0,0,0,0.0,0,0,0,2,0.6666666666666666,0.26666666666666666,0
grammar-timeout-8,grammar,hybrid_ymd,run_1,0.01528182439506054,unsat,1,60.08501655049622,timeout,3931.796034112077,lower,6,0,0,0.0,0.0,0.0,0.0,10,8,8,0,0.75,2,3,1,0.0,0.0,5,2,0.0,29,437,903,1.0,1,0,0,0,0.0,0,0,0,2,0.6666666666666666,0.26666666666666666,0
grammar-timeout-8,grammar,simple,run_1,60.08501655049622,timeout,0,60.08501655049622,timeout,,,6,0,0,0.0,0.0,0.0,0.0,10,8,8,0,0.75,2,3,1,0.0,0.0,5,2,0.0,29,437,903,1.0,1,0,0,0,0.0,0,0,0,2,0.6666666666666666,0.26666666666666666,0
grammar-timeout-9,grammar,alpha_beta,run_1,60.009500220417976,timeout,0,60.08356091193855,timeout,,,7,0,0,0.0,0.0,0.0,0.0,17,7,7,0,0.42857142857142855,2,2,1,0.0,0.0,3,9,0.0,172,222,504,1.0,4,0,0,0,0.0,0,0,0,2,0.7142857142857143,0.23809523809523808,0
grammar-timeout-9,grammar,epoch_days,run_1,60.0047867866233,timeout,0,60.08356091193855,timeout,,,7,0,0,0.0,0.0,0.0,0.0,17,7,7,0,0.42857142857142855,2,2,1,0.0,0.0,3,9,0.0,172,222,504,1.0,4,0,0,0,0.0,0,0,0,2,0.7142857142857143,0.23809523809523808,0
grammar-timeout-9,grammar,hybrid_ymd,run_1,60.005561873316765,timeout,0,60.08356091193855,timeout,,,7,0,0,0.0,0.0,0.0,0.0,17,7,7,0,0.42857142857142855,2,2,1,0.0,0.0,3,9,0.0,172,222,504,1.0,4,0,0,0,0.0,0,0,0,2,0.7142857142857143,0.23809523809523808,0
grammar-timeout-9,grammar,simple,run_1,60.08356091193855,timeout,0,60.08356091193855,timeout,,,7,0,0,0.0,0.0,0.0,0.0,17,7,7,0,0.42857142857142855,2,2,1,0.0,0.0,3,9,0.0,172,222,504,1.0,4,0,0,0,0.0,0,0,0,2,0.7142857142857143,0.23809523809523808,0
grammar-unsat-1,grammar,alpha_beta,run_1,60.00560137163848,timeout,0,2.564565879292786,unsat,0.042738774725536256,upper,6,0,0,0.0,0.0,0.0,0.0,16,5,5,0,1.0,0,1,0,0.0,0.0,5,10,0.0,128,80,112,0.9,6,0,0,0,0.0,0,0,0,2,0.5,0.26666666666666666,0
grammar-unsat-1,grammar,epoch_days,run_1,0.20307084452360868,unsat,1,2.564565879292786,unsat,12.628922114886038,exact,6,0,0,0.0,0.0,0.0,0.0,16,5,5,0,1.0,0,1,0,0.0,0.0,5,10,0.0,128,80,112,0.9,6,0,0,0,0.0,0,0,0,2,0.5,0.26666666666666666,0
grammar-unsat-1,grammar,hybrid_ymd,run_1,0.059088096022605896,unsat,1,2.564565879292786,unsat,43.4024118548622,exact,6,0,0,0.0,0.0,0.0,0.0,16,5,5,0,1.0,0,1,0,0.0,0.0,5,10,0.0,128,80,112,0.9,6,0,0,0,0.0,0,0,0,2,0.5,0.26666666666666666,0
grammar-unsat-1,grammar,simple,run_1,2.564565879292786,unsat,1,2.564565879292786,unsat,1.0,exact,6,0,0,0.0,0.0,0.0,0.0,16,5,5,0,1.0,0,1,0,0.0,0.0,5,10,0.0,128,80,112,0.9,6,0,0,0,0.0,0,0,0,2,0.5,0.26666666666666666,0
grammar-unsat-10,grammar,alpha_beta,run_1,60.03638258576393,timeout,0,2.0537809543311596,unsat,0.03420893907785444,upper,8,0,0,0.0,0.0,0.0,0.0,25,10,10,0,0.6,3,2,1,0.0,0.0,4,15,0.0,51,36,56,0.9333333333333333,5,0,0,0,0.0,0,0,1,3,0.5,0.17857142857142858,0
grammar-unsat-10,grammar,epoch_days,run_1,60.00538531411439,timeout,0,2.0537809543311596,unsat,0.03422661055470419,upper,8,0,0,0.0,0.0,0.0,0.0,25,10,10,0,0.6,3,2,1,0.0,0.0,4,15,0.0,51,36,56,0.9333333333333333,5,0,0,0,0.0,0,0,1,3,0.5,0.17857142857142858,0
grammar-unsat-10,grammar,hybrid_ymd,run_1,0.1336032459512353,unsat,1,2.0537809543311596,unsat,15.3722384490627,exact,8,0,0,0.0,0.0,0.0,0.0,25,10,10,0,0.6,3,2,1,0.0,0.0,4,15,0.0,51,36,56,0.9333333333333333,5,0,0,0,0.0,0,0,1,3,0.5,0.17857142857142858,0
grammar-unsat-10,grammar,simple,run_1,2.0537809543311596,unsat,1,2.0537809543311596,unsat,1.0,exact,8,0,0,0.0,0.0,0.0,0.0,25,10,10,0,0.6,3,2,1,0.0,0.0,4,15,0.0,51,36,56,0.9333333333333333,5,0,0,0,0.0,0,0,1,3,0.5,0.17857142857142858,0
grammar-unsat-11,grammar,alpha_beta,run_1,60.00359539408237,timeout,0,0.5248351832851768,unsat,0.008746728922462815,upper,8,0,0,0.1111111111111111,0.1111111111111111,0.0,0.0,19,8,8,0,0.625,0,1,0,0.0,0.0,8,4,0.3333333333333333,140,70,42,1.0,2,0,0,0,0.0,0,0,1,6,0.2222222222222222,0.08333333333333333,0
grammar-unsat-11,grammar,epoch_days,run_1,60.003335054032505,timeout,0,0.5248351832851768,unsat,0.008746766872417459,upper,8,0,0,0.1111111111111111,0.1111111111111111,0.0,0.0,19,8,8,0,0.625,0,1,0,0.0,0.0,8,4,0.3333333333333333,140,70,42,1.0,2,0,0,0,0.0,0,0,1,6,0.2222222222222222,0.08333333333333333,0
grammar-unsat-11,grammar,hybrid_ymd,run_1,0.041921631433069706,unsat,1,0.5248351832851768,unsat,12.51943603681327,exact,8,0,0,0.1111111111111111,0.1111111111111111,0.0,0.0,19,8,8,0,0.625,0,1,0,0.0,0.0,8,4,0.3333333333333333,140,70,42,1.0,2,0,0,0,0.0,0,0,1,6,0.2222222222222222,0.08333333333333333,0
grammar-unsat-11,grammar,simple,run_1,0.5248351832851768,unsat,1,0.5248351832851768,unsat,1.0,exact,8,0,0,0.1111111111111111,0.1111111111111111,0.0,0.0,19,8,8,0,0.625,0,1,0,0.0,0.0,8,4,0.3333333333333333,140,70,42,1.0,2,0,0,0,0.0,0,0,1,6,0.2222222222222222,0.08333333333333333,0
grammar-unsat-12,grammar,alpha_beta,run_1,0.002390488050878048,unsat,1,0.03424589615315199,unsat,14.325901416061528,exact,9,0,0,0.1,0.1,0.0,0.0,31,14,14,0,0.5714285714285714,5,3,1,0.0,0.0,5,16,0.1111111111111111,64,90,532,0.9375,5,0,0,0,0.0,0,0,1,3,0.7,0.15555555555555556,0
grammar-unsat-12,grammar,epoch_days,run_1,0.0017901398241519928,unsat,1,0.03424589615315199,unsat,19.130291215868912,exact,9,0,0,0.1,0.1,0.0,0.0,31,14,14,0,0.5714285714285714,5,3,1,0.0,0.0,5,16,0.1111111111111111,64,90,532,0.9375,5,0,0,0,0.0,0,0,1,3,0.7,0.15555555555555556,0
grammar-unsat-12,grammar,hybrid_ymd,run_1,0.001723109744489193,unsat,1,0.03424589615315199,unsat,19.87447187428216,exact,9,0,0,0.1,0.1,0.0,0.0,31,14,14,0,0.5714285714285714,5,3,1,0.0,0.0,5,16,0.1111111111111111,64,90,532,0.9375,5,0,0,0,0.0,0,0,1,3,0.7,0.15555555555555556,0
grammar-unsat-12,grammar,simple,run_1,0.03424589615315199,unsat,1,0.03424589615315199,unsat,1.0,exact,9,0,0,0.1,0.1,0.0,0.0,31,14,14,0,0.5714285714285714,5,3,1,0.0,0.0,5,16,0.1111111111111111,64,90,532,0.9375,5,0,0,0,0.0,0,0,1,3,0.7,0.15555555555555556,0
grammar-unsat-13,grammar,alpha_beta,run_1,0.1309350784868002,unsat,1,0.44945363979786634,unsat,3.4326449794214358,exact,5,0,0,0.16666666666666666,0.16666666666666666,0.0,0.0,25,7,7,0,0.8571428571428571,0,1,0,0.0,0.0,7,12,0.2,81,150,333,0.9166666666666666,7,0,0,0,0.0,0,0,0,4,0.5,0.13333333333333333,0
grammar-unsat-13,grammar,epoch_days,run_1,0.19719272572547197,unsat,1,0.44945363979786634,unsat,2.279260749321896,exact,5,0,0,0.16666666666666666,0.16666666666666666,0.0,0.0,25,7,7,0,0.8571428571428571,0,1,0,0.0,0.0,7,12,0.2,81,150,333,0.9166666666666666,7,0,0,0,0.0,0,0,0,4,0.5,0.13333333333333333,0
grammar-unsat-13,grammar,hybrid_ymd,run_1,0.041949604637920856,unsat,1,0.44945363979786634,unsat,10.714132914415533,exact,5,0,0,0.16666666666666666,0.16666666666666666,0.0,0.0,25,7,7,0,0.8571428571428571,0,1,0,0.0,0.0,7,12,0.2,81,150,333,0.9166666666666666,7,0,0,0,0.0,0,0,0,4,0.5,0.13333333333333333,0
grammar-unsat-13,grammar,simple,run_1,0.44945363979786634,unsat,1,0.44945363979786634,unsat,1.0,exact,5,0,0,0.16666666666666666,0.16666666666666666,0.0,0.0,25,7,7,0,0.8571428571428571,0,1,0,0.0,0.0,7,12,0.2,81,150,333,0.9166666666666666,7,0,0,0,0.0,0,0,0,4,0.5,0.13333333333333333,0
grammar-unsat-14,grammar,alpha_beta,run_1,60.00637498404831,timeout,0,0.5550857558846474,unsat,0.009250446407272689,upper,9,0,0,0.0,0.0,0.0,0.0,26,12,12,0,0.75,2,2,1,0.0,0.0,8,15,0.0,54,28,54,0.8,5,0,0,0,0.0,0,0,0,2,0.8888888888888888,0.2222222222222222,0
grammar-unsat-14,grammar,epoch_days,run_1,60.00680921692401,timeout,0,0.5550857558846474,unsat,0.00925037946740374,upper,9,0,0,0.0,0.0,0.0,0.0,26,12,12,0,0.75,2,2,1,0.0,0.0,8,15,0.0,54,28,54,0.8,5,0,0,0,0.0,0,0,0,2,0.8888888888888888,0.2222222222222222,0
grammar-unsat-14,grammar,hybrid_ymd,run_1,0.10481189470738173,unsat,1,0.5550857558846474,unsat,5.296018714615925,exact,9,0,0,0.0,0.0,0.0,0.0,26,12,12,0,0.75,2,2,1,0.0,0.0,8,15,0.0,54,28,54,0.8,5,0,0,0,0.0,0,0,0,2,0.8888888888888888,0.2222222222222222,0
grammar-unsat-14,grammar,simple,run_1,0.5550857558846474,unsat,1,0.5550857558846474,unsat,1.0,exact,9,0,0,0.0,0.0,0.0,0.0,26,12,12,0,0.75,2,2,1,0.0,0.0,8,15,0.0,54,28,54,0.8,5,0,0,0,0.0,0,0,0,2,0.8888888888888888,0.2222222222222222,0
grammar-unsat-15,grammar,alpha_beta,run_1,0.0035152900964021683,unsat,1,0.055080835707485676,unsat,15.668930357656642,exact,6,0,0,0.14285714285714285,0.14285714285714285,0.0,0.0,24,11,11,0,0.8181818181818182,4,3,1,0.0,0.0,4,10,0.16666666666666666,159,611,612,1.0,8,0,0,0,0.0,0,0,1,2,0.5714285714285714,0.23809523809523808,0
grammar-unsat-15,grammar,epoch_days,run_1,0.0025457674637436867,unsat,1,0.055080835707485676,unsat,21.636239951973607,exact,6,0,0,0.14285714285714285,0.14285714285714285,0.0,0.0,24,11,11,0,0.8181818181818182,4,3,1,0.0,0.0,4,10,0.16666666666666666,159,611,612,1.0,8,0,0,0,0.0,0,0,1,2,0.5714285714285714,0.23809523809523808,0
grammar-unsat-15,grammar,hybrid_ymd,run_1,0.0031167669221758842,unsat,1,0.055080835707485676,unsat,17.672426935612023,exact,6,0,0,0.14285714285714285,0.14285714285714285,0.0,0.0,24,11,11,0,0.8181818181818182,4,3,1,0.0,0.0,4,10,0.16666666666666666,159,611,612,1.0,8,0,0,0,0.0,0,0,1,2,0.5714285714285714,0.23809523809523808,0
grammar-unsat-15,grammar,simple,run_1,0.055080835707485676,unsat,1,0.055080835707485676,unsat,1.0,exact,6,0,0,0.14285714285714285,0.14285714285714285,0.0,0.0,24,11,11,0,0.8181818181818182,4,3,1,0.0,0.0,4,10,0.16666666666666666,159,611,612,1.0,8,0,0,0,0.0,0,0,1,2,0.5714285714285714,0.23809523809523808,0
grammar-unsat-16,grammar,alpha_beta,run_1,60.009628172032535,timeout,0,60.04416282195598,timeout,,,10,0,0,0.0,0.0,0.0,0.0,35,16,16,0,0.75,6,3,1,0.0,0.0,6,18,0.14285714285714285,72,378,189,0.8888888888888888,5,0,0,0,0.0,0,0,0,1,1.0,0.26666666666666666,0
grammar-unsat-16,grammar,epoch_days,run_1,60.00901560112834,timeout,0,60.04416282195598,timeout,,,10,0,0,0.0,0.0,0.0,0.0,35,16,16,0,0.75,6,3,1,0.0,0.0,6,18,0.14285714285714285,72,378,189,0.8888888888888888,5,0,0,0,0.0,0,0,0,1,1.0,0.26666666666666666,0
grammar-unsat-16,grammar,hybrid_ymd,run_1,60.00839059334248,timeout,0,60.04416282195598,timeout,,,10,0,0,0.0,0.0,0.0,0.0,35,16,16,0,0.75,6,3,1,0.0,0.0,6,18,0.14285714285714285,72,378,189,0.8888888888888888,5,0,0,0,0.0,0,0,0,1,1.0,0.26666666666666666,0
grammar-unsat-16,grammar,simple,run_1,60.04416282195598,timeout,0,60.04416282195598,timeout,,,10,0,0,0.0,0.0,0.0,0.0,35,16,16,0,0.75,6,3,1,0.0,0.0,6,18,0.14285714285714285,72,378,189,0.8888888888888888,5,0,0,0,0.0,0,0,0,1,1.0,0.26666666666666666,0
grammar-unsat-17,grammar,alpha_beta,run_1,60.00418221950531,timeout,0,60.02934473473579,timeout,,,8,0,0,0.0,0.0,0.0,0.0,28,15,15,0,0.6,8,5,1,0.0,0.0,3,7,0.46153846153846156,60,90,240,0.8571428571428571,5,0,0,0,0.0,0,0,1,3,0.75,0.25,0
grammar-unsat-17,grammar,epoch_days,run_1,60.00653251167387,timeout,0,60.02934473473579,timeout,,,8,0,0,0.0,0.0,0.0,0.0,28,15,15,0,0.6,8,5,1,0.0,0.0,3,7,0.46153846153846156,60,90,240,0.8571428571428571,5,0,0,0,0.0,0,0,1,3,0.75,0.25,0
grammar-unsat-17,grammar,hybrid_ymd,run_1,60.009606446139514,timeout,0,60.02934473473579,timeout,,,8,0,0,0.0,0.0,0.0,0.0,28,15,15,0,0.6,8,5,1,0.0,0.0,3,7,0.46153846153846156,60,90,240,0.8571428571428571,5,0,0,0,0.0,0,0,1,3,0.75,0.25,0
grammar-unsat-17,grammar,simple,run_1,60.02934473473579,timeout,0,60.02934473473579,timeout,,,8,0,0,0.0,0.0,0.0,0.0,28,15,15,0,0.6,8,5,1,0.0,0.0,3,7,0.46153846153846156,60,90,240,0.8571428571428571,5,0,0,0,0.0,0,0,1,3,0.75,0.25,0
grammar-unsat-18,grammar,alpha_beta,run_1,60.00544965825975,timeout,0,0.43261216953396797,unsat,0.007209547999352737,upper,5,0,0,0.16666666666666666,0.16666666666666666,0.0,0.0,19,9,9,0,0.6666666666666666,2,2,1,0.0,0.0,5,6,0.25,18,9,14,1.0,4,0,0,0,0.0,0,0,1,3,0.5,0.2,0
grammar-unsat-18,grammar,epoch_days,run_1,60.00367259886116,timeout,0,0.43261216953396797,unsat,0.007209761516200572,upper,5,0,0,0.16666666666666666,0.16666666666666666,0.0,0.0,19,9,9,0,0.6666666666666666,2,2,1,0.0,0.0,5,6,0.25,18,9,14,1.0,4,0,0,0,0.0,0,0,1,3,0.5,0.2,0
grammar-unsat-18,grammar,hybrid_ymd,run_1,0.2452934505417943,unsat,1,0.43261216953396797,unsat,1.7636515307621612,exact,5,0,0,0.16666666666666666,0.16666666666666666,0.0,0.0,19,9,9,0,0.6666666666666666,2,2,1,0.0,0.0,5,6,0.25,18,9,14,1.0,4,0,0,0,0.0,0,0,1,3,0.5,0.2,0
grammar-unsat-18,grammar,simple,run_1,0.43261216953396797,unsat,1,0.43261216953396797,unsat,1.0,exact,5,0,0,0.16666666666666666,0.16666666666666666,0.0,0.0,19,9,9,0,0.6666666666666666,2,2,1,0.0,0.0,5,6,0.25,18,9,14,1.0,4,0,0,0,0.0,0,0,1,3,0.5,0.2,0
grammar-unsat-19,grammar,alpha_beta,run_1,0.05808558780699968,unsat,1,0.4162327265366912,unsat,7.165852016849737,exact,9,0,0,0.0,0.0,0.0,0.0,21,10,10,0,0.8,4,4,1,0.0,0.0,4,6,0.14285714285714285,54,144,216,0.8333333333333334,5,0,0,0,0.0,0,0,1,4,0.4444444444444444,0.1388888888888889,0
grammar-unsat-19,grammar,epoch_days,run_1,0.18627655413001776,unsat,1,0.4162327265366912,unsat,2.234488008867547,exact,9,0,0,0.0,0.0,0.0,0.0,21,10,10,0,0.8,4,4,1,0.0,0.0,4,6,0.14285714285714285,54,144,216,0.8333333333333334,5,0,0,0,0.0,0,0,1,4,0.4444444444444444,0.1388888888888889,0
grammar-unsat-19,grammar,hybrid_ymd,run_1,0.04735897947102785,unsat,1,0.4162327265366912,unsat,8.788887159009077,exact,9,0,0,0.0,0.0,0.0,0.0,21,10,10,0,0.8,4,4,1,0.0,0.0,4,6,0.14285714285714285,54,144,216,0.8333333333333334,5,0,0,0,0.0,0,0,1,4,0.4444444444444444,0.1388888888888889,0
grammar-unsat-19,grammar,simple,run_1,0.4162327265366912,unsat,1,0.4162327265366912,unsat,1.0,exact,9,0,0,0.0,0.0,0.0,0.0,21,10,10,0,0.8,4,4,1,0.0,0.0,4,6,0.14285714285714285,54,144,216,0.8333333333333334,5,0,0,0,0.0,0,0,1,4,0.4444444444444444,0.1388888888888889,0
grammar-unsat-2,grammar,alpha_beta,run_1,60.00444748811424,timeout,0,60.02815736550838,timeout,,,8,0,0,0.2,0.2,0.0,0.0,27,15,15,0,0.6,6,3,1,0.0,0.0,5,11,0.08333333333333333,182,175,161,0.7272727272727273,5,0,0,0,0.0,0,0,1,2,0.7,0.17777777777777778,0
grammar-unsat-2,grammar,epoch_days,run_1,60.02306594513357,timeout,0,60.02815736550838,timeout,,,8,0,0,0.2,0.2,0.0,0.0,27,15,15,0,0.6,6,3,1,0.0,0.0,5,11,0.08333333333333333,182,175,161,0.7272727272727273,5,0,0,0,0.0,0,0,1,2,0.7,0.17777777777777778,0
grammar-unsat-2,grammar,hybrid_ymd,run_1,60.00574666913599,timeout,0,60.02815736550838,timeout,,,8,0,0,0.2,0.2,0.0,0.0,27,15,15,0,0.6,6,3,1,0.0,0.0,5,11,0.08333333333333333,182,175,161,0.7272727272727273,5,0,0,0,0.0,0,0,1,2,0.7,0.17777777777777778,0
grammar-unsat-2,grammar,simple,run_1,60.02815736550838,timeout,0,60.02815736550838,timeout,,,8,0,0,0.2,0.2,0.0,0.0,27,15,15,0,0.6,6,3,1,0.0,0.0,5,11,0.08333333333333333,182,175,161,0.7272727272727273,5,0,0,0,0.0,0,0,1,2,0.7,0.17777777777777778,0
grammar-unsat-20,grammar,alpha_beta,run_1,60.00333331897855,timeout,0,14.441407513804734,sat,0.24067675435686234,upper,6,0,0,0.0,0.0,0.0,0.0,16,9,9,0,0.7777777777777778,2,2,1,0.0,0.0,5,4,0.3333333333333333,147,252,266,0.75,3,0,0,0,0.0,0,0,1,1,1.0,0.3333333333333333,0
grammar-unsat-20,grammar,epoch_days,run_1,21.938236077316105,sat,1,14.441407513804734,sat,0.6582756910313765,exact,6,0,0,0.0,0.0,0.0,0.0,16,9,9,0,0.7777777777777778,2,2,1,0.0,0.0,5,4,0.3333333333333333,147,252,266,0.75,3,0,0,0,0.0,0,0,1,1,1.0,0.3333333333333333,0
grammar-unsat-20,grammar,hybrid_ymd,run_1,60.01064737420529,timeout,0,14.441407513804734,sat,0.24064742084439109,upper,6,0,0,0.0,0.0,0.0,0.0,16,9,9,0,0.7777777777777778,2,2,1,0.0,0.0,5,4,0.3333333333333333,147,252,266,0.75,3,0,0,0,0.0,0,0,1,1,1.0,0.3333333333333333,0
grammar-unsat-20,grammar,simple,run_1,14.441407513804734,sat,1,14.441407513804734,sat,1.0,exact,6,0,0,0.0,0.0,0.0,0.0,16,9,9,0,0.7777777777777778,2,2,1,0.0,0.0,5,4,0.3333333333333333,147,252,266,0.75,3,0,0,0,0.0,0,0,1,1,1.0,0.3333333333333333,0
grammar-unsat-21,grammar,alpha_beta,run_1,0.015830152668058872,unsat,1,0.22510153707116842,unsat,14.219795714627866,exact,8,0,0,0.0,0.0,0.0,0.0,16,10,10,0,0.7,3,3,1,0.0,0.0,5,4,0.2,45,39,192,0.75,3,0,0,0,0.0,0,0,1,3,0.625,0.17857142857142858,0
grammar-unsat-21,grammar,epoch_days,run_1,0.014791358262300491,unsat,1,0.22510153707116842,unsat,15.218449386416154,exact,8,0,0,0.0,0.0,0.0,0.0,16,10,10,0,0.7,3,3,1,0.0,0.0,5,4,0.2,45,39,192,0.75,3,0,0,0,0.0,0,0,1,3,0.625,0.17857142857142858,0
grammar-unsat-21,grammar,hybrid_ymd,run_1,0.008685489185154438,unsat,1,0.22510153707116842,unsat,25.916967055341036,exact,8,0,0,0.0,0.0,0.0,0.0,16,10,10,0,0.7,3,3,1,0.0,0.0,5,4,0.2,45,39,192,0.75,3,0,0,0,0.0,0,0,1,3,0.625,0.17857142857142858,0
grammar-unsat-21,grammar,simple,run_1,0.22510153707116842,unsat,1,0.22510153707116842,unsat,1.0,exact,8,0,0,0.0,0.0,0.0,0.0,16,10,10,0,0.7,3,3,1,0.0,0.0,5,4,0.2,45,39,192,0.75,3,0,0,0,0.0,0,0,1,3,0.625,0.17857142857142858,0
grammar-unsat-22,grammar,alpha_beta,run_1,60.005007608793676,timeout,0,11.058217721991241,sat,0.18428824797566845,upper,8,0,0,0.2,0.2,0.0,0.0,34,18,18,0,0.5,8,3,1,0.0,0.0,4,10,0.3333333333333333,63,225,114,0.9,5,0,0,0,0.0,0,0,1,2,0.8,0.2,0
grammar-unsat-22,grammar,epoch_days,run_1,60.00387524347752,timeout,0,11.058217721991241,sat,0.1842917257780493,upper,8,0,0,0.2,0.2,0.0,0.0,34,18,18,0,0.5,8,3,1,0.0,0.0,4,10,0.3333333333333333,63,225,114,0.9,5,0,0,0,0.0,0,0,1,2,0.8,0.2,0
grammar-unsat-22,grammar,hybrid_ymd,run_1,60.00428652949631,timeout,0,11.058217721991241,sat,0.18429046259145757,upper,8,0,0,0.2,0.2,0.0,0.0,34,18,18,0,0.5,8,3,1,0.0,0.0,4,10,0.3333333333333333,63,225,114,0.9,5,0,0,0,0.0,0,0,1,2,0.8,0.2,0
grammar-unsat-22,grammar,simple,run_1,11.058217721991241,sat,1,11.058217721991241,sat,1.0,exact,8,0,0,0.2,0.2,0.0,0.0,34,18,18,0,0.5,8,3,1,0.0,0.0,4,10,0.3333333333333333,63,225,114,0.9,5,0,0,0,0.0,0,0,1,2,0.8,0.2,0
grammar-unsat-23,grammar,alpha_beta,run_1,60.0037631848827,timeout,0,12.79060130007565,sat,0.21316331878494754,upper,8,0,0,0.0,0.0,0.0,0.0,22,13,13,0,0.38461538461538464,8,6,1,0.0,0.0,3,4,0.5,60,24,42,1.0,2,0,0,0,0.0,0,0,1,2,0.75,0.21428571428571427,0
grammar-unsat-23,grammar,epoch_days,run_1,41.86847017984837,sat,1,12.79060130007565,sat,0.3054948328690516,exact,8,0,0,0.0,0.0,0.0,0.0,22,13,13,0,0.38461538461538464,8,6,1,0.0,0.0,3,4,0.5,60,24,42,1.0,2,0,0,0,0.0,0,0,1,2,0.75,0.21428571428571427,0
grammar-unsat-23,grammar,hybrid_ymd,run_1,60.004281448200345,timeout,0,12.79060130007565,sat,0.2131614776708449,upper,8,0,0,0.0,0.0,0.0,0.0,22,13,13,0,0.38461538461538464,8,6,1,0.0,0.0,3,4,0.5,60,24,42,1.0,2,0,0,0,0.0,0,0,1,2,0.75,0.21428571428571427,0
grammar-unsat-23,grammar,simple,run_1,12.79060130007565,sat,1,12.79060130007565,sat,1.0,exact,8,0,0,0.0,0.0,0.0,0.0,22,13,13,0,0.38461538461538464,8,6,1,0.0,0.0,3,4,0.5,60,24,42,1.0,2,0,0,0,0.0,0,0,1,2,0.75,0.21428571428571427,0
grammar-unsat-24,grammar,alpha_beta,run_1,60.00723143108189,timeout,0,0.6659514149650931,unsat,0.011097852693469723,upper,6,0,0,0.0,0.0,0.0,0.0,20,8,8,0,0.75,2,3,1,0.0,0.0,5,8,0.2727272727272727,35,42,35,0.75,3,0,0,0,0.0,0,0,0,3,0.3333333333333333,0.2,0
grammar-unsat-24,grammar,epoch_days,run_1,60.00387709401548,timeout,0,0.6659514149650931,unsat,0.011098473085691861,upper,6,0,0,0.0,0.0,0.0,0.0,20,8,8,0,0.75,2,3,1,0.0,0.0,5,8,0.2727272727272727,35,42,35,0.75,3,0,0,0,0.0,0,0,0,3,0.3333333333333333,0.2,0
grammar-unsat-24,grammar,hybrid_ymd,run_1,0.06283956486731768,unsat,1,0.6659514149650931,unsat,10.597645231490914,exact,6,0,0,0.0,0.0,0.0,0.0,20,8,8,0,0.75,2,3,1,0.0,0.0,5,8,0.2727272727272727,35,42,35,0.75,3,0,0,0,0.0,0,0,0,3,0.3333333333333333,0.2,0
grammar-unsat-24,grammar,simple,run_1,0.6659514149650931,unsat,1,0.6659514149650931,unsat,1.0,exact,6,0,0,0.0,0.0,0.0,0.0,20,8,8,0,0.75,2,3,1,0.0,0.0,5,8,0.2727272727272727,35,42,35,0.75,3,0,0,0,0.0,0,0,0,3,0.3333333333333333,0.2,0
grammar-unsat-25,grammar,alpha_beta,run_1,60.00538111291826,timeout,0,60.0254962136969,timeout,,,10,0,0,0.0,0.0,0.0,0.0,31,17,17,0,0.7647058823529411,9,4,1,0.0,0.0,3,9,0.3076923076923077,23,12,47,0.8888888888888888,5,0,0,0,0.0,0,0,1,2,0.8,0.2,0
grammar-unsat-25,grammar,epoch_days,run_1,60.019988370127976,timeout,0,60.0254962136969,timeout,,,10,0,0,0.0,0.0,0.0,0.0,31,17,17,0,0.7647058823529411,9,4,1,0.0,0.0,3,9,0.3076923076923077,23,12,47,0.8888888888888888,5,0,0,0,0.0,0,0,1,2,0.8,0.2,0
grammar-unsat-25,grammar,hybrid_ymd,run_1,60.00517573952675,timeout,0,60.0254962136969,timeout,,,10,0,0,0.0,0.0,0.0,0.0,31,17,17,0,0.7647058823529411,9,4,1,0.0,0.0,3,9,0.3076923076923077,23,12,47,0.8888888888888888,5,0,0,0,0.0,0,0,1,2,0.8,0.2,0
grammar-unsat-25,grammar,simple,run_1,60.0254962136969,timeout,0,60.0254962136969,timeout,,,10,0,0,0.0,0.0,0.0,0.0,31,17,17,0,0.7647058823529411,9,4,1,0.0,0.0,3,9,0.3076923076923077,23,12,47,0.8888888888888888,5,0,0,0,0.0,0,0,1,2,0.8,0.2,0
grammar-unsat-26,grammar,alpha_beta,run_1,60.003817345015705,timeout,0,0.2797430222854018,unsat,0.004662087091508005,upper,7,0,0,0.0,0.0,0.0,0.0,18,9,9,0,0.6666666666666666,2,2,1,0.0,0.0,5,5,0.16666666666666666,62,32,26,0.8,2,0,0,0,0.0,0,0,1,5,0.2857142857142857,0.09523809523809523,0
grammar-unsat-26,grammar,epoch_days,run_1,60.007315224036574,timeout,0,0.2797430222854018,unsat,0.0046618153343635635,upper,7,0,0,0.0,0.0,0.0,0.0,18,9,9,0,0.6666666666666666,2,2,1,0.0,0.0,5,5,0.16666666666666666,62,32,26,0.8,2,0,0,0,0.0,0,0,1,5,0.2857142857142857,0.09523809523809523,0
grammar-unsat-26,grammar,hybrid_ymd,run_1,0.022584926337003708,unsat,1,0.2797430222854018,unsat,12.386271184204125,exact,7,0,0,0.0,0.0,0.0,0.0,18,9,9,0,0.6666666666666666,2,2,1,0.0,0.0,5,5,0.16666666666666666,62,32,26,0.8,2,0,0,0,0.0,0,0,1,5,0.2857142857142857,0.09523809523809523,0
grammar-unsat-26,grammar,simple,run_1,0.2797430222854018,unsat,1,0.2797430222854018,unsat,1.0,exact,7,0,0,0.0,0.0,0.0,0.0,18,9,9,0,0.6666666666666666,2,2,1,0.0,0.0,5,5,0.16666666666666666,62,32,26,0.8,2,0,0,0,0.0,0,0,1,5,0.2857142857142857,0.09523809523809523,0
grammar-unsat-27,grammar,alpha_beta,run_1,0.0012454278767108917,unsat,1,0.016346161253750324,unsat,13.124936063676092,exact,10,0,0,0.0,0.0,0.0,0.0,25,12,12,0,0.5,4,2,1,0.0,0.0,4,8,0.2727272727272727,90,180,175,1.0,2,0,0,0,0.0,0,0,1,5,0.3,0.1111111111111111,0
grammar-unsat-27,grammar,epoch_days,run_1,0.0008061304688453674,unsat,1,0.016346161253750324,unsat,20.277314759189256,exact,10,0,0,0.0,0.0,0.0,0.0,25,12,12,0,0.5,4,2,1,0.0,0.0,4,8,0.2727272727272727,90,180,175,1.0,2,0,0,0,0.0,0,0,1,5,0.3,0.1111111111111111,0
grammar-unsat-27,grammar,hybrid_ymd,run_1,0.0009789280593395233,unsat,1,0.016346161253750324,unsat,16.69802096057904,exact,10,0,0,0.0,0.0,0.0,0.0,25,12,12,0,0.5,4,2,1,0.0,0.0,4,8,0.2727272727272727,90,180,175,1.0,2,0,0,0,0.0,0,0,1,5,0.3,0.1111111111111111,0
grammar-unsat-27,grammar,simple,run_1,0.016346161253750324,unsat,1,0.016346161253750324,unsat,1.0,exact,10,0,0,0.0,0.0,0.0,0.0,25,12,12,0,0.5,4,2,1,0.0,0.0,4,8,0.2727272727272727,90,180,175,1.0,2,0,0,0,0.0,0,0,1,5,0.3,0.1111111111111111,0
grammar-unsat-28,grammar,alpha_beta,run_1,60.00353030208498,timeout,0,0.34592734929174185,unsat,0.005765116611475803,upper,7,0,0,0.0,0.0,0.0,0.0,12,7,7,0,0.42857142857142855,0,1,0,0.0,0.0,7,3,0.0,18,16,30,0.6666666666666666,1,0,0,0,0.0,0,0,0,3,0.5714285714285714,0.23809523809523808,0
grammar-unsat-28,grammar,epoch_days,run_1,1.6088987700641155,unsat,1,0.34592734929174185,unsat,0.21500877229084864,exact,7,0,0,0.0,0.0,0.0,0.0,12,7,7,0,0.42857142857142855,0,1,0,0.0,0.0,7,3,0.0,18,16,30,0.6666666666666666,1,0,0,0,0.0,0,0,0,3,0.5714285714285714,0.23809523809523808,0
grammar-unsat-28,grammar,hybrid_ymd,run_1,0.019237089902162552,unsat,1,0.34592734929174185,unsat,17.98231182840468,exact,7,0,0,0.0,0.0,0.0,0.0,12,7,7,0,0.42857142857142855,0,1,0,0.0,0.0,7,3,0.0,18,16,30,0.6666666666666666,1,0,0,0,0.0,0,0,0,3,0.5714285714285714,0.23809523809523808,0
grammar-unsat-28,grammar,simple,run_1,0.34592734929174185,unsat,1,0.34592734929174185,unsat,1.0,exact,7,0,0,0.0,0.0,0.0,0.0,12,7,7,0,0.42857142857142855,0,1,0,0.0,0.0,7,3,0.0,18,16,30,0.6666666666666666,1,0,0,0,0.0,0,0,0,3,0.5714285714285714,0.23809523809523808,0
grammar-unsat-29,grammar,alpha_beta,run_1,0.02876219805330038,unsat,1,0.46169694792479277,unsat,16.052213640598804,exact,9,0,0,0.0,0.0,0.0,0.0,19,14,14,0,0.7142857142857143,4,4,1,0.0,0.0,8,4,0.0,21,55,34,1.0,2,0,0,0,0.0,0,0,0,3,0.5555555555555556,0.19444444444444445,0
grammar-unsat-29,grammar,epoch_days,run_1,0.014648240990936756,unsat,1,0.46169694792479277,unsat,31.518934472095083,exact,9,0,0,0.0,0.0,0.0,0.0,19,14,14,0,0.7142857142857143,4,4,1,0.0,0.0,8,4,0.0,21,55,34,1.0,2,0,0,0,0.0,0,0,0,3,0.5555555555555556,0.19444444444444445,0
grammar-unsat-29,grammar,hybrid_ymd,run_1,0.03165708761662245,unsat,1,0.46169694792479277,unsat,14.58431532035075,exact,9,0,0,0.0,0.0,0.0,0.0,19,14,14,0,0.7142857142857143,4,4,1,0.0,0.0,8,4,0.0,21,55,34,1.0,2,0,0,0,0.0,0,0,0,3,0.5555555555555556,0.19444444444444445,0
grammar-unsat-29,grammar,simple,run_1,0.46169694792479277,unsat,1,0.46169694792479277,unsat,1.0,exact,9,0,0,0.0,0.0,0.0,0.0,19,14,14,0,0.7142857142857143,4,4,1,0.0,0.0,8,4,0.0,21,55,34,1.0,2,0,0,0,0.0,0,0,0,3,0.5555555555555556,0.19444444444444445,0
grammar-unsat-3,grammar,alpha_beta,run_1,60.033095171675086,timeout,0,60.030185632407665,timeout,,,8,0,0,0.2,0.2,0.0,0.0,27,15,15,0,0.6,6,3,1,0.0,0.0,5,11,0.08333333333333333,182,175,161,0.7272727272727273,5,0,0,0,0.0,0,0,1,2,0.7,0.17777777777777778,0
grammar-unsat-3,grammar,epoch_days,run_1,60.00504763890058,timeout,0,60.030185632407665,timeout,,,8,0,0,0.2,0.2,0.0,0.0,27,15,15,0,0.6,6,3,1,0.0,0.0,5,11,0.08333333333333333,182,175,161,0.7272727272727273,5,0,0,0,0.0,0,0,1,2,0.7,0.17777777777777778,0
grammar-unsat-3,grammar,hybrid_ymd,run_1,60.00533277262002,timeout,0,60.030185632407665,timeout,,,8,0,0,0.2,0.2,0.0,0.0,27,15,15,0,0.6,6,3,1,0.0,0.0,5,11,0.08333333333333333,182,175,161,0.7272727272727273,5,0,0,0,0.0,0,0,1,2,0.7,0.17777777777777778,0
grammar-unsat-3,grammar,simple,run_1,60.030185632407665,timeout,0,60.030185632407665,timeout,,,8,0,0,0.2,0.2,0.0,0.0,27,15,15,0,0.6,6,3,1,0.0,0.0,5,11,0.08333333333333333,182,175,161,0.7272727272727273,5,0,0,0,0.0,0,0,1,2,0.7,0.17777777777777778,0
grammar-unsat-30,grammar,alpha_beta,run_1,60.00415800791234,timeout,0,0.23044925648719072,unsat,0.003840554790499734,upper,7,0,0,0.0,0.0,0.0,0.0,19,9,9,0,0.6666666666666666,2,2,1,0.0,0.0,5,5,0.2857142857142857,62,32,26,0.8,2,0,0,0,0.0,0,0,1,5,0.2857142857142857,0.09523809523809523,0
grammar-unsat-30,grammar,epoch_days,run_1,60.0033738585189,timeout,0,0.23044925648719072,unsat,0.003840604980489326,upper,7,0,0,0.0,0.0,0.0,0.0,19,9,9,0,0.6666666666666666,2,2,1,0.0,0.0,5,5,0.2857142857142857,62,32,26,0.8,2,0,0,0,0.0,0,0,1,5,0.2857142857142857,0.09523809523809523,0
grammar-unsat-30,grammar,hybrid_ymd,run_1,0.022949055768549442,unsat,1,0.23044925648719072,unsat,10.041775087017312,exact,7,0,0,0.0,0.0,0.0,0.0,19,9,9,0,0.6666666666666666,2,2,1,0.0,0.0,5,5,0.2857142857142857,62,32,26,0.8,2,0,0,0,0.0,0,0,1,5,0.2857142857142857,0.09523809523809523,0
grammar-unsat-30,grammar,simple,run_1,0.23044925648719072,unsat,1,0.23044925648719072,unsat,1.0,exact,7,0,0,0.0,0.0,0.0,0.0,19,9,9,0,0.6666666666666666,2,2,1,0.0,0.0,5,5,0.2857142857142857,62,32,26,0.8,2,0,0,0,0.0,0,0,1,5,0.2857142857142857,0.09523809523809523,0
grammar-unsat-31,grammar,alpha_beta,run_1,60.00879027042538,timeout,0,60.02198677510023,timeout,,,8,0,0,0.0,0.0,0.0,0.0,23,13,13,0,0.7692307692307693,5,3,1,0.0,0.0,4,10,0.09090909090909091,49,24,33,1.0,5,0,0,0,0.0,0,0,1,2,0.875,0.2857142857142857,0
grammar-unsat-31,grammar,epoch_days,run_1,60.00619518198073,timeout,0,60.02198677510023,timeout,,,8,0,0,0.0,0.0,0.0,0.0,23,13,13,0,0.7692307692307693,5,3,1,0.0,0.0,4,10,0.09090909090909091,49,24,33,1.0,5,0,0,0,0.0,0,0,1,2,0.875,0.2857142857142857,0
grammar-unsat-31,grammar,hybrid_ymd,run_1,60.005900827236474,timeout,0,60.02198677510023,timeout,,,8,0,0,0.0,0.0,0.0,0.0,23,13,13,0,0.7692307692307693,5,3,1,0.0,0.0,4,10,0.09090909090909091,49,24,33,1.0,5,0,0,0,0.0,0,0,1,2,0.875,0.2857142857142857,0
grammar-unsat-31,grammar,simple,run_1,60.02198677510023,timeout,0,60.02198677510023,timeout,,,8,0,0,0.0,0.0,0.0,0.0,23,13,13,0,0.7692307692307693,5,3,1,0.0,0.0,4,10,0.09090909090909091,49,24,33,1.0,5,0,0,0,0.0,0,0,1,2,0.875,0.2857142857142857,0
grammar-unsat-32,grammar,alpha_beta,run_1,60.0042474726215,timeout,0,0.3098567994311452,unsat,0.005163914430766346,upper,6,0,0,0.25,0.25,0.0,0.0,22,12,12,0,0.75,3,3,1,0.0,0.0,7,5,0.2857142857142857,85,51,17,1.0,2,0,0,0,0.0,0,0,1,4,0.625,0.14285714285714285,0
grammar-unsat-32,grammar,epoch_days,run_1,60.00364398304373,timeout,0,0.3098567994311452,unsat,0.005163966367087752,upper,6,0,0,0.25,0.25,0.0,0.0,22,12,12,0,0.75,3,3,1,0.0,0.0,7,5,0.2857142857142857,85,51,17,1.0,2,0,0,0,0.0,0,0,1,4,0.625,0.14285714285714285,0
grammar-unsat-32,grammar,hybrid_ymd,run_1,0.04703036416321993,unsat,1,0.3098567994311452,unsat,6.588441423838018,exact,6,0,0,0.25,0.25,0.0,0.0,22,12,12,0,0.75,3,3,1,0.0,0.0,7,5,0.2857142857142857,85,51,17,1.0,2,0,0,0,0.0,0,0,1,4,0.625,0.14285714285714285,0
grammar-unsat-32,grammar,simple,run_1,0.3098567994311452,unsat,1,0.3098567994311452,unsat,1.0,exact,6,0,0,0.25,0.25,0.0,0.0,22,12,12,0,0.75,3,3,1,0.0,0.0,7,5,0.2857142857142857,85,51,17,1.0,2,0,0,0,0.0,0,0,1,4,0.625,0.14285714285714285,0
grammar-unsat-33,grammar,alpha_beta,run_1,0.025162162259221077,unsat,1,0.24757450632750988,unsat,9.839158645310071,exact,6,0,0,0.0,0.0,0.0,0.0,18,9,9,0,0.4444444444444444,4,3,1,0.0,0.0,3,5,0.2857142857142857,27,45,45,0.8,2,0,0,0,0.0,0,0,1,3,0.5,0.2,0
grammar-unsat-33,grammar,epoch_days,run_1,0.011813434772193432,unsat,1,0.24757450632750988,unsat,20.957029949515864,exact,6,0,0,0.0,0.0,0.0,0.0,18,9,9,0,0.4444444444444444,4,3,1,0.0,0.0,3,5,0.2857142857142857,27,45,45,0.8,2,0,0,0,0.0,0,0,1,3,0.5,0.2,0
grammar-unsat-33,grammar,hybrid_ymd,run_1,0.02245868369936943,unsat,1,0.24757450632750988,unsat,11.023553723874787,exact,6,0,0,0.0,0.0,0.0,0.0,18,9,9,0,0.4444444444444444,4,3,1,0.0,0.0,3,5,0.2857142857142857,27,45,45,0.8,2,0,0,0,0.0,0,0,1,3,0.5,0.2,0
grammar-unsat-33,grammar,simple,run_1,0.24757450632750988,unsat,1,0.24757450632750988,unsat,1.0,exact,6,0,0,0.0,0.0,0.0,0.0,18,9,9,0,0.4444444444444444,4,3,1,0.0,0.0,3,5,0.2857142857142857,27,45,45,0.8,2,0,0,0,0.0,0,0,1,3,0.5,0.2,0
grammar-unsat-34,grammar,alpha_beta,run_1,60.00526490435004,timeout,0,21.35654280334711,sat,0.355911149419805,upper,7,0,0,0.0,0.0,0.0,0.0,12,6,6,0,0.6666666666666666,1,2,1,0.0,0.0,4,3,0.25,198,180,36,1.0,1,0,0,0,0.0,0,0,0,2,0.7142857142857143,0.23809523809523808,0
grammar-unsat-34,grammar,epoch_days,run_1,0.9895147932693362,sat,1,21.35654280334711,sat,21.582843378000987,exact,7,0,0,0.0,0.0,0.0,0.0,12,6,6,0,0.6666666666666666,1,2,1,0.0,0.0,4,3,0.25,198,180,36,1.0,1,0,0,0,0.0,0,0,0,2,0.7142857142857143,0.23809523809523808,0
grammar-unsat-34,grammar,hybrid_ymd,run_1,60.00391669198871,timeout,0,21.35654280334711,sat,0.3559191462946365,upper,7,0,0,0.0,0.0,0.0,0.0,12,6,6,0,0.6666666666666666,1,2,1,0.0,0.0,4,3,0.25,198,180,36,1.0,1,0,0,0,0.0,0,0,0,2,0.7142857142857143,0.23809523809523808,0
grammar-unsat-34,grammar,simple,run_1,21.35654280334711,sat,1,21.35654280334711,sat,1.0,exact,7,0,0,0.0,0.0,0.0,0.0,12,6,6,0,0.6666666666666666,1,2,1,0.0,0.0,4,3,0.25,198,180,36,1.0,1,0,0,0,0.0,0,0,0,2,0.7142857142857143,0.23809523809523808,0
grammar-unsat-35,grammar,alpha_beta,run_1,0.04771474748849869,unsat,1,0.2531115747988224,unsat,5.30468226536949,exact,8,0,0,0.0,0.0,0.0,0.0,27,17,17,0,0.8235294117647058,8,4,1,0.0,0.0,5,9,0.25,19,12,9,0.8888888888888888,3,0,0,0,0.0,0,0,1,2,0.875,0.2857142857142857,0
grammar-unsat-35,grammar,epoch_days,run_1,0.03385428339242935,unsat,1,0.2531115747988224,unsat,7.476500738911649,exact,8,0,0,0.0,0.0,0.0,0.0,27,17,17,0,0.8235294117647058,8,4,1,0.0,0.0,5,9,0.25,19,12,9,0.8888888888888888,3,0,0,0,0.0,0,0,1,2,0.875,0.2857142857142857,0
grammar-unsat-35,grammar,hybrid_ymd,run_1,0.032082198187708855,unsat,1,0.2531115747988224,unsat,7.889471080438405,exact,8,0,0,0.0,0.0,0.0,0.0,27,17,17,0,0.8235294117647058,8,4,1,0.0,0.0,5,9,0.25,19,12,9,0.8888888888888888,3,0,0,0,0.0,0,0,1,2,0.875,0.2857142857142857,0
grammar-unsat-35,grammar,simple,run_1,0.2531115747988224,unsat,1,0.2531115747988224,unsat,1.0,exact,8,0,0,0.0,0.0,0.0,0.0,27,17,17,0,0.8235294117647058,8,4,1,0.0,0.0,5,9,0.25,19,12,9,0.8888888888888888,3,0,0,0,0.0,0,0,1,2,0.875,0.2857142857142857,0
grammar-unsat-36,grammar,alpha_beta,run_1,60.00289393030107,timeout,0,9.091449153609574,sat,0.151516844573699,upper,8,0,0,0.0,0.0,0.0,0.0,16,11,11,0,0.7272727272727273,5,4,1,0.0,0.0,3,2,0.5,35,14,29,1.0,1,0,0,0,0.0,0,0,1,3,0.75,0.21428571428571427,0
grammar-unsat-36,grammar,epoch_days,run_1,0.7846754947677255,sat,1,9.091449153609574,sat,11.586253443916666,exact,8,0,0,0.0,0.0,0.0,0.0,16,11,11,0,0.7272727272727273,5,4,1,0.0,0.0,3,2,0.5,35,14,29,1.0,1,0,0,0,0.0,0,0,1,3,0.75,0.21428571428571427,0
grammar-unsat-36,grammar,hybrid_ymd,run_1,0.38173367641866207,sat,1,9.091449153609574,sat,23.816209350203177,exact,8,0,0,0.0,0.0,0.0,0.0,16,11,11,0,0.7272727272727273,5,4,1,0.0,0.0,3,2,0.5,35,14,29,1.0,1,0,0,0,0.0,0,0,1,3,0.75,0.21428571428571427,0
grammar-unsat-36,grammar,simple,run_1,9.091449153609574,sat,1,9.091449153609574,sat,1.0,exact,8,0,0,0.0,0.0,0.0,0.0,16,11,11,0,0.7272727272727273,5,4,1,0.0,0.0,3,2,0.5,35,14,29,1.0,1,0,0,0,0.0,0,0,1,3,0.75,0.21428571428571427,0
grammar-unsat-37,grammar,alpha_beta,run_1,5.383870106190443,unsat,1,0.26444323919713497,unsat,0.04911768560186375,exact,8,0,0,0.0,0.0,0.0,0.0,15,8,8,0,0.5,2,2,1,0.0,0.0,4,4,0.2,12,23,40,1.0,1,0,0,0,0.0,0,0,0,3,0.5,0.17857142857142858,0
grammar-unsat-37,grammar,epoch_days,run_1,2.082643698900938,unsat,1,0.26444323919713497,unsat,0.12697478658336428,exact,8,0,0,0.0,0.0,0.0,0.0,15,8,8,0,0.5,2,2,1,0.0,0.0,4,4,0.2,12,23,40,1.0,1,0,0,0,0.0,0,0,0,3,0.5,0.17857142857142858,0
grammar-unsat-37,grammar,hybrid_ymd,run_1,0.02369703259319067,unsat,1,0.26444323919713497,unsat,11.159339810045356,exact,8,0,0,0.0,0.0,0.0,0.0,15,8,8,0,0.5,2,2,1,0.0,0.0,4,4,0.2,12,23,40,1.0,1,0,0,0,0.0,0,0,0,3,0.5,0.17857142857142858,0
grammar-unsat-37,grammar,simple,run_1,0.26444323919713497,unsat,1,0.26444323919713497,unsat,1.0,exact,8,0,0,0.0,0.0,0.0,0.0,15,8,8,0,0.5,2,2,1,0.0,0.0,4,4,0.2,12,23,40,1.0,1,0,0,0,0.0,0,0,0,3,0.5,0.17857142857142858,0
grammar-unsat-38,grammar,alpha_beta,run_1,0.00039195362478494644,unsat,1,0.26382501795887947,unsat,673.1026358121642,exact,7,0,0,0.0,0.0,0.0,0.0,14,7,7,0,0.8571428571428571,0,1,0,0.0,0.0,7,3,0.4,14,37,13,0.6666666666666666,1,0,0,0,0.0,0,0,0,3,0.42857142857142855,0.19047619047619047,0
grammar-unsat-38,grammar,epoch_days,run_1,10.48083578236401,unsat,1,0.26382501795887947,unsat,0.025172135451527154,exact,7,0,0,0.0,0.0,0.0,0.0,14,7,7,0,0.8571428571428571,0,1,0,0.0,0.0,7,3,0.4,14,37,13,0.6666666666666666,1,0,0,0,0.0,0,0,0,3,0.42857142857142855,0.19047619047619047,0
grammar-unsat-38,grammar,hybrid_ymd,run_1,0.015431426465511322,unsat,1,0.26382501795887947,unsat,17.096605977970917,exact,7,0,0,0.0,0.0,0.0,0.0,14,7,7,0,0.8571428571428571,0,1,0,0.0,0.0,7,3,0.4,14,37,13,0.6666666666666666,1,0,0,0,0.0,0,0,0,3,0.42857142857142855,0.19047619047619047,0
grammar-unsat-38,grammar,simple,run_1,0.26382501795887947,unsat,1,0.26382501795887947,unsat,1.0,exact,7,0,0,0.0,0.0,0.0,0.0,14,7,7,0,0.8571428571428571,0,1,0,0.0,0.0,7,3,0.4,14,37,13,0.6666666666666666,1,0,0,0,0.0,0,0,0,3,0.42857142857142855,0.19047619047619047,0
grammar-unsat-39,grammar,alpha_beta,run_1,0.001319662667810917,unsat,1,0.01042875275015831,unsat,7.902589809150043,exact,9,0,0,0.0,0.0,0.0,0.0,24,12,12,0,0.75,5,3,1,0.0,0.0,4,8,0.2,45,72,114,0.875,5,0,0,0,0.0,0,0,0,3,0.7777777777777778,0.16666666666666666,0
grammar-unsat-39,grammar,epoch_days,run_1,0.0008138809353113174,unsat,1,0.01042875275015831,unsat,12.813609826318404,exact,9,0,0,0.0,0.0,0.0,0.0,24,12,12,0,0.75,5,3,1,0.0,0.0,4,8,0.2,45,72,114,0.875,5,0,0,0,0.0,0,0,0,3,0.7777777777777778,0.16666666666666666,0
grammar-unsat-39,grammar,hybrid_ymd,run_1,0.001008535735309124,unsat,1,0.01042875275015831,unsat,10.340489072468827,exact,9,0,0,0.0,0.0,0.0,0.0,24,12,12,0,0.75,5,3,1,0.0,0.0,4,8,0.2,45,72,114,0.875,5,0,0,0,0.0,0,0,0,3,0.7777777777777778,0.16666666666666666,0
grammar-unsat-39,grammar,simple,run_1,0.01042875275015831,unsat,1,0.01042875275015831,unsat,1.0,exact,9,0,0,0.0,0.0,0.0,0.0,24,12,12,0,0.75,5,3,1,0.0,0.0,4,8,0.2,45,72,114,0.875,5,0,0,0,0.0,0,0,0,3,0.7777777777777778,0.16666666666666666,0
grammar-unsat-4,grammar,alpha_beta,run_1,60.02332271076739,timeout,0,60.114717066287994,timeout,,,9,0,0,0.0,0.0,0.0,0.0,29,10,10,0,0.7,4,3,1,0.0,0.0,3,11,0.26666666666666666,168,360,360,0.9090909090909091,4,0,0,0,0.0,0,0,0,4,0.3333333333333333,0.1388888888888889,0
grammar-unsat-4,grammar,epoch_days,run_1,60.00517271552235,timeout,0,60.114717066287994,timeout,,,9,0,0,0.0,0.0,0.0,0.0,29,10,10,0,0.7,4,3,1,0.0,0.0,3,11,0.26666666666666666,168,360,360,0.9090909090909091,4,0,0,0,0.0,0,0,0,4,0.3333333333333333,0.1388888888888889,0
grammar-unsat-4,grammar,hybrid_ymd,run_1,60.00607374031097,timeout,0,60.114717066287994,timeout,,,9,0,0,0.0,0.0,0.0,0.0,29,10,10,0,0.7,4,3,1,0.0,0.0,3,11,0.26666666666666666,168,360,360,0.9090909090909091,4,0,0,0,0.0,0,0,0,4,0.3333333333333333,0.1388888888888889,0
grammar-unsat-4,grammar,simple,run_1,60.114717066287994,timeout,0,60.114717066287994,timeout,,,9,0,0,0.0,0.0,0.0,0.0,29,10,10,0,0.7,4,3,1,0.0,0.0,3,11,0.26666666666666666,168,360,360,0.9090909090909091,4,0,0,0,0.0,0,0,0,4,0.3333333333333333,0.1388888888888889,0
grammar-unsat-40,grammar,alpha_beta,run_1,0.0006977645680308342,unsat,1,0.010006651282310486,unsat,14.341013775678407,exact,10,0,0,0.0,0.0,0.0,0.0,16,16,16,0,0.6875,8,4,1,0.0,0.0,4,5,0.0,168,224,168,1.0,1,0,0,0,0.0,0,0,0,1,1.0,0.26666666666666666,0
grammar-unsat-40,grammar,epoch_days,run_1,0.0004162238910794258,unsat,1,0.010006651282310486,unsat,24.041511063575562,exact,10,0,0,0.0,0.0,0.0,0.0,16,16,16,0,0.6875,8,4,1,0.0,0.0,4,5,0.0,168,224,168,1.0,1,0,0,0,0.0,0,0,0,1,1.0,0.26666666666666666,0
grammar-unsat-40,grammar,hybrid_ymd,run_1,0.0005088532343506813,unsat,1,0.010006651282310486,unsat,19.665103033253597,exact,10,0,0,0.0,0.0,0.0,0.0,16,16,16,0,0.6875,8,4,1,0.0,0.0,4,5,0.0,168,224,168,1.0,1,0,0,0,0.0,0,0,0,1,1.0,0.26666666666666666,0
grammar-unsat-40,grammar,simple,run_1,0.010006651282310486,unsat,1,0.010006651282310486,unsat,1.0,exact,10,0,0,0.0,0.0,0.0,0.0,16,16,16,0,0.6875,8,4,1,0.0,0.0,4,5,0.0,168,224,168,1.0,1,0,0,0,0.0,0,0,0,1,1.0,0.26666666666666666,0
grammar-unsat-41,grammar,alpha_beta,run_1,0.0010528266429901123,unsat,1,0.00907102506607771,unsat,8.615877197327823,exact,8,0,0,0.0,0.0,0.0,0.0,17,9,9,0,0.5555555555555556,3,3,1,0.0,0.0,4,6,0.0,200,116,188,0.8333333333333334,3,0,0,0,0.0,0,0,1,5,0.375,0.10714285714285714,0
grammar-unsat-41,grammar,epoch_days,run_1,0.000623590312898159,unsat,1,0.00907102506607771,unsat,14.54644961356084,exact,8,0,0,0.0,0.0,0.0,0.0,17,9,9,0,0.5555555555555556,3,3,1,0.0,0.0,4,6,0.0,200,116,188,0.8333333333333334,3,0,0,0,0.0,0,0,1,5,0.375,0.10714285714285714,0
grammar-unsat-41,grammar,hybrid_ymd,run_1,0.0008142236620187759,unsat,1,0.00907102506607771,unsat,11.140704316535242,exact,8,0,0,0.0,0.0,0.0,0.0,17,9,9,0,0.5555555555555556,3,3,1,0.0,0.0,4,6,0.0,200,116,188,0.8333333333333334,3,0,0,0,0.0,0,0,1,5,0.375,0.10714285714285714,0
grammar-unsat-41,grammar,simple,run_1,0.00907102506607771,unsat,1,0.00907102506607771,unsat,1.0,exact,8,0,0,0.0,0.0,0.0,0.0,17,9,9,0,0.5555555555555556,3,3,1,0.0,0.0,4,6,0.0,200,116,188,0.8333333333333334,3,0,0,0,0.0,0,0,1,5,0.375,0.10714285714285714,0
grammar-unsat-42,grammar,alpha_beta,run_1,0.003972852602601051,unsat,1,0.02007381711155176,unsat,5.052746507234954,exact,5,0,0,0.2857142857142857,0.2857142857142857,0.0,0.0,24,11,11,0,0.5454545454545454,2,3,1,0.0,0.0,8,9,0.25,35,48,62,1.0,4,0,0,0,0.0,0,0,1,2,0.8571428571428571,0.23809523809523808,0
grammar-unsat-42,grammar,epoch_days,run_1,0.003127570264041424,unsat,1,0.02007381711155176,unsat,6.418342488527347,exact,5,0,0,0.2857142857142857,0.2857142857142857,0.0,0.0,24,11,11,0,0.5454545454545454,2,3,1,0.0,0.0,8,9,0.25,35,48,62,1.0,4,0,0,0,0.0,0,0,1,2,0.8571428571428571,0.23809523809523808,0
grammar-unsat-42,grammar,hybrid_ymd,run_1,0.003422706387937069,unsat,1,0.02007381711155176,unsat,5.864896031485376,exact,5,0,0,0.2857142857142857,0.2857142857142857,0.0,0.0,24,11,11,0,0.5454545454545454,2,3,1,0.0,0.0,8,9,0.25,35,48,62,1.0,4,0,0,0,0.0,0,0,1,2,0.8571428571428571,0.23809523809523808,0
grammar-unsat-42,grammar,simple,run_1,0.02007381711155176,unsat,1,0.02007381711155176,unsat,1.0,exact,5,0,0,0.2857142857142857,0.2857142857142857,0.0,0.0,24,11,11,0,0.5454545454545454,2,3,1,0.0,0.0,8,9,0.25,35,48,62,1.0,4,0,0,0,0.0,0,0,1,2,0.8571428571428571,0.23809523809523808,0
grammar-unsat-43,grammar,alpha_beta,run_1,0.02629892062395811,unsat,1,0.18615456018596888,unsat,7.0784106636066095,exact,7,0,0,0.0,0.0,0.0,0.0,14,7,7,0,0.5714285714285714,2,3,1,0.0,0.0,4,1,0.6666666666666666,4,4,7,1.0,1,0,0,0,0.0,0,0,1,5,0.2857142857142857,0.09523809523809523,0
grammar-unsat-43,grammar,epoch_days,run_1,0.013040748424828053,unsat,1,0.18615456018596888,unsat,14.274837158237979,exact,7,0,0,0.0,0.0,0.0,0.0,14,7,7,0,0.5714285714285714,2,3,1,0.0,0.0,4,1,0.6666666666666666,4,4,7,1.0,1,0,0,0,0.0,0,0,1,5,0.2857142857142857,0.09523809523809523,0
grammar-unsat-43,grammar,hybrid_ymd,run_1,0.014742475934326649,unsat,1,0.18615456018596888,unsat,12.627089304078375,exact,7,0,0,0.0,0.0,0.0,0.0,14,7,7,0,0.5714285714285714,2,3,1,0.0,0.0,4,1,0.6666666666666666,4,4,7,1.0,1,0,0,0,0.0,0,0,1,5,0.2857142857142857,0.09523809523809523,0
grammar-unsat-43,grammar,simple,run_1,0.18615456018596888,unsat,1,0.18615456018596888,unsat,1.0,exact,7,0,0,0.0,0.0,0.0,0.0,14,7,7,0,0.5714285714285714,2,3,1,0.0,0.0,4,1,0.6666666666666666,4,4,7,1.0,1,0,0,0,0.0,0,0,1,5,0.2857142857142857,0.09523809523809523,0
grammar-unsat-44,grammar,alpha_beta,run_1,0.0015228278934955597,unsat,1,0.007130185142159462,unsat,4.682200249033101,exact,9,0,0,0.0,0.0,0.0,0.0,23,16,16,0,0.9375,7,3,1,0.0,0.0,4,10,0.09090909090909091,88,121,72,1.0,2,0,0,0,0.0,0,0,0,3,0.6666666666666666,0.16666666666666666,0
grammar-unsat-44,grammar,epoch_days,run_1,0.0009570475667715073,unsat,1,0.007130185142159462,unsat,7.450188882682543,exact,9,0,0,0.0,0.0,0.0,0.0,23,16,16,0,0.9375,7,3,1,0.0,0.0,4,10,0.09090909090909091,88,121,72,1.0,2,0,0,0,0.0,0,0,0,3,0.6666666666666666,0.16666666666666666,0
grammar-unsat-44,grammar,hybrid_ymd,run_1,0.0009005153551697731,unsat,1,0.007130185142159462,unsat,7.9178940161605755,exact,9,0,0,0.0,0.0,0.0,0.0,23,16,16,0,0.9375,7,3,1,0.0,0.0,4,10,0.09090909090909091,88,121,72,1.0,2,0,0,0,0.0,0,0,0,3,0.6666666666666666,0.16666666666666666,0
grammar-unsat-44,grammar,simple,run_1,0.007130185142159462,unsat,1,0.007130185142159462,unsat,1.0,exact,9,0,0,0.0,0.0,0.0,0.0,23,16,16,0,0.9375,7,3,1,0.0,0.0,4,10,0.09090909090909091,88,121,72,1.0,2,0,0,0,0.0,0,0,0,3,0.6666666666666666,0.16666666666666666,0
grammar-unsat-45,grammar,alpha_beta,run_1,0.0025300653651356697,unsat,1,0.00584634393453598,unsat,2.3107481787224424,exact,10,0,0,0.0,0.0,0.0,0.0,35,17,17,0,0.8235294117647058,7,5,1,0.0,0.0,7,16,0.2,24,18,27,1.0,4,0,0,0,0.0,0,0,1,1,1.0,0.2,0
grammar-unsat-45,grammar,epoch_days,run_1,0.0017590345814824104,unsat,1,0.00584634393453598,unsat,3.323609436722402,exact,10,0,0,0.0,0.0,0.0,0.0,35,17,17,0,0.8235294117647058,7,5,1,0.0,0.0,7,16,0.2,24,18,27,1.0,4,0,0,0,0.0,0,0,1,1,1.0,0.2,0
grammar-unsat-45,grammar,hybrid_ymd,run_1,0.0015845606103539467,unsat,1,0.00584634393453598,unsat,3.6895678816792437,exact,10,0,0,0.0,0.0,0.0,0.0,35,17,17,0,0.8235294117647058,7,5,1,0.0,0.0,7,16,0.2,24,18,27,1.0,4,0,0,0,0.0,0,0,1,1,1.0,0.2,0
grammar-unsat-45,grammar,simple,run_1,0.00584634393453598,unsat,1,0.00584634393453598,unsat,1.0,exact,10,0,0,0.0,0.0,0.0,0.0,35,17,17,0,0.8235294117647058,7,5,1,0.0,0.0,7,16,0.2,24,18,27,1.0,4,0,0,0,0.0,0,0,1,1,1.0,0.2,0
grammar-unsat-46,grammar,alpha_beta,run_1,60.00393614638597,timeout,0,0.9712962228804827,sat,0.016187208460973334,upper,7,0,0,0.0,0.0,0.0,0.0,13,8,8,0,0.75,2,2,1,0.0,0.0,4,2,0.5,25,15,5,1.0,1,0,0,0,0.0,0,0,1,2,0.7142857142857143,0.23809523809523808,0
grammar-unsat-46,grammar,epoch_days,run_1,1.746331686154008,sat,1,0.9712962228804827,sat,0.5561922918661539,exact,7,0,0,0.0,0.0,0.0,0.0,13,8,8,0,0.75,2,2,1,0.0,0.0,4,2,0.5,25,15,5,1.0,1,0,0,0,0.0,0,0,1,2,0.7142857142857143,0.23809523809523808,0
grammar-unsat-46,grammar,hybrid_ymd,run_1,0.27764636278152466,sat,1,0.9712962228804827,sat,3.4983214372045626,exact,7,0,0,0.0,0.0,0.0,0.0,13,8,8,0,0.75,2,2,1,0.0,0.0,4,2,0.5,25,15,5,1.0,1,0,0,0,0.0,0,0,1,2,0.7142857142857143,0.23809523809523808,0
grammar-unsat-46,grammar,simple,run_1,0.9712962228804827,sat,1,0.9712962228804827,sat,1.0,exact,7,0,0,0.0,0.0,0.0,0.0,13,8,8,0,0.75,2,2,1,0.0,0.0,4,2,0.5,25,15,5,1.0,1,0,0,0,0.0,0,0,1,2,0.7142857142857143,0.23809523809523808,0
grammar-unsat-47,grammar,alpha_beta,run_1,0.0028065526857972145,unsat,1,0.011687146499752998,unsat,4.164235561618616,exact,8,0,0,0.1111111111111111,0.1111111111111111,0.0,0.0,21,12,12,0,0.6666666666666666,2,2,1,0.0,0.0,8,6,0.14285714285714285,108,102,63,0.8333333333333334,2,0,0,0,0.0,0,0,1,2,0.6666666666666666,0.19444444444444445,0
grammar-unsat-47,grammar,epoch_days,run_1,0.0023128343746066093,unsat,1,0.011687146499752998,unsat,5.053170528797969,exact,8,0,0,0.1111111111111111,0.1111111111111111,0.0,0.0,21,12,12,0,0.6666666666666666,2,2,1,0.0,0.0,8,6,0.14285714285714285,108,102,63,0.8333333333333334,2,0,0,0,0.0,0,0,1,2,0.6666666666666666,0.19444444444444445,0
grammar-unsat-47,grammar,hybrid_ymd,run_1,0.0025923987850546837,unsat,1,0.011687146499752998,unsat,4.50823637440737,exact,8,0,0,0.1111111111111111,0.1111111111111111,0.0,0.0,21,12,12,0,0.6666666666666666,2,2,1,0.0,0.0,8,6,0.14285714285714285,108,102,63,0.8333333333333334,2,0,0,0,0.0,0,0,1,2,0.6666666666666666,0.19444444444444445,0
grammar-unsat-47,grammar,simple,run_1,0.011687146499752998,unsat,1,0.011687146499752998,unsat,1.0,exact,8,0,0,0.1111111111111111,0.1111111111111111,0.0,0.0,21,12,12,0,0.6666666666666666,2,2,1,0.0,0.0,8,6,0.14285714285714285,108,102,63,0.8333333333333334,2,0,0,0,0.0,0,0,1,2,0.6666666666666666,0.19444444444444445,0
grammar-unsat-48,grammar,alpha_beta,run_1,0.0028060143813490868,unsat,1,0.012317842803895473,unsat,4.389800310992437,exact,8,0,0,0.1111111111111111,0.1111111111111111,0.0,0.0,21,12,12,0,0.6666666666666666,2,2,1,0.0,0.0,8,6,0.14285714285714285,108,102,63,0.8333333333333334,2,0,0,0,0.0,0,0,1,2,0.6666666666666666,0.19444444444444445,0
grammar-unsat-48,grammar,epoch_days,run_1,0.0022718170657753944,unsat,1,0.012317842803895473,unsat,5.422022305167986,exact,8,0,0,0.1111111111111111,0.1111111111111111,0.0,0.0,21,12,12,0,0.6666666666666666,2,2,1,0.0,0.0,8,6,0.14285714285714285,108,102,63,0.8333333333333334,2,0,0,0,0.0,0,0,1,2,0.6666666666666666,0.19444444444444445,0
grammar-unsat-48,grammar,hybrid_ymd,run_1,0.0025568874552845955,unsat,1,0.012317842803895473,unsat,4.81751466160032,exact,8,0,0,0.1111111111111111,0.1111111111111111,0.0,0.0,21,12,12,0,0.6666666666666666,2,2,1,0.0,0.0,8,6,0.14285714285714285,108,102,63,0.8333333333333334,2,0,0,0,0.0,0,0,1,2,0.6666666666666666,0.19444444444444445,0
grammar-unsat-48,grammar,simple,run_1,0.012317842803895473,unsat,1,0.012317842803895473,unsat,1.0,exact,8,0,0,0.1111111111111111,0.1111111111111111,0.0,0.0,21,12,12,0,0.6666666666666666,2,2,1,0.0,0.0,8,6,0.14285714285714285,108,102,63,0.8333333333333334,2,0,0,0,0.0,0,0,1,2,0.6666666666666666,0.19444444444444445,0
grammar-unsat-49,grammar,alpha_beta,run_1,0.0028894366696476936,unsat,1,0.01173474919050932,unsat,4.061258484665153,exact,8,0,0,0.1111111111111111,0.1111111111111111,0.0,0.0,21,12,12,0,0.6666666666666666,2,2,1,0.0,0.0,8,6,0.14285714285714285,102,102,63,0.8333333333333334,2,0,0,0,0.0,0,0,1,2,0.6666666666666666,0.19444444444444445,0
grammar-unsat-49,grammar,epoch_days,run_1,0.002291416749358177,unsat,1,0.01173474919050932,unsat,5.121176317575669,exact,8,0,0,0.1111111111111111,0.1111111111111111,0.0,0.0,21,12,12,0,0.6666666666666666,2,2,1,0.0,0.0,8,6,0.14285714285714285,102,102,63,0.8333333333333334,2,0,0,0,0.0,0,0,1,2,0.6666666666666666,0.19444444444444445,0
grammar-unsat-49,grammar,hybrid_ymd,run_1,0.0025879228487610817,unsat,1,0.01173474919050932,unsat,4.534427753952211,exact,8,0,0,0.1111111111111111,0.1111111111111111,0.0,0.0,21,12,12,0,0.6666666666666666,2,2,1,0.0,0.0,8,6,0.14285714285714285,102,102,63,0.8333333333333334,2,0,0,0,0.0,0,0,1,2,0.6666666666666666,0.19444444444444445,0
grammar-unsat-49,grammar,simple,run_1,0.01173474919050932,unsat,1,0.01173474919050932,unsat,1.0,exact,8,0,0,0.1111111111111111,0.1111111111111111,0.0,0.0,21,12,12,0,0.6666666666666666,2,2,1,0.0,0.0,8,6,0.14285714285714285,102,102,63,0.8333333333333334,2,0,0,0,0.0,0,0,1,2,0.6666666666666666,0.19444444444444445,0
grammar-unsat-5,grammar,alpha_beta,run_1,0.2058215532451868,unsat,1,0.864294271916151,unsat,4.199240838915216,exact,6,0,0,0.0,0.0,0.0,0.0,15,8,8,0,0.875,1,2,1,0.0,0.0,6,2,0.5,16,39,43,1.0,2,0,0,0,0.0,0,0,1,4,0.5,0.13333333333333333,0
grammar-unsat-5,grammar,epoch_days,run_1,60.001888499595225,timeout,0,0.864294271916151,unsat,0.01440445115193302,upper,6,0,0,0.0,0.0,0.0,0.0,15,8,8,0,0.875,1,2,1,0.0,0.0,6,2,0.5,16,39,43,1.0,2,0,0,0,0.0,0,0,1,4,0.5,0.13333333333333333,0
grammar-unsat-5,grammar,hybrid_ymd,run_1,0.03637595195323229,unsat,1,0.864294271916151,unsat,23.760045456057178,exact,6,0,0,0.0,0.0,0.0,0.0,15,8,8,0,0.875,1,2,1,0.0,0.0,6,2,0.5,16,39,43,1.0,2,0,0,0,0.0,0,0,1,4,0.5,0.13333333333333333,0
grammar-unsat-5,grammar,simple,run_1,0.864294271916151,unsat,1,0.864294271916151,unsat,1.0,exact,6,0,0,0.0,0.0,0.0,0.0,15,8,8,0,0.875,1,2,1,0.0,0.0,6,2,0.5,16,39,43,1.0,2,0,0,0,0.0,0,0,1,4,0.5,0.13333333333333333,0
grammar-unsat-50,grammar,alpha_beta,run_1,0.0010583242401480675,unsat,1,0.006114515475928783,unsat,5.7775445784680475,exact,7,0,0,0.0,0.0,0.0,0.0,18,7,7,0,0.8571428571428571,2,2,1,0.0,0.0,3,7,0.125,27,48,96,0.8571428571428571,6,0,0,0,0.0,0,0,1,4,0.2857142857142857,0.14285714285714285,0
grammar-unsat-50,grammar,epoch_days,run_1,0.000882328487932682,unsat,1,0.006114515475928783,unsat,6.929976261171446,exact,7,0,0,0.0,0.0,0.0,0.0,18,7,7,0,0.8571428571428571,2,2,1,0.0,0.0,3,7,0.125,27,48,96,0.8571428571428571,6,0,0,0,0.0,0,0,1,4,0.2857142857142857,0.14285714285714285,0
grammar-unsat-50,grammar,hybrid_ymd,run_1,0.0008955765515565872,unsat,1,0.006114515475928783,unsat,6.827462672287749,exact,7,0,0,0.0,0.0,0.0,0.0,18,7,7,0,0.8571428571428571,2,2,1,0.0,0.0,3,7,0.125,27,48,96,0.8571428571428571,6,0,0,0,0.0,0,0,1,4,0.2857142857142857,0.14285714285714285,0
grammar-unsat-50,grammar,simple,run_1,0.006114515475928783,unsat,1,0.006114515475928783,unsat,1.0,exact,7,0,0,0.0,0.0,0.0,0.0,18,7,7,0,0.8571428571428571,2,2,1,0.0,0.0,3,7,0.125,27,48,96,0.8571428571428571,6,0,0,0,0.0,0,0,1,4,0.2857142857142857,0.14285714285714285,0
grammar-unsat-6,grammar,alpha_beta,run_1,0.3515011016279459,unsat,1,0.8142004320397973,unsat,2.3163524332325016,exact,6,0,0,0.0,0.0,0.0,0.0,15,8,8,0,0.875,1,2,1,0.0,0.0,6,2,0.5,16,39,43,1.0,2,0,0,0,0.0,0,0,1,4,0.5,0.13333333333333333,0
grammar-unsat-6,grammar,epoch_days,run_1,1.582835447974503,unsat,1,0.8142004320397973,unsat,0.5143936048953793,exact,6,0,0,0.0,0.0,0.0,0.0,15,8,8,0,0.875,1,2,1,0.0,0.0,6,2,0.5,16,39,43,1.0,2,0,0,0,0.0,0,0,1,4,0.5,0.13333333333333333,0
grammar-unsat-6,grammar,hybrid_ymd,run_1,0.028453025966882706,unsat,1,0.8142004320397973,unsat,28.615600779596118,exact,6,0,0,0.0,0.0,0.0,0.0,15,8,8,0,0.875,1,2,1,0.0,0.0,6,2,0.5,16,39,43,1.0,2,0,0,0,0.0,0,0,1,4,0.5,0.13333333333333333,0
grammar-unsat-6,grammar,simple,run_1,0.8142004320397973,unsat,1,0.8142004320397973,unsat,1.0,exact,6,0,0,0.0,0.0,0.0,0.0,15,8,8,0,0.875,1,2,1,0.0,0.0,6,2,0.5,16,39,43,1.0,2,0,0,0,0.0,0,0,1,4,0.5,0.13333333333333333,0
grammar-unsat-7,grammar,alpha_beta,run_1,0.06028980761766434,unsat,1,0.9930710159242153,unsat,16.471623565659794,exact,8,0,0,0.0,0.0,0.0,0.0,19,10,10,0,0.9,3,3,1,0.0,0.0,5,7,0.2222222222222222,40,45,153,0.8571428571428571,3,0,0,0,0.0,0,0,1,3,0.625,0.17857142857142858,0
grammar-unsat-7,grammar,epoch_days,run_1,0.03236632701009512,unsat,1,0.9930710159242153,unsat,30.682227724340628,exact,8,0,0,0.0,0.0,0.0,0.0,19,10,10,0,0.9,3,3,1,0.0,0.0,5,7,0.2222222222222222,40,45,153,0.8571428571428571,3,0,0,0,0.0,0,0,1,3,0.625,0.17857142857142858,0
grammar-unsat-7,grammar,hybrid_ymd,run_1,0.10904323682188988,unsat,1,0.9930710159242153,unsat,9.107130757190264,exact,8,0,0,0.0,0.0,0.0,0.0,19,10,10,0,0.9,3,3,1,0.0,0.0,5,7,0.2222222222222222,40,45,153,0.8571428571428571,3,0,0,0,0.0,0,0,1,3,0.625,0.17857142857142858,0
grammar-unsat-7,grammar,simple,run_1,0.9930710159242153,unsat,1,0.9930710159242153,unsat,1.0,exact,8,0,0,0.0,0.0,0.0,0.0,19,10,10,0,0.9,3,3,1,0.0,0.0,5,7,0.2222222222222222,40,45,153,0.8571428571428571,3,0,0,0,0.0,0,0,1,3,0.625,0.17857142857142858,0
grammar-unsat-8,grammar,alpha_beta,run_1,60.005348132923245,timeout,0,2.1857364820316434,unsat,0.03642569454292344,upper,8,0,0,0.0,0.0,0.0,0.0,20,8,8,0,0.625,1,2,1,0.0,0.0,6,9,0.0,32,96,48,1.0,3,0,0,0,0.0,0,0,1,4,0.375,0.14285714285714285,0
grammar-unsat-8,grammar,epoch_days,run_1,60.00502559915185,timeout,0,2.1857364820316434,unsat,0.0364258903351345,upper,8,0,0,0.0,0.0,0.0,0.0,20,8,8,0,0.625,1,2,1,0.0,0.0,6,9,0.0,32,96,48,1.0,3,0,0,0,0.0,0,0,1,4,0.375,0.14285714285714285,0
grammar-unsat-8,grammar,hybrid_ymd,run_1,0.1783369230106473,unsat,1,2.1857364820316434,unsat,12.256219548551636,exact,8,0,0,0.0,0.0,0.0,0.0,20,8,8,0,0.625,1,2,1,0.0,0.0,6,9,0.0,32,96,48,1.0,3,0,0,0,0.0,0,0,1,4,0.375,0.14285714285714285,0
grammar-unsat-8,grammar,simple,run_1,2.1857364820316434,unsat,1,2.1857364820316434,unsat,1.0,exact,8,0,0,0.0,0.0,0.0,0.0,20,8,8,0,0.625,1,2,1,0.0,0.0,6,9,0.0,32,96,48,1.0,3,0,0,0,0.0,0,0,1,4,0.375,0.14285714285714285,0
grammar-unsat-9,grammar,alpha_beta,run_1,60.00718287937343,timeout,0,1.556177751161158,unsat,0.02593319126960834,upper,10,0,0,0.0,0.0,0.0,0.0,28,10,10,0,0.5,5,3,1,0.0,0.0,2,16,0.0,160,90,153,0.75,7,0,0,0,0.0,0,0,0,4,0.6,0.13333333333333333,0
grammar-unsat-9,grammar,epoch_days,run_1,0.2258279211819172,unsat,1,1.556177751161158,unsat,6.8909891346321555,exact,10,0,0,0.0,0.0,0.0,0.0,28,10,10,0,0.5,5,3,1,0.0,0.0,2,16,0.0,160,90,153,0.75,7,0,0,0,0.0,0,0,0,4,0.6,0.13333333333333333,0
grammar-unsat-9,grammar,hybrid_ymd,run_1,0.13054991886019707,unsat,1,1.556177751161158,unsat,11.920174020388579,exact,10,0,0,0.0,0.0,0.0,0.0,28,10,10,0,0.5,5,3,1,0.0,0.0,2,16,0.0,160,90,153,0.75,7,0,0,0,0.0,0,0,0,4,0.6,0.13333333333333333,0
grammar-unsat-9,grammar,simple,run_1,1.556177751161158,unsat,1,1.556177751161158,unsat,1.0,exact,10,0,0,0.0,0.0,0.0,0.0,28,10,10,0,0.5,5,3,1,0.0,0.0,2,16,0.0,160,90,153,0.75,7,0,0,0,0.0,0,0,0,4,0.6,0.13333333333333333,0
legal-1,legal,alpha_beta,run_1,0.009064220823347569,sat,1,0.010450917296111584,sat,1.1529857336652887,exact,3,0,1,0.0,0.0,0.0,0.0,4,4,3,0,0.75,1,1,2,0.75,0.0,1,1,0.0,3,0,0,0.0,1,0,0,0,0.0,0,0,0,2,0.75,0.3333333333333333,0
legal-1,legal,epoch_days,run_1,0.3699267255142331,sat,1,0.010450917296111584,sat,0.02825131728880583,exact,3,0,1,0.0,0.0,0.0,0.0,4,4,3,0,0.75,1,1,2,0.75,0.0,1,1,0.0,3,0,0,0.0,1,0,0,0,0.0,0,0,0,2,0.75,0.3333333333333333,0
legal-1,legal,hybrid_ymd,run_1,0.04733365215361118,sat,1,0.010450917296111584,sat,0.22079254020364583,exact,3,0,1,0.0,0.0,0.0,0.0,4,4,3,0,0.75,1,1,2,0.75,0.0,1,1,0.0,3,0,0,0.0,1,0,0,0,0.0,0,0,0,2,0.75,0.3333333333333333,0
legal-1,legal,simple,run_1,0.010450917296111584,sat,1,0.010450917296111584,sat,1.0,exact,3,0,1,0.0,0.0,0.0,0.0,4,4,3,0,0.75,1,1,2,0.75,0.0,1,1,0.0,3,0,0,0.0,1,0,0,0,0.0,0,0,0,2,0.75,0.3333333333333333,0
legal-10,legal,alpha_beta,run_1,0.06710837967693806,sat,1,1.3814790798351169,sat,20.585791021711483,exact,9,0,1,0.0,0.0,0.0,0.0,12,9,8,0,0.8888888888888888,1,1,2,0.3333333333333333,0.0,6,2,0.0,1,0,0,0.0,1,0,0,0,0.0,0,0,0,5,0.3,0.1111111111111111,0
legal-10,legal,epoch_days,run_1,0.5606680857017636,sat,1,1.3814790798351169,sat,2.463987366261413,exact,9,0,1,0.0,0.0,0.0,0.0,12,9,8,0,0.8888888888888888,1,1,2,0.3333333333333333,0.0,6,2,0.0,1,0,0,0.0,1,0,0,0,0.0,0,0,0,5,0.3,0.1111111111111111,0
legal-10,legal,hybrid_ymd,run_1,0.1297916891053319,sat,1,1.3814790798351169,sat,10.643817715585651,exact,9,0,1,0.0,0.0,0.0,0.0,12,9,8,0,0.8888888888888888,1,1,2,0.3333333333333333,0.0,6,2,0.0,1,0,0,0.0,1,0,0,0,0.0,0,0,0,5,0.3,0.1111111111111111,0
legal-10,legal,simple,run_1,1.3814790798351169,sat,1,1.3814790798351169,sat,1.0,exact,9,0,1,0.0,0.0,0.0,0.0,12,9,8,0,0.8888888888888888,1,1,2,0.3333333333333333,0.0,6,2,0.0,1,0,0,0.0,1,0,0,0,0.0,0,0,0,5,0.3,0.1111111111111111,0
legal-100,legal,alpha_beta,run_1,0.5014167819172144,sat,1,0.7030395092442632,sat,1.402106061460738,exact,7,0,0,0.0,0.0,0.0,0.0,9,10,10,0,0.8,1,2,1,0.0,0.0,8,2,0.0,5,0,0,0.0,1,0,0,0,0.0,0,0,0,1,1.0,0.3333333333333333,0
legal-100,legal,epoch_days,run_1,1.332376535050571,sat,1,0.7030395092442632,sat,0.527658278834503,exact,7,0,0,0.0,0.0,0.0,0.0,9,10,10,0,0.8,1,2,1,0.0,0.0,8,2,0.0,5,0,0,0.0,1,0,0,0,0.0,0,0,0,1,1.0,0.3333333333333333,0
legal-100,legal,hybrid_ymd,run_1,0.3682028539478779,sat,1,0.7030395092442632,sat,1.9093809341949972,exact,7,0,0,0.0,0.0,0.0,0.0,9,10,10,0,0.8,1,2,1,0.0,0.0,8,2,0.0,5,0,0,0.0,1,0,0,0,0.0,0,0,0,1,1.0,0.3333333333333333,0
legal-100,legal,simple,run_1,0.7030395092442632,sat,1,0.7030395092442632,sat,1.0,exact,7,0,0,0.0,0.0,0.0,0.0,9,10,10,0,0.8,1,2,1,0.0,0.0,8,2,0.0,5,0,0,0.0,1,0,0,0,0.0,0,0,0,1,1.0,0.3333333333333333,0
legal-101,legal,alpha_beta,run_1,0.009957382455468178,sat,1,0.01016206294298172,sat,1.0205556518923444,exact,3,6,0,0.0,0.0,0.0,0.0,4,10,3,7,0.4,0,1,0,0.0,0.0,10,0,0.0,0,0,0,0.0,0,1,1,0,0.4,1,0,0,1,1.0,0.3888888888888889,2
legal-101,legal,epoch_days,run_1,0.06145208328962326,sat,1,0.01016206294298172,sat,0.1653656377292855,exact,3,6,0,0.0,0.0,0.0,0.0,4,10,3,7,0.4,0,1,0,0.0,0.0,10,0,0.0,0,0,0,0.0,0,1,1,0,0.4,1,0,0,1,1.0,0.3888888888888889,2
legal-101,legal,hybrid_ymd,run_1,0.009882442653179169,sat,1,0.01016206294298172,sat,1.0282946534187676,exact,3,6,0,0.0,0.0,0.0,0.0,4,10,3,7,0.4,0,1,0,0.0,0.0,10,0,0.0,0,0,0,0.0,0,1,1,0,0.4,1,0,0,1,1.0,0.3888888888888889,2
legal-101,legal,simple,run_1,0.01016206294298172,sat,1,0.01016206294298172,sat,1.0,exact,3,6,0,0.0,0.0,0.0,0.0,4,10,3,7,0.4,0,1,0,0.0,0.0,10,0,0.0,0,0,0,0.0,0,1,1,0,0.4,1,0,0,1,1.0,0.3888888888888889,2
legal-102,legal,alpha_beta,run_1,0.015193358063697815,sat,1,0.00868264026939869,sat,0.5714760511137112,exact,3,0,0,0.0,0.0,0.0,0.0,4,5,5,0,1.0,0,1,0,0.0,0.0,5,0,0.0,0,0,0,0.0,0,0,0,0,0.0,0,0,0,1,1.0,0.6666666666666666,0
legal-102,legal,epoch_days,run_1,0.003184627741575241,sat,1,0.00868264026939869,sat,2.726422355758264,exact,3,0,0,0.0,0.0,0.0,0.0,4,5,5,0,1.0,0,1,0,0.0,0.0,5,0,0.0,0,0,0,0.0,0,0,0,0,0.0,0,0,0,1,1.0,0.6666666666666666,0
legal-102,legal,hybrid_ymd,run_1,0.008383535780012608,sat,1,0.00868264026939869,sat,1.035677606350674,exact,3,0,0,0.0,0.0,0.0,0.0,4,5,5,0,1.0,0,1,0,0.0,0.0,5,0,0.0,0,0,0,0.0,0,0,0,0,0.0,0,0,0,1,1.0,0.6666666666666666,0
legal-102,legal,simple,run_1,0.00868264026939869,sat,1,0.00868264026939869,sat,1.0,exact,3,0,0,0.0,0.0,0.0,0.0,4,5,5,0,1.0,0,1,0,0.0,0.0,5,0,0.0,0,0,0,0.0,0,0,0,0,0.0,0,0,0,1,1.0,0.6666666666666666,0
legal-103,legal,alpha_beta,run_1,0.0074996063485741615,sat,1,0.010025342926383018,sat,1.3367825536988425,exact,3,0,0,0.0,0.0,0.0,0.0,4,3,2,1,0.6666666666666666,0,1,0,0.0,0.0,3,0,0.0,0,0,0,0.0,0,0,0,1,0.3333333333333333,0,0,0,2,0.6666666666666666,0.3333333333333333,0
legal-103,legal,epoch_days,run_1,0.005025161430239677,sat,1,0.010025342926383018,sat,1.9950290285311003,exact,3,0,0,0.0,0.0,0.0,0.0,4,3,2,1,0.6666666666666666,0,1,0,0.0,0.0,3,0,0.0,0,0,0,0.0,0,0,0,1,0.3333333333333333,0,0,0,2,0.6666666666666666,0.3333333333333333,0
legal-103,legal,hybrid_ymd,run_1,0.009242632426321507,sat,1,0.010025342926383018,sat,1.0846848023332054,exact,3,0,0,0.0,0.0,0.0,0.0,4,3,2,1,0.6666666666666666,0,1,0,0.0,0.0,3,0,0.0,0,0,0,0.0,0,0,0,1,0.3333333333333333,0,0,0,2,0.6666666666666666,0.3333333333333333,0
legal-103,legal,simple,run_1,0.010025342926383018,sat,1,0.010025342926383018,sat,1.0,exact,3,0,0,0.0,0.0,0.0,0.0,4,3,2,1,0.6666666666666666,0,1,0,0.0,0.0,3,0,0.0,0,0,0,0.0,0,0,0,1,0.3333333333333333,0,0,0,2,0.6666666666666666,0.3333333333333333,0
legal-104,legal,alpha_beta,run_1,0.05106097925454378,sat,1,0.013743577525019646,sat,0.2691600851700595,exact,5,0,0,0.0,0.0,0.0,0.0,7,6,6,0,1.0,2,1,1,0.6666666666666666,0.3333333333333333,2,2,0.0,9,0,0,0.0,1,0,0,0,0.0,0,0,0,1,1.0,0.5,0
legal-104,legal,epoch_days,run_1,0.24608547799289227,sat,1,0.013743577525019646,sat,0.05584879545560427,exact,5,0,0,0.0,0.0,0.0,0.0,7,6,6,0,1.0,2,1,1,0.6666666666666666,0.3333333333333333,2,2,0.0,9,0,0,0.0,1,0,0,0,0.0,0,0,0,1,1.0,0.5,0
legal-104,legal,hybrid_ymd,run_1,0.22022796608507633,sat,1,0.013743577525019646,sat,0.062406141097041054,exact,5,0,0,0.0,0.0,0.0,0.0,7,6,6,0,1.0,2,1,1,0.6666666666666666,0.3333333333333333,2,2,0.0,9,0,0,0.0,1,0,0,0,0.0,0,0,0,1,1.0,0.5,0
legal-104,legal,simple,run_1,0.013743577525019646,sat,1,0.013743577525019646,sat,1.0,exact,5,0,0,0.0,0.0,0.0,0.0,7,6,6,0,1.0,2,1,1,0.6666666666666666,0.3333333333333333,2,2,0.0,9,0,0,0.0,1,0,0,0,0.0,0,0,0,1,1.0,0.5,0
legal-105,legal,alpha_beta,run_1,0.07623689994215965,sat,1,0.014877739362418652,sat,0.19515142107963832,exact,6,0,3,0.0,0.0,0.0,0.0,8,9,6,0,0.5555555555555556,2,1,1,0.5555555555555556,0.2,4,1,0.0,1,0,0,0.0,1,0,0,0,0.0,0,0,0,5,0.3333333333333333,0.1111111111111111,0
legal-105,legal,epoch_days,run_1,0.13340937811881304,sat,1,0.014877739362418652,sat,0.11151944167799574,exact,6,0,3,0.0,0.0,0.0,0.0,8,9,6,0,0.5555555555555556,2,1,1,0.5555555555555556,0.2,4,1,0.0,1,0,0,0.0,1,0,0,0,0.0,0,0,0,5,0.3333333333333333,0.1111111111111111,0
legal-105,legal,hybrid_ymd,run_1,0.0379103384912014,sat,1,0.014877739362418652,sat,0.3924454371693785,exact,6,0,3,0.0,0.0,0.0,0.0,8,9,6,0,0.5555555555555556,2,1,1,0.5555555555555556,0.2,4,1,0.0,1,0,0,0.0,1,0,0,0,0.0,0,0,0,5,0.3333333333333333,0.1111111111111111,0
legal-105,legal,simple,run_1,0.014877739362418652,sat,1,0.014877739362418652,sat,1.0,exact,6,0,3,0.0,0.0,0.0,0.0,8,9,6,0,0.5555555555555556,2,1,1,0.5555555555555556,0.2,4,1,0.0,1,0,0,0.0,1,0,0,0,0.0,0,0,0,5,0.3333333333333333,0.1111111111111111,0
legal-106,legal,alpha_beta,run_1,0.4030332127586007,sat,1,1.5024251956492662,sat,3.7277950007290177,exact,8,1,0,0.0,0.0,0.0,0.0,11,13,11,2,0.5384615384615384,3,2,3,0.46153846153846156,0.2857142857142857,7,5,0.0,3,0,0,0.0,1,2,0,0,0.15384615384615385,0,0,0,2,0.6666666666666666,0.2222222222222222,2
legal-106,legal,epoch_days,run_1,11.348093164153397,sat,1,1.5024251956492662,sat,0.13239450662911012,exact,8,1,0,0.0,0.0,0.0,0.0,11,13,11,2,0.5384615384615384,3,2,3,0.46153846153846156,0.2857142857142857,7,5,0.0,3,0,0,0.0,1,2,0,0,0.15384615384615385,0,0,0,2,0.6666666666666666,0.2222222222222222,2
legal-106,legal,hybrid_ymd,run_1,0.6240869136527181,sat,1,1.5024251956492662,sat,2.4073973717149784,exact,8,1,0,0.0,0.0,0.0,0.0,11,13,11,2,0.5384615384615384,3,2,3,0.46153846153846156,0.2857142857142857,7,5,0.0,3,0,0,0.0,1,2,0,0,0.15384615384615385,0,0,0,2,0.6666666666666666,0.2222222222222222,2
legal-106,legal,simple,run_1,1.5024251956492662,sat,1,1.5024251956492662,sat,1.0,exact,8,1,0,0.0,0.0,0.0,0.0,11,13,11,2,0.5384615384615384,3,2,3,0.46153846153846156,0.2857142857142857,7,5,0.0,3,0,0,0.0,1,2,0,0,0.15384615384615385,0,0,0,2,0.6666666666666666,0.2222222222222222,2
legal-107,legal,alpha_beta,run_1,1.2722534583881497,sat,1,0.3825369868427515,sat,0.30067671211316443,exact,2,1,2,0.0,0.0,0.0,0.0,4,7,4,1,0.5714285714285714,2,1,2,0.7142857142857143,0.0,2,2,0.0,0,0,30,0.0,1,1,0,0,0.2,1,0,0,3,0.6,0.3,1
legal-107,legal,epoch_days,run_1,0.055101954378187656,sat,1,0.3825369868427515,sat,6.942348799776518,exact,2,1,2,0.0,0.0,0.0,0.0,4,7,4,1,0.5714285714285714,2,1,2,0.7142857142857143,0.0,2,2,0.0,0,0,30,0.0,1,1,0,0,0.2,1,0,0,3,0.6,0.3,1
legal-107,legal,hybrid_ymd,run_1,0.053509642370045185,sat,1,0.3825369868427515,sat,7.148935591782175,exact,2,1,2,0.0,0.0,0.0,0.0,4,7,4,1,0.5714285714285714,2,1,2,0.7142857142857143,0.0,2,2,0.0,0,0,30,0.0,1,1,0,0,0.2,1,0,0,3,0.6,0.3,1
legal-107,legal,simple,run_1,0.3825369868427515,sat,1,0.3825369868427515,sat,1.0,exact,2,1,2,0.0,0.0,0.0,0.0,4,7,4,1,0.5714285714285714,2,1,2,0.7142857142857143,0.0,2,2,0.0,0,0,30,0.0,1,1,0,0,0.2,1,0,0,3,0.6,0.3,1
legal-108,legal,alpha_beta,run_1,0.06008309870958328,sat,1,0.013117505237460136,sat,0.21832271502614575,exact,5,3,0,0.0,0.0,0.0,0.0,11,20,9,11,0.55,4,1,1,0.6,0.7272727272727273,8,1,0.0,0,2,0,0.0,1,2,9,0,0.55,5,0,0,1,1.0,0.39285714285714285,3
legal-108,legal,epoch_days,run_1,1.5867211036384106,sat,1,0.013117505237460136,sat,0.008267051599289383,exact,5,3,0,0.0,0.0,0.0,0.0,11,20,9,11,0.55,4,1,1,0.6,0.7272727272727273,8,1,0.0,0,2,0,0.0,1,2,9,0,0.55,5,0,0,1,1.0,0.39285714285714285,3
legal-108,legal,hybrid_ymd,run_1,0.020025798119604588,sat,1,0.013117505237460136,sat,0.6550303343275261,exact,5,3,0,0.0,0.0,0.0,0.0,11,20,9,11,0.55,4,1,1,0.6,0.7272727272727273,8,1,0.0,0,2,0,0.0,1,2,9,0,0.55,5,0,0,1,1.0,0.39285714285714285,3
legal-108,legal,simple,run_1,0.013117505237460136,sat,1,0.013117505237460136,sat,1.0,exact,5,3,0,0.0,0.0,0.0,0.0,11,20,9,11,0.55,4,1,1,0.6,0.7272727272727273,8,1,0.0,0,2,0,0.0,1,2,9,0,0.55,5,0,0,1,1.0,0.39285714285714285,3
legal-109,legal,alpha_beta,run_1,2.7262047342956066,sat,1,0.5384294800460339,sat,0.19750148375600726,exact,11,0,4,0.0,0.0,0.0,0.0,14,18,12,0,0.5555555555555556,6,1,2,0.8333333333333334,0.3,3,3,0.0,3,0,0,0.0,1,0,0,0,0.0,0,0,0,7,0.4,0.09523809523809523,0
legal-109,legal,epoch_days,run_1,4.054160104133189,sat,1,0.5384294800460339,sat,0.1328091309213735,exact,11,0,4,0.0,0.0,0.0,0.0,14,18,12,0,0.5555555555555556,6,1,2,0.8333333333333334,0.3,3,3,0.0,3,0,0,0.0,1,0,0,0,0.0,0,0,0,7,0.4,0.09523809523809523,0
legal-109,legal,hybrid_ymd,run_1,0.3012362830340862,sat,1,0.5384294800460339,sat,1.7873991626204875,exact,11,0,4,0.0,0.0,0.0,0.0,14,18,12,0,0.5555555555555556,6,1,2,0.8333333333333334,0.3,3,3,0.0,3,0,0,0.0,1,0,0,0,0.0,0,0,0,7,0.4,0.09523809523809523,0
legal-109,legal,simple,run_1,0.5384294800460339,sat,1,0.5384294800460339,sat,1.0,exact,11,0,4,0.0,0.0,0.0,0.0,14,18,12,0,0.5555555555555556,6,1,2,0.8333333333333334,0.3,3,3,0.0,3,0,0,0.0,1,0,0,0,0.0,0,0,0,7,0.4,0.09523809523809523,0
legal-11,legal,alpha_beta,run_1,1.2078588521108031,sat,1,0.118227100931108,sat,0.09788155356439149,exact,9,1,4,0.0,0.0,0.0,0.0,13,17,9,1,0.23529411764705882,5,1,1,0.7058823529411765,0.0,5,3,0.0,1,0,1,0.0,2,1,0,0,0.1,1,0,0,6,0.35714285714285715,0.08791208791208792,1
legal-11,legal,epoch_days,run_1,0.16239908523857594,sat,1,0.118227100931108,sat,0.7280034906441984,exact,9,1,4,0.0,0.0,0.0,0.0,13,17,9,1,0.23529411764705882,5,1,1,0.7058823529411765,0.0,5,3,0.0,1,0,1,0.0,2,1,0,0,0.1,1,0,0,6,0.35714285714285715,0.08791208791208792,1
legal-11,legal,hybrid_ymd,run_1,1.5234756730496883,sat,1,0.118227100931108,sat,0.07760353711092832,exact,9,1,4,0.0,0.0,0.0,0.0,13,17,9,1,0.23529411764705882,5,1,1,0.7058823529411765,0.0,5,3,0.0,1,0,1,0.0,2,1,0,0,0.1,1,0,0,6,0.35714285714285715,0.08791208791208792,1
legal-11,legal,simple,run_1,0.118227100931108,sat,1,0.118227100931108,sat,1.0,exact,9,1,4,0.0,0.0,0.0,0.0,13,17,9,1,0.23529411764705882,5,1,1,0.7058823529411765,0.0,5,3,0.0,1,0,1,0.0,2,1,0,0,0.1,1,0,0,6,0.35714285714285715,0.08791208791208792,1
legal-110,legal,alpha_beta,run_1,12.419478558003902,sat,1,0.746662343852222,sat,0.06012026514358167,exact,11,0,3,0.0,0.0,0.0,0.0,13,16,13,0,0.5625,4,2,2,0.4375,0.0,7,2,0.0,0,6,45,0.0,1,0,0,0,0.0,0,0,0,4,0.7857142857142857,0.12087912087912088,0
legal-110,legal,epoch_days,run_1,0.07296238001435995,sat,1,0.746662343852222,sat,10.233525053668329,exact,11,0,3,0.0,0.0,0.0,0.0,13,16,13,0,0.5625,4,2,2,0.4375,0.0,7,2,0.0,0,6,45,0.0,1,0,0,0,0.0,0,0,0,4,0.7857142857142857,0.12087912087912088,0
legal-110,legal,hybrid_ymd,run_1,0.8198777483776212,sat,1,0.746662343852222,sat,0.9106996077521579,exact,11,0,3,0.0,0.0,0.0,0.0,13,16,13,0,0.5625,4,2,2,0.4375,0.0,7,2,0.0,0,6,45,0.0,1,0,0,0,0.0,0,0,0,4,0.7857142857142857,0.12087912087912088,0
legal-110,legal,simple,run_1,0.746662343852222,sat,1,0.746662343852222,sat,1.0,exact,11,0,3,0.0,0.0,0.0,0.0,13,16,13,0,0.5625,4,2,2,0.4375,0.0,7,2,0.0,0,6,45,0.0,1,0,0,0,0.0,0,0,0,4,0.7857142857142857,0.12087912087912088,0
legal-111,legal,alpha_beta,run_1,60.00273534934968,timeout,0,1.830241789110005,sat,0.03050263922892711,upper,8,0,0,0.0,0.0,0.0,0.0,13,8,8,0,1.0,0,1,0,0.0,0.0,8,4,0.0,2,0,90,0.0,1,0,0,0,0.0,0,0,0,4,0.375,0.14285714285714285,0
legal-111,legal,epoch_days,run_1,0.027072174474596977,sat,1,1.830241789110005,sat,67.60601335616398,exact,8,0,0,0.0,0.0,0.0,0.0,13,8,8,0,1.0,0,1,0,0.0,0.0,8,4,0.0,2,0,90,0.0,1,0,0,0,0.0,0,0,0,4,0.375,0.14285714285714285,0
legal-111,legal,hybrid_ymd,run_1,0.46713004540652037,sat,1,1.830241789110005,sat,3.918056239600763,exact,8,0,0,0.0,0.0,0.0,0.0,13,8,8,0,1.0,0,1,0,0.0,0.0,8,4,0.0,2,0,90,0.0,1,0,0,0,0.0,0,0,0,4,0.375,0.14285714285714285,0
legal-111,legal,simple,run_1,1.830241789110005,sat,1,1.830241789110005,sat,1.0,exact,8,0,0,0.0,0.0,0.0,0.0,13,8,8,0,1.0,0,1,0,0.0,0.0,8,4,0.0,2,0,90,0.0,1,0,0,0,0.0,0,0,0,4,0.375,0.14285714285714285,0
legal-112,legal,alpha_beta,run_1,0.007241064682602882,sat,1,0.005396082065999508,sat,0.7452056158211012,exact,1,1,0,0.5,0.5,0.5,0.0,4,4,3,1,0.25,0,1,0,0.0,0.0,4,0,0.0,0,0,0,0.0,0,0,0,0,0.0,1,0,0,2,0.75,0.3333333333333333,0
legal-112,legal,epoch_days,run_1,0.01530468463897705,sat,1,0.005396082065999508,sat,0.35257714832340226,exact,1,1,0,0.5,0.5,0.5,0.0,4,4,3,1,0.25,0,1,0,0.0,0.0,4,0,0.0,0,0,0,0.0,0,0,0,0,0.0,1,0,0,2,0.75,0.3333333333333333,0
legal-112,legal,hybrid_ymd,run_1,0.005163931287825108,sat,1,0.005396082065999508,sat,1.044956209762461,exact,1,1,0,0.5,0.5,0.5,0.0,4,4,3,1,0.25,0,1,0,0.0,0.0,4,0,0.0,0,0,0,0.0,0,0,0,0,0.0,1,0,0,2,0.75,0.3333333333333333,0
legal-112,legal,simple,run_1,0.005396082065999508,sat,1,0.005396082065999508,sat,1.0,exact,1,1,0,0.5,0.5,0.5,0.0,4,4,3,1,0.25,0,1,0,0.0,0.0,4,0,0.0,0,0,0,0.0,0,0,0,0,0.0,1,0,0,2,0.75,0.3333333333333333,0
legal-113,legal,alpha_beta,run_1,0.1983026396483183,sat,1,0.07822818029671907,sat,0.39448885015072715,exact,8,0,1,0.0,0.0,0.0,0.0,11,15,12,0,0.4666666666666667,4,2,2,0.5333333333333333,0.0,7,2,0.0,1,9,0,0.0,1,1,1,0,0.14285714285714285,1,0,0,2,0.8888888888888888,0.2222222222222222,0
legal-113,legal,epoch_days,run_1,0.7146453112363815,sat,1,0.07822818029671907,sat,0.10946434415329666,exact,8,0,1,0.0,0.0,0.0,0.0,11,15,12,0,0.4666666666666667,4,2,2,0.5333333333333333,0.0,7,2,0.0,1,9,0,0.0,1,1,1,0,0.14285714285714285,1,0,0,2,0.8888888888888888,0.2222222222222222,0
legal-113,legal,hybrid_ymd,run_1,0.11259899195283651,sat,1,0.07822818029671907,sat,0.694750272093785,exact,8,0,1,0.0,0.0,0.0,0.0,11,15,12,0,0.4666666666666667,4,2,2,0.5333333333333333,0.0,7,2,0.0,1,9,0,0.0,1,1,1,0,0.14285714285714285,1,0,0,2,0.8888888888888888,0.2222222222222222,0
legal-113,legal,simple,run_1,0.07822818029671907,sat,1,0.07822818029671907,sat,1.0,exact,8,0,1,0.0,0.0,0.0,0.0,11,15,12,0,0.4666666666666667,4,2,2,0.5333333333333333,0.0,7,2,0.0,1,9,0,0.0,1,1,1,0,0.14285714285714285,1,0,0,2,0.8888888888888888,0.2222222222222222,0
legal-114,legal,alpha_beta,run_1,0.12677068263292313,sat,1,0.017433336935937405,sat,0.1375186799807439,exact,4,0,1,0.0,0.0,0.0,0.0,5,8,7,0,0.875,1,1,1,0.375,0.2857142857142857,5,1,0.0,1,0,0,0.0,1,0,0,0,0.0,0,0,0,2,0.8,0.6,0
legal-114,legal,epoch_days,run_1,0.14199514407664537,sat,1,0.017433336935937405,sat,0.12277417688683306,exact,4,0,1,0.0,0.0,0.0,0.0,5,8,7,0,0.875,1,1,1,0.375,0.2857142857142857,5,1,0.0,1,0,0,0.0,1,0,0,0,0.0,0,0,0,2,0.8,0.6,0
legal-114,legal,hybrid_ymd,run_1,0.012700831517577171,sat,1,0.017433336935937405,sat,1.3726138254657372,exact,4,0,1,0.0,0.0,0.0,0.0,5,8,7,0,0.875,1,1,1,0.375,0.2857142857142857,5,1,0.0,1,0,0,0.0,1,0,0,0,0.0,0,0,0,2,0.8,0.6,0
legal-114,legal,simple,run_1,0.017433336935937405,sat,1,0.017433336935937405,sat,1.0,exact,4,0,1,0.0,0.0,0.0,0.0,5,8,7,0,0.875,1,1,1,0.375,0.2857142857142857,5,1,0.0,1,0,0,0.0,1,0,0,0,0.0,0,0,0,2,0.8,0.6,0
legal-115,legal,alpha_beta,run_1,0.010124268010258675,sat,1,0.012418081052601337,sat,1.2265658159205581,exact,5,0,1,0.0,0.0,0.0,0.0,6,5,4,0,0.8,1,1,2,0.6,0.0,2,1,0.0,5,0,0,0.0,1,0,0,0,0.0,0,0,0,3,0.5,0.2,0
legal-115,legal,epoch_days,run_1,0.5951149724423885,sat,1,0.012418081052601337,sat,0.020866692366412438,exact,5,0,1,0.0,0.0,0.0,0.0,6,5,4,0,0.8,1,1,2,0.6,0.0,2,1,0.0,5,0,0,0.0,1,0,0,0,0.0,0,0,0,3,0.5,0.2,0
legal-115,legal,hybrid_ymd,run_1,1.181084780022502,sat,1,0.012418081052601337,sat,0.010514131807172004,exact,5,0,1,0.0,0.0,0.0,0.0,6,5,4,0,0.8,1,1,2,0.6,0.0,2,1,0.0,5,0,0,0.0,1,0,0,0,0.0,0,0,0,3,0.5,0.2,0
legal-115,legal,simple,run_1,0.012418081052601337,sat,1,0.012418081052601337,sat,1.0,exact,5,0,1,0.0,0.0,0.0,0.0,6,5,4,0,0.8,1,1,2,0.6,0.0,2,1,0.0,5,0,0,0.0,1,0,0,0,0.0,0,0,0,3,0.5,0.2,0
legal-116,legal,alpha_beta,run_1,0.031214077956974506,sat,1,0.026535176672041416,sat,0.8501028513037454,exact,4,0,4,0.0,0.0,0.0,0.0,7,13,8,0,0.6153846153846154,5,1,1,0.7692307692307693,0.0,3,1,0.0,0,6,0,0.0,1,0,0,0,0.0,0,0,0,5,0.5,0.14285714285714285,0
legal-116,legal,epoch_days,run_1,0.07288761250674725,sat,1,0.026535176672041416,sat,0.36405605506127725,exact,4,0,4,0.0,0.0,0.0,0.0,7,13,8,0,0.6153846153846154,5,1,1,0.7692307692307693,0.0,3,1,0.0,0,6,0,0.0,1,0,0,0,0.0,0,0,0,5,0.5,0.14285714285714285,0
legal-116,legal,hybrid_ymd,run_1,0.019031734205782413,sat,1,0.026535176672041416,sat,1.3942595238630031,exact,4,0,4,0.0,0.0,0.0,0.0,7,13,8,0,0.6153846153846154,5,1,1,0.7692307692307693,0.0,3,1,0.0,0,6,0,0.0,1,0,0,0,0.0,0,0,0,5,0.5,0.14285714285714285,0
legal-116,legal,simple,run_1,0.026535176672041416,sat,1,0.026535176672041416,sat,1.0,exact,4,0,4,0.0,0.0,0.0,0.0,7,13,8,0,0.6153846153846154,5,1,1,0.7692307692307693,0.0,3,1,0.0,0,6,0,0.0,1,0,0,0,0.0,0,0,0,5,0.5,0.14285714285714285,0
legal-117,legal,alpha_beta,run_1,5.980074775405228,sat,1,0.883317313157022,sat,0.1477100782735891,exact,5,0,2,0.0,0.0,0.0,0.0,6,5,3,0,0.6,2,1,1,0.8,0.0,1,1,0.0,0,0,7,0.0,1,0,0,0,0.0,0,0,0,4,0.42857142857142855,0.14285714285714285,0
legal-117,legal,epoch_days,run_1,0.0036492832005023956,sat,1,0.883317313157022,sat,242.05227838590767,exact,5,0,2,0.0,0.0,0.0,0.0,6,5,3,0,0.6,2,1,1,0.8,0.0,1,1,0.0,0,0,7,0.0,1,0,0,0,0.0,0,0,0,4,0.42857142857142855,0.14285714285714285,0
legal-117,legal,hybrid_ymd,run_1,0.02030293643474579,sat,1,0.883317313157022,sat,43.50687478119379,exact,5,0,2,0.0,0.0,0.0,0.0,6,5,3,0,0.6,2,1,1,0.8,0.0,1,1,0.0,0,0,7,0.0,1,0,0,0,0.0,0,0,0,4,0.42857142857142855,0.14285714285714285,0
legal-117,legal,simple,run_1,0.883317313157022,sat,1,0.883317313157022,sat,1.0,exact,5,0,2,0.0,0.0,0.0,0.0,6,5,3,0,0.6,2,1,1,0.8,0.0,1,1,0.0,0,0,7,0.0,1,0,0,0,0.0,0,0,0,4,0.42857142857142855,0.14285714285714285,0
legal-118,legal,alpha_beta,run_1,0.13531743735074997,sat,1,0.013224870897829533,sat,0.09773220034865104,exact,5,0,1,0.0,0.0,0.0,0.0,6,8,6,0,0.5,2,1,1,0.5,0.0,4,1,0.0,5,0,0,0.0,1,0,0,0,0.0,0,0,0,2,0.8333333333333334,0.3333333333333333,0
legal-118,legal,epoch_days,run_1,0.10622286051511765,sat,1,0.013224870897829533,sat,0.1245011745465786,exact,5,0,1,0.0,0.0,0.0,0.0,6,8,6,0,0.5,2,1,1,0.5,0.0,4,1,0.0,5,0,0,0.0,1,0,0,0,0.0,0,0,0,2,0.8333333333333334,0.3333333333333333,0
legal-118,legal,hybrid_ymd,run_1,0.05776190757751465,sat,1,0.013224870897829533,sat,0.22895488484486382,exact,5,0,1,0.0,0.0,0.0,0.0,6,8,6,0,0.5,2,1,1,0.5,0.0,4,1,0.0,5,0,0,0.0,1,0,0,0,0.0,0,0,0,2,0.8333333333333334,0.3333333333333333,0
legal-118,legal,simple,run_1,0.013224870897829533,sat,1,0.013224870897829533,sat,1.0,exact,5,0,1,0.0,0.0,0.0,0.0,6,8,6,0,0.5,2,1,1,0.5,0.0,4,1,0.0,5,0,0,0.0,1,0,0,0,0.0,0,0,0,2,0.8333333333333334,0.3333333333333333,0
legal-119,legal,alpha_beta,run_1,0.02413836307823658,sat,1,0.014079905115067959,sat,0.5832999143078827,exact,2,0,0,0.3333333333333333,0.3333333333333333,0.0,0.0,5,3,3,0,0.6666666666666666,0,1,0,0.0,0.0,3,1,0.0,1,0,0,0.0,1,0,0,0,0.0,0,0,0,2,0.6666666666666666,0.3333333333333333,0
legal-119,legal,epoch_days,run_1,0.06755849439650774,sat,1,0.014079905115067959,sat,0.20841058168690899,exact,2,0,0,0.3333333333333333,0.3333333333333333,0.0,0.0,5,3,3,0,0.6666666666666666,0,1,0,0.0,0.0,3,1,0.0,1,0,0,0.0,1,0,0,0,0.0,0,0,0,2,0.6666666666666666,0.3333333333333333,0
legal-119,legal,hybrid_ymd,run_1,0.014866814017295837,sat,1,0.014079905115067959,sat,0.9470694325420094,exact,2,0,0,0.3333333333333333,0.3333333333333333,0.0,0.0,5,3,3,0,0.6666666666666666,0,1,0,0.0,0.0,3,1,0.0,1,0,0,0.0,1,0,0,0,0.0,0,0,0,2,0.6666666666666666,0.3333333333333333,0
legal-119,legal,simple,run_1,0.014079905115067959,sat,1,0.014079905115067959,sat,1.0,exact,2,0,0,0.3333333333333333,0.3333333333333333,0.0,0.0,5,3,3,0,0.6666666666666666,0,1,0,0.0,0.0,3,1,0.0,1,0,0,0.0,1,0,0,0,0.0,0,0,0,2,0.6666666666666666,0.3333333333333333,0
legal-12,legal,alpha_beta,run_1,60.00251860078424,timeout,0,0.6909873522818089,sat,0.011515972469075281,upper,16,1,0,0.0,0.0,0.0,0.0,26,22,12,10,0.09090909090909091,3,4,2,0.0,0.0,14,3,0.0,0,0,14,0.0,1,0,5,5,0.45454545454545453,7,0,0,5,0.47058823529411764,0.08823529411764706,0
legal-12,legal,epoch_days,run_1,0.7857302716001868,sat,1,0.6909873522818089,sat,0.8794205559556356,exact,16,1,0,0.0,0.0,0.0,0.0,26,22,12,10,0.09090909090909091,3,4,2,0.0,0.0,14,3,0.0,0,0,14,0.0,1,0,5,5,0.45454545454545453,7,0,0,5,0.47058823529411764,0.08823529411764706,0
legal-12,legal,hybrid_ymd,run_1,60.00323751941323,timeout,0,0.6909873522818089,sat,0.011515834492401336,upper,16,1,0,0.0,0.0,0.0,0.0,26,22,12,10,0.09090909090909091,3,4,2,0.0,0.0,14,3,0.0,0,0,14,0.0,1,0,5,5,0.45454545454545453,7,0,0,5,0.47058823529411764,0.08823529411764706,0
legal-12,legal,simple,run_1,0.6909873522818089,sat,1,0.6909873522818089,sat,1.0,exact,16,1,0,0.0,0.0,0.0,0.0,26,22,12,10,0.09090909090909091,3,4,2,0.0,0.0,14,3,0.0,0,0,14,0.0,1,0,5,5,0.45454545454545453,7,0,0,5,0.47058823529411764,0.08823529411764706,0
legal-120,legal,alpha_beta,run_1,0.020668337121605873,sat,1,0.012285410426557064,sat,0.5944072981911243,exact,5,1,2,0.0,0.0,0.0,0.0,7,13,9,2,0.5384615384615384,4,3,1,0.3076923076923077,0.0,6,0,0.0,0,0,0,0.0,0,1,0,0,0.1,1,0,0,4,0.625,0.17857142857142858,0
legal-120,legal,epoch_days,run_1,0.025876968167722225,sat,1,0.012285410426557064,sat,0.4747623580524915,exact,5,1,2,0.0,0.0,0.0,0.0,7,13,9,2,0.5384615384615384,4,3,1,0.3076923076923077,0.0,6,0,0.0,0,0,0,0.0,0,1,0,0,0.1,1,0,0,4,0.625,0.17857142857142858,0
legal-120,legal,hybrid_ymd,run_1,0.011700103059411049,sat,1,0.012285410426557064,sat,1.0500258300438832,exact,5,1,2,0.0,0.0,0.0,0.0,7,13,9,2,0.5384615384615384,4,3,1,0.3076923076923077,0.0,6,0,0.0,0,0,0,0.0,0,1,0,0,0.1,1,0,0,4,0.625,0.17857142857142858,0
legal-120,legal,simple,run_1,0.012285410426557064,sat,1,0.012285410426557064,sat,1.0,exact,5,1,2,0.0,0.0,0.0,0.0,7,13,9,2,0.5384615384615384,4,3,1,0.3076923076923077,0.0,6,0,0.0,0,0,0,0.0,0,1,0,0,0.1,1,0,0,4,0.625,0.17857142857142858,0
legal-121,legal,alpha_beta,run_1,0.5785681819543242,sat,1,0.047995553351938725,sat,0.08295574289933523,exact,6,1,2,0.0,0.0,0.0,0.0,10,11,8,1,0.45454545454545453,2,1,2,0.45454545454545453,0.0,6,4,0.0,64,0,0,0.0,1,1,0,0,0.1111111111111111,0,0,0,3,0.7777777777777778,0.2222222222222222,1
legal-121,legal,epoch_days,run_1,1.5391254369169474,sat,1,0.047995553351938725,sat,0.031183652872425763,exact,6,1,2,0.0,0.0,0.0,0.0,10,11,8,1,0.45454545454545453,2,1,2,0.45454545454545453,0.0,6,4,0.0,64,0,0,0.0,1,1,0,0,0.1111111111111111,0,0,0,3,0.7777777777777778,0.2222222222222222,1
legal-121,legal,hybrid_ymd,run_1,0.10794098861515522,sat,1,0.047995553351938725,sat,0.4446462272367961,exact,6,1,2,0.0,0.0,0.0,0.0,10,11,8,1,0.45454545454545453,2,1,2,0.45454545454545453,0.0,6,4,0.0,64,0,0,0.0,1,1,0,0,0.1111111111111111,0,0,0,3,0.7777777777777778,0.2222222222222222,1
legal-121,legal,simple,run_1,0.047995553351938725,sat,1,0.047995553351938725,sat,1.0,exact,6,1,2,0.0,0.0,0.0,0.0,10,11,8,1,0.45454545454545453,2,1,2,0.45454545454545453,0.0,6,4,0.0,64,0,0,0.0,1,1,0,0,0.1111111111111111,0,0,0,3,0.7777777777777778,0.2222222222222222,1
legal-122,legal,alpha_beta,run_1,38.67777276970446,sat,1,1.2343839379027486,sat,0.03191455581614092,exact,8,0,5,0.0,0.0,0.0,0.0,10,16,11,0,0.6875,5,1,2,0.8125,0.0,3,2,0.0,1,0,60,0.0,1,0,0,0,0.0,0,0,0,6,0.6153846153846154,0.11538461538461539,0
legal-122,legal,epoch_days,run_1,0.1197454808279872,sat,1,1.2343839379027486,sat,10.308396854457705,exact,8,0,5,0.0,0.0,0.0,0.0,10,16,11,0,0.6875,5,1,2,0.8125,0.0,3,2,0.0,1,0,60,0.0,1,0,0,0,0.0,0,0,0,6,0.6153846153846154,0.11538461538461539,0
legal-122,legal,hybrid_ymd,run_1,0.1950807049870491,sat,1,1.2343839379027486,sat,6.32755524430105,exact,8,0,5,0.0,0.0,0.0,0.0,10,16,11,0,0.6875,5,1,2,0.8125,0.0,3,2,0.0,1,0,60,0.0,1,0,0,0,0.0,0,0,0,6,0.6153846153846154,0.11538461538461539,0
legal-122,legal,simple,run_1,1.2343839379027486,sat,1,1.2343839379027486,sat,1.0,exact,8,0,5,0.0,0.0,0.0,0.0,10,16,11,0,0.6875,5,1,2,0.8125,0.0,3,2,0.0,1,0,60,0.0,1,0,0,0,0.0,0,0,0,6,0.6153846153846154,0.11538461538461539,0
legal-123,legal,alpha_beta,run_1,0.006346740759909153,sat,1,0.009875988587737083,sat,1.5560724726809936,exact,2,0,0,0.0,0.0,0.0,0.0,3,2,2,0,1.0,0,1,0,0.0,0.0,2,0,0.0,0,0,0,0.0,0,1,0,0,0.3333333333333333,1,0,0,1,1.0,1.0,0
legal-123,legal,epoch_days,run_1,0.02200419269502163,sat,1,0.009875988587737083,sat,0.44882303680114066,exact,2,0,0,0.0,0.0,0.0,0.0,3,2,2,0,1.0,0,1,0,0.0,0.0,2,0,0.0,0,0,0,0.0,0,1,0,0,0.3333333333333333,1,0,0,1,1.0,1.0,0
legal-123,legal,hybrid_ymd,run_1,0.014181421138346195,sat,1,0.009875988587737083,sat,0.6964033076369663,exact,2,0,0,0.0,0.0,0.0,0.0,3,2,2,0,1.0,0,1,0,0.0,0.0,2,0,0.0,0,0,0,0.0,0,1,0,0,0.3333333333333333,1,0,0,1,1.0,1.0,0
legal-123,legal,simple,run_1,0.009875988587737083,sat,1,0.009875988587737083,sat,1.0,exact,2,0,0,0.0,0.0,0.0,0.0,3,2,2,0,1.0,0,1,0,0.0,0.0,2,0,0.0,0,0,0,0.0,0,1,0,0,0.3333333333333333,1,0,0,1,1.0,1.0,0
legal-124,legal,alpha_beta,run_1,0.007720446214079857,sat,1,0.007819895632565022,sat,1.0128813044903802,exact,1,1,0,0.0,0.0,0.0,0.0,3,2,2,0,1.0,0,1,0,0.0,0.0,2,0,0.0,0,0,0,0.0,0,0,0,0,0.0,2,0,0,1,1.0,1.0,0
legal-124,legal,epoch_days,run_1,0.020403639413416386,sat,1,0.007819895632565022,sat,0.3832598427231104,exact,1,1,0,0.0,0.0,0.0,0.0,3,2,2,0,1.0,0,1,0,0.0,0.0,2,0,0.0,0,0,0,0.0,0,0,0,0,0.0,2,0,0,1,1.0,1.0,0
legal-124,legal,hybrid_ymd,run_1,0.008198070339858532,sat,1,0.007819895632565022,sat,0.953870277807346,exact,1,1,0,0.0,0.0,0.0,0.0,3,2,2,0,1.0,0,1,0,0.0,0.0,2,0,0.0,0,0,0,0.0,0,0,0,0,0.0,2,0,0,1,1.0,1.0,0
legal-124,legal,simple,run_1,0.007819895632565022,sat,1,0.007819895632565022,sat,1.0,exact,1,1,0,0.0,0.0,0.0,0.0,3,2,2,0,1.0,0,1,0,0.0,0.0,2,0,0.0,0,0,0,0.0,0,0,0,0,0.0,2,0,0,1,1.0,1.0,0
legal-125,legal,alpha_beta,run_1,0.033108221367001534,sat,1,0.025960348546504974,sat,0.784105804378222,exact,5,0,3,0.0,0.0,0.0,0.0,8,10,6,0,0.6,4,1,1,0.8,0.0,2,1,0.0,0,6,0,0.0,1,0,0,0,0.0,0,0,1,7,0.25,0.03571428571428571,0
legal-125,legal,epoch_days,run_1,1.7171814814209938,sat,1,0.025960348546504974,sat,0.015117999365461588,exact,5,0,3,0.0,0.0,0.0,0.0,8,10,6,0,0.6,4,1,1,0.8,0.0,2,1,0.0,0,6,0,0.0,1,0,0,0,0.0,0,0,1,7,0.25,0.03571428571428571,0
legal-125,legal,hybrid_ymd,run_1,0.06231158506125212,sat,1,0.025960348546504974,sat,0.41662154029601434,exact,5,0,3,0.0,0.0,0.0,0.0,8,10,6,0,0.6,4,1,1,0.8,0.0,2,1,0.0,0,6,0,0.0,1,0,0,0,0.0,0,0,1,7,0.25,0.03571428571428571,0
legal-125,legal,simple,run_1,0.025960348546504974,sat,1,0.025960348546504974,sat,1.0,exact,5,0,3,0.0,0.0,0.0,0.0,8,10,6,0,0.6,4,1,1,0.8,0.0,2,1,0.0,0,6,0,0.0,1,0,0,0,0.0,0,0,1,7,0.25,0.03571428571428571,0
legal-126,legal,alpha_beta,run_1,0.08242891635745764,sat,1,0.08203107304871082,sat,0.9951734982536766,exact,4,2,0,0.0,0.0,0.0,0.0,7,6,4,2,0.8333333333333334,0,1,1,0.0,0.0,6,1,0.0,1,0,0,0.0,1,0,0,0,0.0,1,0,0,3,0.5,0.26666666666666666,0
legal-126,legal,epoch_days,run_1,0.10330413654446602,sat,1,0.08203107304871082,sat,0.7940734591339577,exact,4,2,0,0.0,0.0,0.0,0.0,7,6,4,2,0.8333333333333334,0,1,1,0.0,0.0,6,1,0.0,1,0,0,0.0,1,0,0,0,0.0,1,0,0,3,0.5,0.26666666666666666,0
legal-126,legal,hybrid_ymd,run_1,0.033393172547221184,sat,1,0.08203107304871082,sat,2.4565223005604193,exact,4,2,0,0.0,0.0,0.0,0.0,7,6,4,2,0.8333333333333334,0,1,1,0.0,0.0,6,1,0.0,1,0,0,0.0,1,0,0,0,0.0,1,0,0,3,0.5,0.26666666666666666,0
legal-126,legal,simple,run_1,0.08203107304871082,sat,1,0.08203107304871082,sat,1.0,exact,4,2,0,0.0,0.0,0.0,0.0,7,6,4,2,0.8333333333333334,0,1,1,0.0,0.0,6,1,0.0,1,0,0,0.0,1,0,0,0,0.0,1,0,0,3,0.5,0.26666666666666666,0
legal-127,legal,alpha_beta,run_1,13.86175343580544,sat,1,0.46715232636779547,sat,0.03370081054544825,exact,4,0,0,0.0,0.0,0.0,0.0,5,4,4,0,1.0,0,1,0,0.0,0.0,4,1,0.0,0,0,60,0.0,1,0,0,0,0.0,0,0,0,1,1.0,0.6666666666666666,0
legal-127,legal,epoch_days,run_1,0.0028205066919326782,sat,1,0.46715232636779547,sat,165.62709377856203,exact,4,0,0,0.0,0.0,0.0,0.0,5,4,4,0,1.0,0,1,0,0.0,0.0,4,1,0.0,0,0,60,0.0,1,0,0,0,0.0,0,0,0,1,1.0,0.6666666666666666,0
legal-127,legal,hybrid_ymd,run_1,0.013929210603237152,sat,1,0.46715232636779547,sat,33.53760235768344,exact,4,0,0,0.0,0.0,0.0,0.0,5,4,4,0,1.0,0,1,0,0.0,0.0,4,1,0.0,0,0,60,0.0,1,0,0,0,0.0,0,0,0,1,1.0,0.6666666666666666,0
legal-127,legal,simple,run_1,0.46715232636779547,sat,1,0.46715232636779547,sat,1.0,exact,4,0,0,0.0,0.0,0.0,0.0,5,4,4,0,1.0,0,1,0,0.0,0.0,4,1,0.0,0,0,60,0.0,1,0,0,0,0.0,0,0,0,1,1.0,0.6666666666666666,0
legal-128,legal,alpha_beta,run_1,0.05072035826742649,sat,1,0.11745477467775345,sat,2.315732354619131,exact,3,0,1,0.0,0.0,0.0,0.0,6,6,4,0,0.5,2,1,1,0.6666666666666666,0.0,2,3,0.0,1,6,0,0.0,1,0,0,0,0.0,0,0,0,2,0.75,0.3333333333333333,0
legal-128,legal,epoch_days,run_1,1.2778951739892364,sat,1,0.11745477467775345,sat,0.09191268350368054,exact,3,0,1,0.0,0.0,0.0,0.0,6,6,4,0,0.5,2,1,1,0.6666666666666666,0.0,2,3,0.0,1,6,0,0.0,1,0,0,0,0.0,0,0,0,2,0.75,0.3333333333333333,0
legal-128,legal,hybrid_ymd,run_1,0.10610453505069017,sat,1,0.11745477467775345,sat,1.106972238478222,exact,3,0,1,0.0,0.0,0.0,0.0,6,6,4,0,0.5,2,1,1,0.6666666666666666,0.0,2,3,0.0,1,6,0,0.0,1,0,0,0,0.0,0,0,0,2,0.75,0.3333333333333333,0
legal-128,legal,simple,run_1,0.11745477467775345,sat,1,0.11745477467775345,sat,1.0,exact,3,0,1,0.0,0.0,0.0,0.0,6,6,4,0,0.5,2,1,1,0.6666666666666666,0.0,2,3,0.0,1,6,0,0.0,1,0,0,0,0.0,0,0,0,2,0.75,0.3333333333333333,0
legal-129,legal,alpha_beta,run_1,0.17230767570436,sat,1,0.42792527936398983,sat,2.4834951641864773,exact,10,0,0,0.0,0.0,0.0,0.0,12,12,12,0,0.5833333333333334,2,1,1,0.3333333333333333,0.2857142857142857,8,2,0.0,5,0,0,0.0,1,0,0,0,0.0,0,0,0,1,1.0,0.2222222222222222,0
legal-129,legal,epoch_days,run_1,0.4756478425115347,sat,1,0.42792527936398983,sat,0.8996682863196471,exact,10,0,0,0.0,0.0,0.0,0.0,12,12,12,0,0.5833333333333334,2,1,1,0.3333333333333333,0.2857142857142857,8,2,0.0,5,0,0,0.0,1,0,0,0,0.0,0,0,0,1,1.0,0.2222222222222222,0
legal-129,legal,hybrid_ymd,run_1,0.41471796855330467,sat,1,0.42792527936398983,sat,1.031846488004263,exact,10,0,0,0.0,0.0,0.0,0.0,12,12,12,0,0.5833333333333334,2,1,1,0.3333333333333333,0.2857142857142857,8,2,0.0,5,0,0,0.0,1,0,0,0,0.0,0,0,0,1,1.0,0.2222222222222222,0
legal-129,legal,simple,run_1,0.42792527936398983,sat,1,0.42792527936398983,sat,1.0,exact,10,0,0,0.0,0.0,0.0,0.0,12,12,12,0,0.5833333333333334,2,1,1,0.3333333333333333,0.2857142857142857,8,2,0.0,5,0,0,0.0,1,0,0,0,0.0,0,0,0,1,1.0,0.2222222222222222,0
legal-13,legal,alpha_beta,run_1,27.533495822921395,sat,1,0.03417516592890024,sat,0.0012412214616223818,exact,4,1,1,0.0,0.0,0.0,0.0,6,9,5,2,0.6666666666666666,2,1,1,0.4444444444444444,0.0,5,3,0.0,10,0,1,0.0,1,0,0,0,0.0,0,0,0,3,0.6666666666666666,0.2,0
legal-13,legal,epoch_days,run_1,0.027574523352086544,sat,1,0.03417516592890024,sat,1.2393746754035635,exact,4,1,1,0.0,0.0,0.0,0.0,6,9,5,2,0.6666666666666666,2,1,1,0.4444444444444444,0.0,5,3,0.0,10,0,1,0.0,1,0,0,0,0.0,0,0,0,3,0.6666666666666666,0.2,0
legal-13,legal,hybrid_ymd,run_1,3.5573084875941277,sat,1,0.03417516592890024,sat,0.009607029035599195,exact,4,1,1,0.0,0.0,0.0,0.0,6,9,5,2,0.6666666666666666,2,1,1,0.4444444444444444,0.0,5,3,0.0,10,0,1,0.0,1,0,0,0,0.0,0,0,0,3,0.6666666666666666,0.2,0
legal-13,legal,simple,run_1,0.03417516592890024,sat,1,0.03417516592890024,sat,1.0,exact,4,1,1,0.0,0.0,0.0,0.0,6,9,5,2,0.6666666666666666,2,1,1,0.4444444444444444,0.0,5,3,0.0,10,0,1,0.0,1,0,0,0,0.0,0,0,0,3,0.6666666666666666,0.2,0
legal-130,legal,alpha_beta,run_1,0.1221141666173935,sat,1,0.017225108109414577,sat,0.14105741034440386,exact,4,0,1,0.0,0.0,0.0,0.0,7,6,5,0,0.8333333333333334,2,1,1,0.5,0.2,3,1,0.0,1,0,0,0.0,1,0,0,0,0.0,0,0,1,3,0.6,0.2,0
legal-130,legal,epoch_days,run_1,0.02589466515928507,sat,1,0.017225108109414577,sat,0.665199105818063,exact,4,0,1,0.0,0.0,0.0,0.0,7,6,5,0,0.8333333333333334,2,1,1,0.5,0.2,3,1,0.0,1,0,0,0.0,1,0,0,0,0.0,0,0,1,3,0.6,0.2,0
legal-130,legal,hybrid_ymd,run_1,0.04715126659721136,sat,1,0.017225108109414577,sat,0.3653159151918373,exact,4,0,1,0.0,0.0,0.0,0.0,7,6,5,0,0.8333333333333334,2,1,1,0.5,0.2,3,1,0.0,1,0,0,0.0,1,0,0,0,0.0,0,0,1,3,0.6,0.2,0
legal-130,legal,simple,run_1,0.017225108109414577,sat,1,0.017225108109414577,sat,1.0,exact,4,0,1,0.0,0.0,0.0,0.0,7,6,5,0,0.8333333333333334,2,1,1,0.5,0.2,3,1,0.0,1,0,0,0.0,1,0,0,0,0.0,0,0,1,3,0.6,0.2,0
legal-131,legal,alpha_beta,run_1,0.3434374984353781,sat,1,0.6033458970487118,sat,1.7567851495466171,exact,10,0,4,0.0,0.0,0.0,0.0,14,23,13,0,0.5652173913043478,8,1,2,0.8695652173913043,0.07692307692307693,3,6,0.0,15,0,0,0.0,1,0,0,0,0.0,0,0,0,7,0.42857142857142855,0.08791208791208792,0
legal-131,legal,epoch_days,run_1,1.223824749700725,sat,1,0.6033458970487118,sat,0.49300024141222376,exact,10,0,4,0.0,0.0,0.0,0.0,14,23,13,0,0.5652173913043478,8,1,2,0.8695652173913043,0.07692307692307693,3,6,0.0,15,0,0,0.0,1,0,0,0,0.0,0,0,0,7,0.42857142857142855,0.08791208791208792,0
legal-131,legal,hybrid_ymd,run_1,0.8372801030054688,sat,1,0.6033458970487118,sat,0.720602215295651,exact,10,0,4,0.0,0.0,0.0,0.0,14,23,13,0,0.5652173913043478,8,1,2,0.8695652173913043,0.07692307692307693,3,6,0.0,15,0,0,0.0,1,0,0,0,0.0,0,0,0,7,0.42857142857142855,0.08791208791208792,0
legal-131,legal,simple,run_1,0.6033458970487118,sat,1,0.6033458970487118,sat,1.0,exact,10,0,4,0.0,0.0,0.0,0.0,14,23,13,0,0.5652173913043478,8,1,2,0.8695652173913043,0.07692307692307693,3,6,0.0,15,0,0,0.0,1,0,0,0,0.0,0,0,0,7,0.42857142857142855,0.08791208791208792,0
legal-132,legal,alpha_beta,run_1,0.2777968356385827,sat,1,0.11293303314596415,sat,0.40653102792319595,exact,6,0,0,0.0,0.0,0.0,0.0,9,6,6,0,0.3333333333333333,0,1,0,0.0,0.0,6,3,0.0,1,0,0,0.0,1,0,0,0,0.0,0,0,0,1,1.0,0.4,0
legal-132,legal,epoch_days,run_1,45.65465394966304,sat,1,0.11293303314596415,sat,0.002473636822885121,exact,6,0,0,0.0,0.0,0.0,0.0,9,6,6,0,0.3333333333333333,0,1,0,0.0,0.0,6,3,0.0,1,0,0,0.0,1,0,0,0,0.0,0,0,0,1,1.0,0.4,0
legal-132,legal,hybrid_ymd,run_1,0.1361126471310854,sat,1,0.11293303314596415,sat,0.8297027170238063,exact,6,0,0,0.0,0.0,0.0,0.0,9,6,6,0,0.3333333333333333,0,1,0,0.0,0.0,6,3,0.0,1,0,0,0.0,1,0,0,0,0.0,0,0,0,1,1.0,0.4,0
legal-132,legal,simple,run_1,0.11293303314596415,sat,1,0.11293303314596415,sat,1.0,exact,6,0,0,0.0,0.0,0.0,0.0,9,6,6,0,0.3333333333333333,0,1,0,0.0,0.0,6,3,0.0,1,0,0,0.0,1,0,0,0,0.0,0,0,0,1,1.0,0.4,0
legal-133,legal,alpha_beta,run_1,0.24407763686031103,sat,1,1.24834000505507,sat,5.114520203952614,exact,10,0,5,0.0,0.0,0.0,0.0,11,19,10,1,0.5263157894736842,8,1,1,0.8421052631578947,0.0,3,1,0.0,1,0,0,0.0,1,1,0,0,0.09090909090909091,0,0,0,8,0.3333333333333333,0.06666666666666667,0
legal-133,legal,epoch_days,run_1,0.060706849209964275,sat,1,1.24834000505507,sat,20.563412881757177,exact,10,0,5,0.0,0.0,0.0,0.0,11,19,10,1,0.5263157894736842,8,1,1,0.8421052631578947,0.0,3,1,0.0,1,0,0,0.0,1,1,0,0,0.09090909090909091,0,0,0,8,0.3333333333333333,0.06666666666666667,0
legal-133,legal,hybrid_ymd,run_1,0.8838556259870529,sat,1,1.24834000505507,sat,1.412379995500935,exact,10,0,5,0.0,0.0,0.0,0.0,11,19,10,1,0.5263157894736842,8,1,1,0.8421052631578947,0.0,3,1,0.0,1,0,0,0.0,1,1,0,0,0.09090909090909091,0,0,0,8,0.3333333333333333,0.06666666666666667,0
legal-133,legal,simple,run_1,1.24834000505507,sat,1,1.24834000505507,sat,1.0,exact,10,0,5,0.0,0.0,0.0,0.0,11,19,10,1,0.5263157894736842,8,1,1,0.8421052631578947,0.0,3,1,0.0,1,0,0,0.0,1,1,0,0,0.09090909090909091,0,0,0,8,0.3333333333333333,0.06666666666666667,0
legal-134,legal,alpha_beta,run_1,0.21786636300384998,sat,1,0.019261428155004978,sat,0.0884093711825749,exact,4,4,2,0.0,0.0,0.0,0.0,5,61,6,49,0.5409836065573771,13,11,2,0.8360655737704918,0.0,10,1,0.0,1,0,0,0.0,1,0,0,0,0.0,0,0,0,4,0.4,0.2,0
legal-134,legal,epoch_days,run_1,0.13922519143670797,sat,1,0.019261428155004978,sat,0.1383472915802113,exact,4,4,2,0.0,0.0,0.0,0.0,5,61,6,49,0.5409836065573771,13,11,2,0.8360655737704918,0.0,10,1,0.0,1,0,0,0.0,1,0,0,0,0.0,0,0,0,4,0.4,0.2,0
legal-134,legal,hybrid_ymd,run_1,0.04267672076821327,sat,1,0.019261428155004978,sat,0.45133336883164155,exact,4,4,2,0.0,0.0,0.0,0.0,5,61,6,49,0.5409836065573771,13,11,2,0.8360655737704918,0.0,10,1,0.0,1,0,0,0.0,1,0,0,0,0.0,0,0,0,4,0.4,0.2,0
legal-134,legal,simple,run_1,0.019261428155004978,sat,1,0.019261428155004978,sat,1.0,exact,4,4,2,0.0,0.0,0.0,0.0,5,61,6,49,0.5409836065573771,13,11,2,0.8360655737704918,0.0,10,1,0.0,1,0,0,0.0,1,0,0,0,0.0,0,0,0,4,0.4,0.2,0
legal-135,legal,alpha_beta,run_1,0.19592429511249065,sat,1,0.15606893319636583,sat,0.7965777450252317,exact,5,0,2,0.0,0.0,0.0,0.0,6,7,5,0,0.7142857142857143,2,1,1,0.5714285714285714,0.0,3,1,0.0,1,0,0,0.0,1,0,0,0,0.0,0,0,0,3,0.7142857142857143,0.23809523809523808,0
legal-135,legal,epoch_days,run_1,0.0483555868268013,sat,1,0.15606893319636583,sat,3.2275264025927184,exact,5,0,2,0.0,0.0,0.0,0.0,6,7,5,0,0.7142857142857143,2,1,1,0.5714285714285714,0.0,3,1,0.0,1,0,0,0.0,1,0,0,0,0.0,0,0,0,3,0.7142857142857143,0.23809523809523808,0
legal-135,legal,hybrid_ymd,run_1,0.014839651063084602,sat,1,0.15606893319636583,sat,10.517021763712886,exact,5,0,2,0.0,0.0,0.0,0.0,6,7,5,0,0.7142857142857143,2,1,1,0.5714285714285714,0.0,3,1,0.0,1,0,0,0.0,1,0,0,0,0.0,0,0,0,3,0.7142857142857143,0.23809523809523808,0
legal-135,legal,simple,run_1,0.15606893319636583,sat,1,0.15606893319636583,sat,1.0,exact,5,0,2,0.0,0.0,0.0,0.0,6,7,5,0,0.7142857142857143,2,1,1,0.5714285714285714,0.0,3,1,0.0,1,0,0,0.0,1,0,0,0,0.0,0,0,0,3,0.7142857142857143,0.23809523809523808,0
legal-136,legal,alpha_beta,run_1,0.0060148099437355995,sat,1,0.007973603904247284,sat,1.325661821210454,exact,3,0,1,0.0,0.0,0.0,0.0,4,3,2,0,0.3333333333333333,1,1,1,0.6666666666666666,1.0,1,0,0.0,0,0,0,0.0,0,0,0,0,0.0,0,0,0,3,0.5,0.16666666666666666,0
legal-136,legal,epoch_days,run_1,0.0030428096652030945,sat,1,0.007973603904247284,sat,2.6204740951863252,exact,3,0,1,0.0,0.0,0.0,0.0,4,3,2,0,0.3333333333333333,1,1,1,0.6666666666666666,1.0,1,0,0.0,0,0,0,0.0,0,0,0,0,0.0,0,0,0,3,0.5,0.16666666666666666,0
legal-136,legal,hybrid_ymd,run_1,0.007627912797033787,sat,1,0.007973603904247284,sat,1.0453192264269098,exact,3,0,1,0.0,0.0,0.0,0.0,4,3,2,0,0.3333333333333333,1,1,1,0.6666666666666666,1.0,1,0,0.0,0,0,0,0.0,0,0,0,0,0.0,0,0,0,3,0.5,0.16666666666666666,0
legal-136,legal,simple,run_1,0.007973603904247284,sat,1,0.007973603904247284,sat,1.0,exact,3,0,1,0.0,0.0,0.0,0.0,4,3,2,0,0.3333333333333333,1,1,1,0.6666666666666666,1.0,1,0,0.0,0,0,0,0.0,0,0,0,0,0.0,0,0,0,3,0.5,0.16666666666666666,0
legal-137,legal,alpha_beta,run_1,0.1533360444009304,sat,1,0.04688945133239031,sat,0.3057953628292879,exact,7,0,2,0.0,0.0,0.0,0.0,8,11,7,0,0.5454545454545454,4,1,1,0.7272727272727273,0.0,3,1,0.0,1,0,0,0.0,1,0,0,0,0.0,0,0,0,4,0.4444444444444444,0.16666666666666666,0
legal-137,legal,epoch_days,run_1,0.3199913064017892,sat,1,0.04688945133239031,sat,0.14653351636220618,exact,7,0,2,0.0,0.0,0.0,0.0,8,11,7,0,0.5454545454545454,4,1,1,0.7272727272727273,0.0,3,1,0.0,1,0,0,0.0,1,0,0,0,0.0,0,0,0,4,0.4444444444444444,0.16666666666666666,0
legal-137,legal,hybrid_ymd,run_1,0.08223764225840569,sat,1,0.04688945133239031,sat,0.5701701805245716,exact,7,0,2,0.0,0.0,0.0,0.0,8,11,7,0,0.5454545454545454,4,1,1,0.7272727272727273,0.0,3,1,0.0,1,0,0,0.0,1,0,0,0,0.0,0,0,0,4,0.4444444444444444,0.16666666666666666,0
legal-137,legal,simple,run_1,0.04688945133239031,sat,1,0.04688945133239031,sat,1.0,exact,7,0,2,0.0,0.0,0.0,0.0,8,11,7,0,0.5454545454545454,4,1,1,0.7272727272727273,0.0,3,1,0.0,1,0,0,0.0,1,0,0,0,0.0,0,0,0,4,0.4444444444444444,0.16666666666666666,0
legal-138,legal,alpha_beta,run_1,0.02131285611540079,sat,1,0.19978809729218483,sat,9.374064940447695,exact,5,0,2,0.0,0.0,0.0,0.0,8,13,6,0,0.3076923076923077,5,1,1,0.9230769230769231,0.0,1,5,0.0,6,0,0,0.0,1,0,0,0,0.0,0,0,0,3,0.7142857142857143,0.19047619047619047,0
legal-138,legal,epoch_days,run_1,1.2240798035636544,sat,1,0.19978809729218483,sat,0.1632149282346978,exact,5,0,2,0.0,0.0,0.0,0.0,8,13,6,0,0.3076923076923077,5,1,1,0.9230769230769231,0.0,1,5,0.0,6,0,0,0.0,1,0,0,0,0.0,0,0,0,3,0.7142857142857143,0.19047619047619047,0
legal-138,legal,hybrid_ymd,run_1,0.21726772282272577,sat,1,0.19978809729218483,sat,0.9195479876005189,exact,5,0,2,0.0,0.0,0.0,0.0,8,13,6,0,0.3076923076923077,5,1,1,0.9230769230769231,0.0,1,5,0.0,6,0,0,0.0,1,0,0,0,0.0,0,0,0,3,0.7142857142857143,0.19047619047619047,0
legal-138,legal,simple,run_1,0.19978809729218483,sat,1,0.19978809729218483,sat,1.0,exact,5,0,2,0.0,0.0,0.0,0.0,8,13,6,0,0.3076923076923077,5,1,1,0.9230769230769231,0.0,1,5,0.0,6,0,0,0.0,1,0,0,0,0.0,0,0,0,3,0.7142857142857143,0.19047619047619047,0
legal-139,legal,alpha_beta,run_1,0.012491405941545963,sat,1,0.09020814951509237,sat,7.221617001098599,exact,3,0,0,0.0,0.0,0.0,0.0,5,3,3,0,1.0,0,1,0,0.0,0.0,3,2,0.0,2,0,0,0.0,1,0,0,0,0.0,0,0,0,1,1.0,0.6666666666666666,0
legal-139,legal,epoch_days,run_1,0.8845788445323706,sat,1,0.09020814951509237,sat,0.1019786422348599,exact,3,0,0,0.0,0.0,0.0,0.0,5,3,3,0,1.0,0,1,0,0.0,0.0,3,2,0.0,2,0,0,0.0,1,0,0,0,0.0,0,0,0,1,1.0,0.6666666666666666,0
legal-139,legal,hybrid_ymd,run_1,0.6687883138656616,sat,1,0.09020814951509237,sat,0.13488296318110057,exact,3,0,0,0.0,0.0,0.0,0.0,5,3,3,0,1.0,0,1,0,0.0,0.0,3,2,0.0,2,0,0,0.0,1,0,0,0,0.0,0,0,0,1,1.0,0.6666666666666666,0
legal-139,legal,simple,run_1,0.09020814951509237,sat,1,0.09020814951509237,sat,1.0,exact,3,0,0,0.0,0.0,0.0,0.0,5,3,3,0,1.0,0,1,0,0.0,0.0,3,2,0.0,2,0,0,0.0,1,0,0,0,0.0,0,0,0,1,1.0,0.6666666666666666,0
legal-14,legal,alpha_beta,run_1,38.00052336696535,sat,1,0.5535271875560284,sat,0.01456630431667215,exact,2,0,0,0.0,0.0,0.0,0.0,4,2,2,0,1.0,0,1,0,0.0,0.0,2,2,0.0,0,0,30,0.0,1,0,0,0,0.0,0,0,0,1,1.0,1.0,0
legal-14,legal,epoch_days,run_1,0.0032315384596586227,sat,1,0.5535271875560284,sat,171.28906075730336,exact,2,0,0,0.0,0.0,0.0,0.0,4,2,2,0,1.0,0,1,0,0.0,0.0,2,2,0.0,0,0,30,0.0,1,0,0,0,0.0,0,0,0,1,1.0,1.0,0
legal-14,legal,hybrid_ymd,run_1,0.02410706877708435,sat,1,0.5535271875560284,sat,22.961198338729556,exact,2,0,0,0.0,0.0,0.0,0.0,4,2,2,0,1.0,0,1,0,0.0,0.0,2,2,0.0,0,0,30,0.0,1,0,0,0,0.0,0,0,0,1,1.0,1.0,0
legal-14,legal,simple,run_1,0.5535271875560284,sat,1,0.5535271875560284,sat,1.0,exact,2,0,0,0.0,0.0,0.0,0.0,4,2,2,0,1.0,0,1,0,0.0,0.0,2,2,0.0,0,0,30,0.0,1,0,0,0,0.0,0,0,0,1,1.0,1.0,0
legal-140,legal,alpha_beta,run_1,0.03393325116485357,sat,1,0.010989134199917316,sat,0.3238456034327572,exact,4,0,0,0.0,0.0,0.0,0.0,5,2,2,0,0.5,0,1,0,0.0,0.0,2,1,0.0,2,0,0,0.0,1,0,0,0,0.0,0,0,0,2,0.5,0.3333333333333333,0
legal-140,legal,epoch_days,run_1,0.07800920028239489,sat,1,0.010989134199917316,sat,0.14086971998349462,exact,4,0,0,0.0,0.0,0.0,0.0,5,2,2,0,0.5,0,1,0,0.0,0.0,2,1,0.0,2,0,0,0.0,1,0,0,0,0.0,0,0,0,2,0.5,0.3333333333333333,0
legal-140,legal,hybrid_ymd,run_1,0.0339992418885231,sat,1,0.010989134199917316,sat,0.32321703630770793,exact,4,0,0,0.0,0.0,0.0,0.0,5,2,2,0,0.5,0,1,0,0.0,0.0,2,1,0.0,2,0,0,0.0,1,0,0,0,0.0,0,0,0,2,0.5,0.3333333333333333,0
legal-140,legal,simple,run_1,0.010989134199917316,sat,1,0.010989134199917316,sat,1.0,exact,4,0,0,0.0,0.0,0.0,0.0,5,2,2,0,0.5,0,1,0,0.0,0.0,2,1,0.0,2,0,0,0.0,1,0,0,0,0.0,0,0,0,2,0.5,0.3333333333333333,0
legal-141,legal,alpha_beta,run_1,0.07196695636957884,sat,1,0.1449795477092266,sat,2.0145293760194494,exact,9,0,0,0.0,0.0,0.0,0.0,13,7,7,0,0.8571428571428571,1,1,1,0.42857142857142855,0.3333333333333333,4,1,0.0,10,0,0,0.0,1,0,0,0,0.0,0,0,1,7,0.2222222222222222,0.05555555555555555,0
legal-141,legal,epoch_days,run_1,0.11718147806823254,sat,1,0.1449795477092266,sat,1.237222384452326,exact,9,0,0,0.0,0.0,0.0,0.0,13,7,7,0,0.8571428571428571,1,1,1,0.42857142857142855,0.3333333333333333,4,1,0.0,10,0,0,0.0,1,0,0,0,0.0,0,0,1,7,0.2222222222222222,0.05555555555555555,0
legal-141,legal,hybrid_ymd,run_1,0.14188956934958696,sat,1,0.1449795477092266,sat,1.0217773468043065,exact,9,0,0,0.0,0.0,0.0,0.0,13,7,7,0,0.8571428571428571,1,1,1,0.42857142857142855,0.3333333333333333,4,1,0.0,10,0,0,0.0,1,0,0,0,0.0,0,0,1,7,0.2222222222222222,0.05555555555555555,0
legal-141,legal,simple,run_1,0.1449795477092266,sat,1,0.1449795477092266,sat,1.0,exact,9,0,0,0.0,0.0,0.0,0.0,13,7,7,0,0.8571428571428571,1,1,1,0.42857142857142855,0.3333333333333333,4,1,0.0,10,0,0,0.0,1,0,0,0,0.0,0,0,1,7,0.2222222222222222,0.05555555555555555,0
legal-142,legal,alpha_beta,run_1,0.18559757992625237,sat,1,0.07426854036748409,sat,0.4001589912810009,exact,3,0,2,0.0,0.0,0.0,0.0,5,6,4,0,0.6666666666666666,2,1,2,1.0,0.0,0,2,0.0,0,13,0,0.0,1,0,0,0,0.0,0,0,0,3,0.6,0.2,0
legal-142,legal,epoch_days,run_1,0.9250499391928315,sat,1,0.07426854036748409,sat,0.08028597940592094,exact,3,0,2,0.0,0.0,0.0,0.0,5,6,4,0,0.6666666666666666,2,1,2,1.0,0.0,0,2,0.0,0,13,0,0.0,1,0,0,0,0.0,0,0,0,3,0.6,0.2,0
legal-142,legal,hybrid_ymd,run_1,0.1403780933469534,sat,1,0.07426854036748409,sat,0.5290607572502404,exact,3,0,2,0.0,0.0,0.0,0.0,5,6,4,0,0.6666666666666666,2,1,2,1.0,0.0,0,2,0.0,0,13,0,0.0,1,0,0,0,0.0,0,0,0,3,0.6,0.2,0
legal-142,legal,simple,run_1,0.07426854036748409,sat,1,0.07426854036748409,sat,1.0,exact,3,0,2,0.0,0.0,0.0,0.0,5,6,4,0,0.6666666666666666,2,1,2,1.0,0.0,0,2,0.0,0,13,0,0.0,1,0,0,0,0.0,0,0,0,3,0.6,0.2,0
legal-143,legal,alpha_beta,run_1,7.200390035286546,sat,1,2.490984727628529,sat,0.3459513603320238,exact,6,0,0,0.0,0.0,0.0,0.0,8,5,5,0,1.0,0,1,0,0.0,0.0,5,2,0.0,0,6,30,0.0,1,0,0,0,0.0,0,0,0,2,0.5,0.3333333333333333,0
legal-143,legal,epoch_days,run_1,0.0828076396137476,sat,1,2.490984727628529,sat,30.081581110723747,exact,6,0,0,0.0,0.0,0.0,0.0,8,5,5,0,1.0,0,1,0,0.0,0.0,5,2,0.0,0,6,30,0.0,1,0,0,0,0.0,0,0,0,2,0.5,0.3333333333333333,0
legal-143,legal,hybrid_ymd,run_1,0.24998726416379213,sat,1,2.490984727628529,sat,9.96444653274989,exact,6,0,0,0.0,0.0,0.0,0.0,8,5,5,0,1.0,0,1,0,0.0,0.0,5,2,0.0,0,6,30,0.0,1,0,0,0,0.0,0,0,0,2,0.5,0.3333333333333333,0
legal-143,legal,simple,run_1,2.490984727628529,sat,1,2.490984727628529,sat,1.0,exact,6,0,0,0.0,0.0,0.0,0.0,8,5,5,0,1.0,0,1,0,0.0,0.0,5,2,0.0,0,6,30,0.0,1,0,0,0,0.0,0,0,0,2,0.5,0.3333333333333333,0
legal-144,legal,alpha_beta,run_1,0.07543752063065767,sat,1,0.013772278092801571,sat,0.18256535975288327,exact,5,1,1,0.0,0.0,0.0,0.0,6,10,8,1,0.9,1,2,1,0.0,0.0,8,1,0.0,1,0,0,0.0,1,0,0,0,0.0,0,0,0,3,0.7142857142857143,0.3333333333333333,0
legal-144,legal,epoch_days,run_1,0.1190073573961854,sat,1,0.013772278092801571,sat,0.11572627435926092,exact,5,1,1,0.0,0.0,0.0,0.0,6,10,8,1,0.9,1,2,1,0.0,0.0,8,1,0.0,1,0,0,0.0,1,0,0,0,0.0,0,0,0,3,0.7142857142857143,0.3333333333333333,0
legal-144,legal,hybrid_ymd,run_1,0.15229840017855167,sat,1,0.013772278092801571,sat,0.09042956509494007,exact,5,1,1,0.0,0.0,0.0,0.0,6,10,8,1,0.9,1,2,1,0.0,0.0,8,1,0.0,1,0,0,0.0,1,0,0,0,0.0,0,0,0,3,0.7142857142857143,0.3333333333333333,0
legal-144,legal,simple,run_1,0.013772278092801571,sat,1,0.013772278092801571,sat,1.0,exact,5,1,1,0.0,0.0,0.0,0.0,6,10,8,1,0.9,1,2,1,0.0,0.0,8,1,0.0,1,0,0,0.0,1,0,0,0,0.0,0,0,0,3,0.7142857142857143,0.3333333333333333,0
legal-145,legal,alpha_beta,run_1,0.6227682437747717,sat,1,1.323044459335506,sat,2.124457167751787,exact,7,0,2,0.0,0.0,0.0,0.0,11,14,12,0,0.8571428571428571,2,1,2,0.35714285714285715,0.0,9,4,0.0,5,0,0,0.0,1,0,0,0,0.0,0,0,0,3,0.7777777777777778,0.2222222222222222,0
legal-145,legal,epoch_days,run_1,3.4270141255110502,sat,1,1.323044459335506,sat,0.3860633224376361,exact,7,0,2,0.0,0.0,0.0,0.0,11,14,12,0,0.8571428571428571,2,1,2,0.35714285714285715,0.0,9,4,0.0,5,0,0,0.0,1,0,0,0,0.0,0,0,0,3,0.7777777777777778,0.2222222222222222,0
legal-145,legal,hybrid_ymd,run_1,0.3426020573824644,sat,1,1.323044459335506,sat,3.861752814457045,exact,7,0,2,0.0,0.0,0.0,0.0,11,14,12,0,0.8571428571428571,2,1,2,0.35714285714285715,0.0,9,4,0.0,5,0,0,0.0,1,0,0,0,0.0,0,0,0,3,0.7777777777777778,0.2222222222222222,0
legal-145,legal,simple,run_1,1.323044459335506,sat,1,1.323044459335506,sat,1.0,exact,7,0,2,0.0,0.0,0.0,0.0,11,14,12,0,0.8571428571428571,2,1,2,0.35714285714285715,0.0,9,4,0.0,5,0,0,0.0,1,0,0,0,0.0,0,0,0,3,0.7777777777777778,0.2222222222222222,0
legal-146,legal,alpha_beta,run_1,4.531010647304356,sat,1,0.37466598954051733,sat,0.0826892759043544,exact,2,0,0,0.0,0.0,0.0,0.0,3,2,2,0,1.0,0,1,0,0.0,0.0,2,1,0.0,0,0,30,0.0,1,0,0,0,0.0,0,0,0,1,1.0,1.0,0
legal-146,legal,epoch_days,run_1,0.0030661625787615776,sat,1,0.37466598954051733,sat,122.1937780259013,exact,2,0,0,0.0,0.0,0.0,0.0,3,2,2,0,1.0,0,1,0,0.0,0.0,2,1,0.0,0,0,30,0.0,1,0,0,0,0.0,0,0,0,1,1.0,1.0,0
legal-146,legal,hybrid_ymd,run_1,0.11876679584383965,sat,1,0.37466598954051733,sat,3.1546358296400148,exact,2,0,0,0.0,0.0,0.0,0.0,3,2,2,0,1.0,0,1,0,0.0,0.0,2,1,0.0,0,0,30,0.0,1,0,0,0,0.0,0,0,0,1,1.0,1.0,0
legal-146,legal,simple,run_1,0.37466598954051733,sat,1,0.37466598954051733,sat,1.0,exact,2,0,0,0.0,0.0,0.0,0.0,3,2,2,0,1.0,0,1,0,0.0,0.0,2,1,0.0,0,0,30,0.0,1,0,0,0,0.0,0,0,0,1,1.0,1.0,0
legal-147,legal,alpha_beta,run_1,0.009893595241010189,sat,1,0.012220064178109169,sat,1.2351489908800266,exact,4,0,2,0.0,0.0,0.0,0.0,6,4,2,0,0.5,2,1,1,1.0,0.0,0,2,0.0,10,0,0,0.0,1,0,0,0,0.0,0,0,0,4,0.3333333333333333,0.13333333333333333,0
legal-147,legal,epoch_days,run_1,0.4359235065057874,sat,1,0.012220064178109169,sat,0.028032588276922694,exact,4,0,2,0.0,0.0,0.0,0.0,6,4,2,0,0.5,2,1,1,1.0,0.0,0,2,0.0,10,0,0,0.0,1,0,0,0,0.0,0,0,0,4,0.3333333333333333,0.13333333333333333,0
legal-147,legal,hybrid_ymd,run_1,0.08756618481129408,sat,1,0.012220064178109169,sat,0.1395523192479325,exact,4,0,2,0.0,0.0,0.0,0.0,6,4,2,0,0.5,2,1,1,1.0,0.0,0,2,0.0,10,0,0,0.0,1,0,0,0,0.0,0,0,0,4,0.3333333333333333,0.13333333333333333,0
legal-147,legal,simple,run_1,0.012220064178109169,sat,1,0.012220064178109169,sat,1.0,exact,4,0,2,0.0,0.0,0.0,0.0,6,4,2,0,0.5,2,1,1,1.0,0.0,0,2,0.0,10,0,0,0.0,1,0,0,0,0.0,0,0,0,4,0.3333333333333333,0.13333333333333333,0
legal-148,legal,alpha_beta,run_1,0.006573052145540714,sat,1,0.0063752830028533936,sat,0.9699121293566048,exact,1,0,0,0.0,0.0,0.0,0.0,3,2,2,0,1.0,0,1,0,0.0,0.0,2,0,0.0,0,0,0,0.0,0,0,0,0,0.0,0,0,0,1,1.0,0.0,0
legal-148,legal,epoch_days,run_1,0.0063972873613238335,sat,1,0.0063752830028533936,sat,0.996560361098757,exact,1,0,0,0.0,0.0,0.0,0.0,3,2,2,0,1.0,0,1,0,0.0,0.0,2,0,0.0,0,0,0,0.0,0,0,0,0,0.0,0,0,0,1,1.0,0.0,0
legal-148,legal,hybrid_ymd,run_1,0.005914687179028988,sat,1,0.0063752830028533936,sat,1.0778732348614288,exact,1,0,0,0.0,0.0,0.0,0.0,3,2,2,0,1.0,0,1,0,0.0,0.0,2,0,0.0,0,0,0,0.0,0,0,0,0,0.0,0,0,0,1,1.0,0.0,0
legal-148,legal,simple,run_1,0.0063752830028533936,sat,1,0.0063752830028533936,sat,1.0,exact,1,0,0,0.0,0.0,0.0,0.0,3,2,2,0,1.0,0,1,0,0.0,0.0,2,0,0.0,0,0,0,0.0,0,0,0,0,0.0,0,0,0,1,1.0,0.0,0
legal-149,legal,alpha_beta,run_1,0.007782725617289543,sat,1,0.01239469088613987,sat,1.5925899865472215,exact,2,0,0,0.0,0.0,0.0,0.0,4,3,3,0,1.0,0,1,0,0.0,0.0,3,1,0.0,1,0,0,0.0,1,0,0,0,0.0,0,0,0,1,1.0,1.0,0
legal-149,legal,epoch_days,run_1,0.059480355121195316,sat,1,0.01239469088613987,sat,0.20838293350611028,exact,2,0,0,0.0,0.0,0.0,0.0,4,3,3,0,1.0,0,1,0,0.0,0.0,3,1,0.0,1,0,0,0.0,1,0,0,0,0.0,0,0,0,1,1.0,1.0,0
legal-149,legal,hybrid_ymd,run_1,0.015216952189803123,sat,1,0.01239469088613987,sat,0.8145317624409407,exact,2,0,0,0.0,0.0,0.0,0.0,4,3,3,0,1.0,0,1,0,0.0,0.0,3,1,0.0,1,0,0,0.0,1,0,0,0,0.0,0,0,0,1,1.0,1.0,0
legal-149,legal,simple,run_1,0.01239469088613987,sat,1,0.01239469088613987,sat,1.0,exact,2,0,0,0.0,0.0,0.0,0.0,4,3,3,0,1.0,0,1,0,0.0,0.0,3,1,0.0,1,0,0,0.0,1,0,0,0,0.0,0,0,0,1,1.0,1.0,0
legal-15,legal,alpha_beta,run_1,4.98249548766762,sat,1,0.595978188328445,sat,0.11961439599967028,exact,2,0,5,0.0,0.0,0.0,0.0,6,32,7,0,0.21875,12,4,2,0.875,0.0,0,1,0.0,0,0,60,0.0,1,0,0,0,0.0,0,0,0,6,0.2857142857142857,0.047619047619047616,0
legal-15,legal,epoch_days,run_1,0.005945262499153614,sat,1,0.595978188328445,sat,100.24421771339621,exact,2,0,5,0.0,0.0,0.0,0.0,6,32,7,0,0.21875,12,4,2,0.875,0.0,0,1,0.0,0,0,60,0.0,1,0,0,0,0.0,0,0,0,6,0.2857142857142857,0.047619047619047616,0
legal-15,legal,hybrid_ymd,run_1,0.025049041025340557,sat,1,0.595978188328445,sat,23.79245527705156,exact,2,0,5,0.0,0.0,0.0,0.0,6,32,7,0,0.21875,12,4,2,0.875,0.0,0,1,0.0,0,0,60,0.0,1,0,0,0,0.0,0,0,0,6,0.2857142857142857,0.047619047619047616,0
legal-15,legal,simple,run_1,0.595978188328445,sat,1,0.595978188328445,sat,1.0,exact,2,0,5,0.0,0.0,0.0,0.0,6,32,7,0,0.21875,12,4,2,0.875,0.0,0,1,0.0,0,0,60,0.0,1,0,0,0,0.0,0,0,0,6,0.2857142857142857,0.047619047619047616,0
legal-150,legal,alpha_beta,run_1,0.010930878110229969,sat,1,0.020752484910190105,sat,1.8985194694256367,exact,3,0,0,0.0,0.0,0.0,0.0,6,6,6,0,1.0,0,1,0,0.0,0.0,6,1,0.0,1,0,0,0.0,1,0,0,0,0.0,0,0,0,1,1.0,1.0,0
legal-150,legal,epoch_days,run_1,0.3561971550807357,sat,1,0.020752484910190105,sat,0.058261231495479925,exact,3,0,0,0.0,0.0,0.0,0.0,6,6,6,0,1.0,0,1,0,0.0,0.0,6,1,0.0,1,0,0,0.0,1,0,0,0,0.0,0,0,0,1,1.0,1.0,0
legal-150,legal,hybrid_ymd,run_1,0.016023741103708744,sat,1,0.020752484910190105,sat,1.2951086001624725,exact,3,0,0,0.0,0.0,0.0,0.0,6,6,6,0,1.0,0,1,0,0.0,0.0,6,1,0.0,1,0,0,0.0,1,0,0,0,0.0,0,0,0,1,1.0,1.0,0
legal-150,legal,simple,run_1,0.020752484910190105,sat,1,0.020752484910190105,sat,1.0,exact,3,0,0,0.0,0.0,0.0,0.0,6,6,6,0,1.0,0,1,0,0.0,0.0,6,1,0.0,1,0,0,0.0,1,0,0,0,0.0,0,0,0,1,1.0,1.0,0
legal-151,legal,alpha_beta,run_1,0.4648636467754841,sat,1,0.07041513081640005,sat,0.15147480622507906,exact,7,0,3,0.0,0.0,0.0,0.0,9,16,9,2,0.5625,5,1,1,0.625,0.0,6,2,0.0,2,0,0,0.0,1,0,1,1,0.18181818181818182,0,0,0,5,0.5,0.15555555555555556,0
legal-151,legal,epoch_days,run_1,6.353810263797641,sat,1,0.07041513081640005,sat,0.011082347110301226,exact,7,0,3,0.0,0.0,0.0,0.0,9,16,9,2,0.5625,5,1,1,0.625,0.0,6,2,0.0,2,0,0,0.0,1,0,1,1,0.18181818181818182,0,0,0,5,0.5,0.15555555555555556,0
legal-151,legal,hybrid_ymd,run_1,0.05985431186854839,sat,1,0.07041513081640005,sat,1.1764420743996733,exact,7,0,3,0.0,0.0,0.0,0.0,9,16,9,2,0.5625,5,1,1,0.625,0.0,6,2,0.0,2,0,0,0.0,1,0,1,1,0.18181818181818182,0,0,0,5,0.5,0.15555555555555556,0
legal-151,legal,simple,run_1,0.07041513081640005,sat,1,0.07041513081640005,sat,1.0,exact,7,0,3,0.0,0.0,0.0,0.0,9,16,9,2,0.5625,5,1,1,0.625,0.0,6,2,0.0,2,0,0,0.0,1,0,1,1,0.18181818181818182,0,0,0,5,0.5,0.15555555555555556,0
legal-152,legal,alpha_beta,run_1,1.6617205953225493,sat,1,1.029748941771686,sat,0.619688378822678,exact,10,1,3,0.0,0.0,0.0,0.0,18,21,12,0,0.09523809523809523,7,1,1,0.7619047619047619,0.0,5,1,0.0,0,0,14,0.0,1,0,0,0,0.0,7,0,0,4,0.7857142857142857,0.10989010989010989,0
legal-152,legal,epoch_days,run_1,4.360668409615755,sat,1,1.029748941771686,sat,0.23614474778705394,exact,10,1,3,0.0,0.0,0.0,0.0,18,21,12,0,0.09523809523809523,7,1,1,0.7619047619047619,0.0,5,1,0.0,0,0,14,0.0,1,0,0,0,0.0,7,0,0,4,0.7857142857142857,0.10989010989010989,0
legal-152,legal,hybrid_ymd,run_1,20.9720194702968,sat,1,1.029748941771686,sat,0.04910108648478729,exact,10,1,3,0.0,0.0,0.0,0.0,18,21,12,0,0.09523809523809523,7,1,1,0.7619047619047619,0.0,5,1,0.0,0,0,14,0.0,1,0,0,0,0.0,7,0,0,4,0.7857142857142857,0.10989010989010989,0
legal-152,legal,simple,run_1,1.029748941771686,sat,1,1.029748941771686,sat,1.0,exact,10,1,3,0.0,0.0,0.0,0.0,18,21,12,0,0.09523809523809523,7,1,1,0.7619047619047619,0.0,5,1,0.0,0,0,14,0.0,1,0,0,0,0.0,7,0,0,4,0.7857142857142857,0.10989010989010989,0
legal-153,legal,alpha_beta,run_1,0.18172234389930964,sat,1,0.0981219420209527,sat,0.5399552961705193,exact,8,0,2,0.0,0.0,0.0,0.0,9,28,16,0,0.42857142857142855,8,1,1,0.7857142857142857,0.16666666666666666,6,1,0.0,1,0,0,0.0,1,0,0,0,0.0,0,0,0,4,0.6,0.2222222222222222,0
legal-153,legal,epoch_days,run_1,0.1349050421267748,sat,1,0.0981219420209527,sat,0.7273408056071339,exact,8,0,2,0.0,0.0,0.0,0.0,9,28,16,0,0.42857142857142855,8,1,1,0.7857142857142857,0.16666666666666666,6,1,0.0,1,0,0,0.0,1,0,0,0,0.0,0,0,0,4,0.6,0.2222222222222222,0
legal-153,legal,hybrid_ymd,run_1,0.08736542612314224,sat,1,0.0981219420209527,sat,1.1231209687302282,exact,8,0,2,0.0,0.0,0.0,0.0,9,28,16,0,0.42857142857142855,8,1,1,0.7857142857142857,0.16666666666666666,6,1,0.0,1,0,0,0.0,1,0,0,0,0.0,0,0,0,4,0.6,0.2222222222222222,0
legal-153,legal,simple,run_1,0.0981219420209527,sat,1,0.0981219420209527,sat,1.0,exact,8,0,2,0.0,0.0,0.0,0.0,9,28,16,0,0.42857142857142855,8,1,1,0.7857142857142857,0.16666666666666666,6,1,0.0,1,0,0,0.0,1,0,0,0,0.0,0,0,0,4,0.6,0.2222222222222222,0
legal-154,legal,alpha_beta,run_1,0.6482553668320179,sat,1,0.6638930486515164,sat,1.0241227186377475,exact,10,0,2,0.0,0.0,0.0,0.0,11,10,8,0,0.8,2,1,1,0.4,0.0,6,1,0.0,1,0,0,0.0,1,0,0,0,0.0,0,0,0,6,0.3333333333333333,0.10606060606060606,0
legal-154,legal,epoch_days,run_1,0.23349058721214533,sat,1,0.6638930486515164,sat,2.8433396676856835,exact,10,0,2,0.0,0.0,0.0,0.0,11,10,8,0,0.8,2,1,1,0.4,0.0,6,1,0.0,1,0,0,0.0,1,0,0,0,0.0,0,0,0,6,0.3333333333333333,0.10606060606060606,0
legal-154,legal,hybrid_ymd,run_1,0.7944457298144698,sat,1,0.6638930486515164,sat,0.8356682196612198,exact,10,0,2,0.0,0.0,0.0,0.0,11,10,8,0,0.8,2,1,1,0.4,0.0,6,1,0.0,1,0,0,0.0,1,0,0,0,0.0,0,0,0,6,0.3333333333333333,0.10606060606060606,0
legal-154,legal,simple,run_1,0.6638930486515164,sat,1,0.6638930486515164,sat,1.0,exact,10,0,2,0.0,0.0,0.0,0.0,11,10,8,0,0.8,2,1,1,0.4,0.0,6,1,0.0,1,0,0,0.0,1,0,0,0,0.0,0,0,0,6,0.3333333333333333,0.10606060606060606,0
legal-155,legal,alpha_beta,run_1,2.8393452744930983,sat,1,0.2612150562927127,sat,0.09199834153292498,exact,9,4,3,0.0,0.0,0.0,0.0,12,29,16,5,0.4482758620689655,5,1,1,0.6896551724137931,0.5384615384615384,9,2,0.0,1,0,1,0.0,1,1,1,0,0.1111111111111111,1,0,0,4,0.8125,0.16666666666666666,2
legal-155,legal,epoch_days,run_1,0.2529591554775834,sat,1,0.2612150562927127,sat,1.0326372880220218,exact,9,4,3,0.0,0.0,0.0,0.0,12,29,16,5,0.4482758620689655,5,1,1,0.6896551724137931,0.5384615384615384,9,2,0.0,1,0,1,0.0,1,1,1,0,0.1111111111111111,1,0,0,4,0.8125,0.16666666666666666,2
legal-155,legal,hybrid_ymd,run_1,2.9911512127146125,sat,1,0.2612150562927127,sat,0.08732927147994218,exact,9,4,3,0.0,0.0,0.0,0.0,12,29,16,5,0.4482758620689655,5,1,1,0.6896551724137931,0.5384615384615384,9,2,0.0,1,0,1,0.0,1,1,1,0,0.1111111111111111,1,0,0,4,0.8125,0.16666666666666666,2
legal-155,legal,simple,run_1,0.2612150562927127,sat,1,0.2612150562927127,sat,1.0,exact,9,4,3,0.0,0.0,0.0,0.0,12,29,16,5,0.4482758620689655,5,1,1,0.6896551724137931,0.5384615384615384,9,2,0.0,1,0,1,0.0,1,1,1,0,0.1111111111111111,1,0,0,4,0.8125,0.16666666666666666,2
legal-156,legal,alpha_beta,run_1,15.985708358697593,sat,1,0.9700334100052714,sat,0.06068129032752498,exact,7,0,0,0.0,0.0,0.0,0.0,11,6,6,0,0.8333333333333334,0,1,0,0.0,0.0,6,4,0.0,5,0,5,0.0,1,0,0,0,0.0,0,0,0,3,0.42857142857142855,0.19047619047619047,0
legal-156,legal,epoch_days,run_1,0.9477499630302191,sat,1,0.9700334100052714,sat,1.0235119470791705,exact,7,0,0,0.0,0.0,0.0,0.0,11,6,6,0,0.8333333333333334,0,1,0,0.0,0.0,6,4,0.0,5,0,5,0.0,1,0,0,0,0.0,0,0,0,3,0.42857142857142855,0.19047619047619047,0
legal-156,legal,hybrid_ymd,run_1,0.5168489487841725,sat,1,0.9700334100052714,sat,1.8768218689177234,exact,7,0,0,0.0,0.0,0.0,0.0,11,6,6,0,0.8333333333333334,0,1,0,0.0,0.0,6,4,0.0,5,0,5,0.0,1,0,0,0,0.0,0,0,0,3,0.42857142857142855,0.19047619047619047,0
legal-156,legal,simple,run_1,0.9700334100052714,sat,1,0.9700334100052714,sat,1.0,exact,7,0,0,0.0,0.0,0.0,0.0,11,6,6,0,0.8333333333333334,0,1,0,0.0,0.0,6,4,0.0,5,0,5,0.0,1,0,0,0,0.0,0,0,0,3,0.42857142857142855,0.19047619047619047,0
legal-157,legal,alpha_beta,run_1,60.00248485058546,timeout,0,5.4542211927473545,sat,0.09089992200038256,upper,7,0,1,0.0,0.0,0.0,0.0,10,18,12,0,0.3333333333333333,8,2,1,0.7222222222222222,0.0,3,9,0.0,0,0,120,0.0,1,0,0,0,0.0,0,0,0,2,0.875,0.25,0
legal-157,legal,epoch_days,run_1,0.006235192529857159,sat,1,5.4542211927473545,sat,874.7478392415101,exact,7,0,1,0.0,0.0,0.0,0.0,10,18,12,0,0.3333333333333333,8,2,1,0.7222222222222222,0.0,3,9,0.0,0,0,120,0.0,1,0,0,0,0.0,0,0,0,2,0.875,0.25,0
legal-157,legal,hybrid_ymd,run_1,1.1941175209358335,sat,1,5.4542211927473545,sat,4.567574880295589,exact,7,0,1,0.0,0.0,0.0,0.0,10,18,12,0,0.3333333333333333,8,2,1,0.7222222222222222,0.0,3,9,0.0,0,0,120,0.0,1,0,0,0,0.0,0,0,0,2,0.875,0.25,0
legal-157,legal,simple,run_1,5.4542211927473545,sat,1,5.4542211927473545,sat,1.0,exact,7,0,1,0.0,0.0,0.0,0.0,10,18,12,0,0.3333333333333333,8,2,1,0.7222222222222222,0.0,3,9,0.0,0,0,120,0.0,1,0,0,0,0.0,0,0,0,2,0.875,0.25,0
legal-158,legal,alpha_beta,run_1,0.6962952464818954,sat,1,1.2165835406631231,sat,1.747223676752123,exact,6,0,3,0.0,0.0,0.0,0.0,10,30,14,0,0.4666666666666667,8,1,2,1.0,0.07142857142857142,0,5,0.0,3,0,0,0.0,1,0,0,0,0.0,0,0,0,5,0.5555555555555556,0.1388888888888889,0
legal-158,legal,epoch_days,run_1,2.5907435519620776,sat,1,1.2165835406631231,sat,0.4695885626123643,exact,6,0,3,0.0,0.0,0.0,0.0,10,30,14,0,0.4666666666666667,8,1,2,1.0,0.07142857142857142,0,5,0.0,3,0,0,0.0,1,0,0,0,0.0,0,0,0,5,0.5555555555555556,0.1388888888888889,0
legal-158,legal,hybrid_ymd,run_1,0.508423057384789,sat,1,1.2165835406631231,sat,2.392856742022969,exact,6,0,3,0.0,0.0,0.0,0.0,10,30,14,0,0.4666666666666667,8,1,2,1.0,0.07142857142857142,0,5,0.0,3,0,0,0.0,1,0,0,0,0.0,0,0,0,5,0.5555555555555556,0.1388888888888889,0
legal-158,legal,simple,run_1,1.2165835406631231,sat,1,1.2165835406631231,sat,1.0,exact,6,0,3,0.0,0.0,0.0,0.0,10,30,14,0,0.4666666666666667,8,1,2,1.0,0.07142857142857142,0,5,0.0,3,0,0,0.0,1,0,0,0,0.0,0,0,0,5,0.5555555555555556,0.1388888888888889,0
legal-159,legal,alpha_beta,run_1,0.035701445303857327,sat,1,0.05563305504620075,sat,1.5582857941101318,exact,4,0,0,0.0,0.0,0.0,0.0,6,4,4,0,1.0,0,1,0,0.0,0.0,4,2,0.0,3,0,0,0.0,1,0,0,0,0.0,0,0,0,1,1.0,0.5,0
legal-159,legal,epoch_days,run_1,0.19188513699918985,sat,1,0.05563305504620075,sat,0.28992894351392956,exact,4,0,0,0.0,0.0,0.0,0.0,6,4,4,0,1.0,0,1,0,0.0,0.0,4,2,0.0,3,0,0,0.0,1,0,0,0,0.0,0,0,0,1,1.0,0.5,0
legal-159,legal,hybrid_ymd,run_1,0.058621072210371494,sat,1,0.05563305504620075,sat,0.9490282751320592,exact,4,0,0,0.0,0.0,0.0,0.0,6,4,4,0,1.0,0,1,0,0.0,0.0,4,2,0.0,3,0,0,0.0,1,0,0,0,0.0,0,0,0,1,1.0,0.5,0
legal-159,legal,simple,run_1,0.05563305504620075,sat,1,0.05563305504620075,sat,1.0,exact,4,0,0,0.0,0.0,0.0,0.0,6,4,4,0,1.0,0,1,0,0.0,0.0,4,2,0.0,3,0,0,0.0,1,0,0,0,0.0,0,0,0,1,1.0,0.5,0
legal-16,legal,alpha_beta,run_1,60.002747943624854,timeout,0,2.282653626985848,sat,0.038042484806370847,upper,10,0,6,0.0,0.0,0.0,0.0,16,26,17,0,0.5384615384615384,6,2,2,0.5769230769230769,0.35714285714285715,11,7,0.0,1,2,15,0.5714285714285714,1,0,0,0,0.0,0,0,0,7,0.625,0.1,0
legal-16,legal,epoch_days,run_1,60.00255401618779,timeout,0,2.282653626985848,sat,0.038042607759163426,upper,10,0,6,0.0,0.0,0.0,0.0,16,26,17,0,0.5384615384615384,6,2,2,0.5769230769230769,0.35714285714285715,11,7,0.0,1,2,15,0.5714285714285714,1,0,0,0,0.0,0,0,0,7,0.625,0.1,0
legal-16,legal,hybrid_ymd,run_1,60.011637752875686,timeout,0,2.282653626985848,sat,0.03803684939220753,upper,10,0,6,0.0,0.0,0.0,0.0,16,26,17,0,0.5384615384615384,6,2,2,0.5769230769230769,0.35714285714285715,11,7,0.0,1,2,15,0.5714285714285714,1,0,0,0,0.0,0,0,0,7,0.625,0.1,0
legal-16,legal,simple,run_1,2.282653626985848,sat,1,2.282653626985848,sat,1.0,exact,10,0,6,0.0,0.0,0.0,0.0,16,26,17,0,0.5384615384615384,6,2,2,0.5769230769230769,0.35714285714285715,11,7,0.0,1,2,15,0.5714285714285714,1,0,0,0,0.0,0,0,0,7,0.625,0.1,0
legal-160,legal,alpha_beta,run_1,1.5921439761295915,sat,1,0.7949155475944281,sat,0.4992736583577203,exact,10,0,0,0.0,0.0,0.0,0.0,11,15,15,0,0.9333333333333333,0,1,0,0.0,0.0,15,1,0.0,1,0,0,0.0,1,0,0,0,0.0,0,0,0,1,1.0,0.3111111111111111,0
legal-160,legal,epoch_days,run_1,0.015051997266709805,sat,1,0.7949155475944281,sat,52.81130028853557,exact,10,0,0,0.0,0.0,0.0,0.0,11,15,15,0,0.9333333333333333,0,1,0,0.0,0.0,15,1,0.0,1,0,0,0.0,1,0,0,0,0.0,0,0,0,1,1.0,0.3111111111111111,0
legal-160,legal,hybrid_ymd,run_1,0.22449786588549614,sat,1,0.7949155475944281,sat,3.540860152318197,exact,10,0,0,0.0,0.0,0.0,0.0,11,15,15,0,0.9333333333333333,0,1,0,0.0,0.0,15,1,0.0,1,0,0,0.0,1,0,0,0,0.0,0,0,0,1,1.0,0.3111111111111111,0
legal-160,legal,simple,run_1,0.7949155475944281,sat,1,0.7949155475944281,sat,1.0,exact,10,0,0,0.0,0.0,0.0,0.0,11,15,15,0,0.9333333333333333,0,1,0,0.0,0.0,15,1,0.0,1,0,0,0.0,1,0,0,0,0.0,0,0,0,1,1.0,0.3111111111111111,0
legal-161,legal,alpha_beta,run_1,0.005623211152851582,sat,1,0.0075058359652757645,sat,1.334795326238014,exact,2,0,1,0.0,0.0,0.0,0.0,2,2,1,0,0.5,1,1,1,1.0,0.0,0,0,0.0,0,0,0,0.0,0,0,0,0,0.0,0,0,0,2,0.6666666666666666,0.3333333333333333,0
legal-161,legal,epoch_days,run_1,0.003553742542862892,sat,1,0.0075058359652757645,sat,2.1120933423694415,exact,2,0,1,0.0,0.0,0.0,0.0,2,2,1,0,0.5,1,1,1,1.0,0.0,0,0,0.0,0,0,0,0.0,0,0,0,0,0.0,0,0,0,2,0.6666666666666666,0.3333333333333333,0
legal-161,legal,hybrid_ymd,run_1,0.0065324436873197556,sat,1,0.0075058359652757645,sat,1.1490089045613172,exact,2,0,1,0.0,0.0,0.0,0.0,2,2,1,0,0.5,1,1,1,1.0,0.0,0,0,0.0,0,0,0,0.0,0,0,0,0,0.0,0,0,0,2,0.6666666666666666,0.3333333333333333,0
legal-161,legal,simple,run_1,0.0075058359652757645,sat,1,0.0075058359652757645,sat,1.0,exact,2,0,1,0.0,0.0,0.0,0.0,2,2,1,0,0.5,1,1,1,1.0,0.0,0,0,0.0,0,0,0,0.0,0,0,0,0,0.0,0,0,0,2,0.6666666666666666,0.3333333333333333,0
legal-162,legal,alpha_beta,run_1,0.020881964825093746,sat,1,0.013545653782784939,sat,0.6486771669353258,exact,5,0,1,0.0,0.0,0.0,0.0,7,5,4,0,0.8,1,1,1,0.4,0.25,3,2,0.0,1,0,0,0.0,1,0,0,0,0.0,0,0,0,3,0.5,0.2,0
legal-162,legal,epoch_days,run_1,0.7147767785936594,sat,1,0.013545653782784939,sat,0.018950886750177223,exact,5,0,1,0.0,0.0,0.0,0.0,7,5,4,0,0.8,1,1,1,0.4,0.25,3,2,0.0,1,0,0,0.0,1,0,0,0,0.0,0,0,0,3,0.5,0.2,0
legal-162,legal,hybrid_ymd,run_1,0.06528667453676462,sat,1,0.013545653782784939,sat,0.2074796101792109,exact,5,0,1,0.0,0.0,0.0,0.0,7,5,4,0,0.8,1,1,1,0.4,0.25,3,2,0.0,1,0,0,0.0,1,0,0,0,0.0,0,0,0,3,0.5,0.2,0
legal-162,legal,simple,run_1,0.013545653782784939,sat,1,0.013545653782784939,sat,1.0,exact,5,0,1,0.0,0.0,0.0,0.0,7,5,4,0,0.8,1,1,1,0.4,0.25,3,2,0.0,1,0,0,0.0,1,0,0,0,0.0,0,0,0,3,0.5,0.2,0
legal-163,legal,alpha_beta,run_1,0.13777813408523798,sat,1,0.08777294307947159,sat,0.6370600361387524,exact,5,0,0,0.0,0.0,0.0,0.0,7,6,6,0,1.0,0,1,0,0.0,0.0,6,2,0.0,2,0,0,0.0,1,0,0,0,0.0,0,0,0,1,1.0,0.4,0
legal-163,legal,epoch_days,run_1,2.1774042453616858,sat,1,0.08777294307947159,sat,0.04031081654518026,exact,5,0,0,0.0,0.0,0.0,0.0,7,6,6,0,1.0,0,1,0,0.0,0.0,6,2,0.0,2,0,0,0.0,1,0,0,0,0.0,0,0,0,1,1.0,0.4,0
legal-163,legal,hybrid_ymd,run_1,0.42755515221506357,sat,1,0.08777294307947159,sat,0.20529034119865106,exact,5,0,0,0.0,0.0,0.0,0.0,7,6,6,0,1.0,0,1,0,0.0,0.0,6,2,0.0,2,0,0,0.0,1,0,0,0,0.0,0,0,0,1,1.0,0.4,0
legal-163,legal,simple,run_1,0.08777294307947159,sat,1,0.08777294307947159,sat,1.0,exact,5,0,0,0.0,0.0,0.0,0.0,7,6,6,0,1.0,0,1,0,0.0,0.0,6,2,0.0,2,0,0,0.0,1,0,0,0,0.0,0,0,0,1,1.0,0.4,0
legal-164,legal,alpha_beta,run_1,0.092688063159585,sat,1,0.012681950815021992,sat,0.13682399202998702,exact,5,0,2,0.0,0.0,0.0,0.0,6,17,8,0,0.4117647058823529,6,1,1,0.8823529411764706,0.0,2,1,0.0,1,0,0,0.0,1,0,0,0,0.0,0,0,0,3,0.7142857142857143,0.38095238095238093,0
legal-164,legal,epoch_days,run_1,0.06630783528089523,sat,1,0.012681950815021992,sat,0.19125870662642405,exact,5,0,2,0.0,0.0,0.0,0.0,6,17,8,0,0.4117647058823529,6,1,1,0.8823529411764706,0.0,2,1,0.0,1,0,0,0.0,1,0,0,0,0.0,0,0,0,3,0.7142857142857143,0.38095238095238093,0
legal-164,legal,hybrid_ymd,run_1,0.05829775799065828,sat,1,0.012681950815021992,sat,0.2175375392147013,exact,5,0,2,0.0,0.0,0.0,0.0,6,17,8,0,0.4117647058823529,6,1,1,0.8823529411764706,0.0,2,1,0.0,1,0,0,0.0,1,0,0,0,0.0,0,0,0,3,0.7142857142857143,0.38095238095238093,0
legal-164,legal,simple,run_1,0.012681950815021992,sat,1,0.012681950815021992,sat,1.0,exact,5,0,2,0.0,0.0,0.0,0.0,6,17,8,0,0.4117647058823529,6,1,1,0.8823529411764706,0.0,2,1,0.0,1,0,0,0.0,1,0,0,0,0.0,0,0,0,3,0.7142857142857143,0.38095238095238093,0
legal-165,legal,alpha_beta,run_1,0.004237099550664425,sat,1,0.005990474484860897,sat,1.413814901734259,exact,1,0,1,0.0,0.0,0.0,0.0,2,2,1,0,0.5,1,1,1,1.0,1.0,0,0,0.0,0,0,0,0.0,0,0,0,0,0.0,0,0,0,2,0.5,0.0,0
legal-165,legal,epoch_days,run_1,0.006526350975036621,sat,1,0.005990474484860897,sat,0.917890335315177,exact,1,0,1,0.0,0.0,0.0,0.0,2,2,1,0,0.5,1,1,1,1.0,1.0,0,0,0.0,0,0,0,0.0,0,0,0,0,0.0,0,0,0,2,0.5,0.0,0
legal-165,legal,hybrid_ymd,run_1,0.005838488228619099,sat,1,0.005990474484860897,sat,1.0260317825934446,exact,1,0,1,0.0,0.0,0.0,0.0,2,2,1,0,0.5,1,1,1,1.0,1.0,0,0,0.0,0,0,0,0.0,0,0,0,0,0.0,0,0,0,2,0.5,0.0,0
legal-165,legal,simple,run_1,0.005990474484860897,sat,1,0.005990474484860897,sat,1.0,exact,1,0,1,0.0,0.0,0.0,0.0,2,2,1,0,0.5,1,1,1,1.0,1.0,0,0,0.0,0,0,0,0.0,0,0,0,0,0.0,0,0,0,2,0.5,0.0,0
legal-166,legal,alpha_beta,run_1,0.21829592436552048,sat,1,0.4729641443118453,sat,2.166619215115998,exact,10,0,4,0.0,0.0,0.0,0.0,12,23,12,0,0.43478260869565216,11,2,2,1.0,0.0,0,1,0.0,0,6,0,0.0,1,0,0,0,0.0,0,0,0,7,0.35714285714285715,0.08791208791208792,0
legal-166,legal,epoch_days,run_1,0.10875913593918085,sat,1,0.4729641443118453,sat,4.3487302489818545,exact,10,0,4,0.0,0.0,0.0,0.0,12,23,12,0,0.43478260869565216,11,2,2,1.0,0.0,0,1,0.0,0,6,0,0.0,1,0,0,0,0.0,0,0,0,7,0.35714285714285715,0.08791208791208792,0
legal-166,legal,hybrid_ymd,run_1,0.5297957910224795,sat,1,0.4729641443118453,sat,0.8927291464491404,exact,10,0,4,0.0,0.0,0.0,0.0,12,23,12,0,0.43478260869565216,11,2,2,1.0,0.0,0,1,0.0,0,6,0,0.0,1,0,0,0,0.0,0,0,0,7,0.35714285714285715,0.08791208791208792,0
legal-166,legal,simple,run_1,0.4729641443118453,sat,1,0.4729641443118453,sat,1.0,exact,10,0,4,0.0,0.0,0.0,0.0,12,23,12,0,0.43478260869565216,11,2,2,1.0,0.0,0,1,0.0,0,6,0,0.0,1,0,0,0,0.0,0,0,0,7,0.35714285714285715,0.08791208791208792,0
legal-167,legal,alpha_beta,run_1,0.24919443018734455,sat,1,0.04359545465558767,sat,0.17494554201236592,exact,4,0,1,0.0,0.0,0.0,0.0,6,6,5,0,0.8333333333333334,1,1,1,0.3333333333333333,0.0,4,2,0.0,5,0,0,0.0,1,0,0,0,0.0,0,0,0,2,0.8,0.4,0
legal-167,legal,epoch_days,run_1,5.902184386737645,sat,1,0.04359545465558767,sat,0.007386325434621755,exact,4,0,1,0.0,0.0,0.0,0.0,6,6,5,0,0.8333333333333334,1,1,1,0.3333333333333333,0.0,4,2,0.0,5,0,0,0.0,1,0,0,0,0.0,0,0,0,2,0.8,0.4,0
legal-167,legal,hybrid_ymd,run_1,0.05774895567446947,sat,1,0.04359545465558767,sat,0.754913299234968,exact,4,0,1,0.0,0.0,0.0,0.0,6,6,5,0,0.8333333333333334,1,1,1,0.3333333333333333,0.0,4,2,0.0,5,0,0,0.0,1,0,0,0,0.0,0,0,0,2,0.8,0.4,0
legal-167,legal,simple,run_1,0.04359545465558767,sat,1,0.04359545465558767,sat,1.0,exact,4,0,1,0.0,0.0,0.0,0.0,6,6,5,0,0.8333333333333334,1,1,1,0.3333333333333333,0.0,4,2,0.0,5,0,0,0.0,1,0,0,0,0.0,0,0,0,2,0.8,0.4,0
legal-168,legal,alpha_beta,run_1,60.00178303848952,timeout,0,0.5871890867128968,sat,0.009786193959206694,upper,6,0,2,0.0,0.0,0.0,0.0,8,13,11,0,0.5384615384615384,4,2,2,0.6923076923076923,0.2857142857142857,4,1,0.0,0,0,30,0.0,1,1,0,0,0.08333333333333333,1,0,0,3,0.75,0.2857142857142857,0
legal-168,legal,epoch_days,run_1,0.7019943036139011,sat,1,0.5871890867128968,sat,0.8364584779249896,exact,6,0,2,0.0,0.0,0.0,0.0,8,13,11,0,0.5384615384615384,4,2,2,0.6923076923076923,0.2857142857142857,4,1,0.0,0,0,30,0.0,1,1,0,0,0.08333333333333333,1,0,0,3,0.75,0.2857142857142857,0
legal-168,legal,hybrid_ymd,run_1,12.190419101156294,sat,1,0.5871890867128968,sat,0.048168080345752866,exact,6,0,2,0.0,0.0,0.0,0.0,8,13,11,0,0.5384615384615384,4,2,2,0.6923076923076923,0.2857142857142857,4,1,0.0,0,0,30,0.0,1,1,0,0,0.08333333333333333,1,0,0,3,0.75,0.2857142857142857,0
legal-168,legal,simple,run_1,0.5871890867128968,sat,1,0.5871890867128968,sat,1.0,exact,6,0,2,0.0,0.0,0.0,0.0,8,13,11,0,0.5384615384615384,4,2,2,0.6923076923076923,0.2857142857142857,4,1,0.0,0,0,30,0.0,1,1,0,0,0.08333333333333333,1,0,0,3,0.75,0.2857142857142857,0
legal-169,legal,alpha_beta,run_1,60.00227479636669,timeout,0,1.332225177437067,sat,0.022202911172256708,upper,4,0,0,0.0,0.0,0.0,0.0,6,4,4,0,1.0,0,1,0,0.0,0.0,4,2,0.0,0,0,60,0.0,1,0,0,0,0.0,0,0,0,2,0.5,0.3333333333333333,0
legal-169,legal,epoch_days,run_1,0.00448386836796999,sat,1,1.332225177437067,sat,297.1151398987687,exact,4,0,0,0.0,0.0,0.0,0.0,6,4,4,0,1.0,0,1,0,0.0,0.0,4,2,0.0,0,0,60,0.0,1,0,0,0,0.0,0,0,0,2,0.5,0.3333333333333333,0
legal-169,legal,hybrid_ymd,run_1,0.11110969167202711,sat,1,1.332225177437067,sat,11.990179770901722,exact,4,0,0,0.0,0.0,0.0,0.0,6,4,4,0,1.0,0,1,0,0.0,0.0,4,2,0.0,0,0,60,0.0,1,0,0,0,0.0,0,0,0,2,0.5,0.3333333333333333,0
legal-169,legal,simple,run_1,1.332225177437067,sat,1,1.332225177437067,sat,1.0,exact,4,0,0,0.0,0.0,0.0,0.0,6,4,4,0,1.0,0,1,0,0.0,0.0,4,2,0.0,0,0,60,0.0,1,0,0,0,0.0,0,0,0,2,0.5,0.3333333333333333,0
legal-17,legal,alpha_beta,run_1,0.11764722596853971,sat,1,0.12013185769319534,sat,1.0211193396546387,exact,5,0,0,0.0,0.0,0.0,0.0,9,5,5,0,0.4,0,1,0,0.0,0.0,5,3,0.0,1,0,0,0.0,1,0,0,0,0.0,0,0,0,1,1.0,0.4,0
legal-17,legal,epoch_days,run_1,60.00287208054215,timeout,0,0.12013185769319534,sat,0.002002101791593272,upper,5,0,0,0.0,0.0,0.0,0.0,9,5,5,0,0.4,0,1,0,0.0,0.0,5,3,0.0,1,0,0,0.0,1,0,0,0,0.0,0,0,0,1,1.0,0.4,0
legal-17,legal,hybrid_ymd,run_1,0.06970309559255838,sat,1,0.12013185769319534,sat,1.7234795194091899,exact,5,0,0,0.0,0.0,0.0,0.0,9,5,5,0,0.4,0,1,0,0.0,0.0,5,3,0.0,1,0,0,0.0,1,0,0,0,0.0,0,0,0,1,1.0,0.4,0
legal-17,legal,simple,run_1,0.12013185769319534,sat,1,0.12013185769319534,sat,1.0,exact,5,0,0,0.0,0.0,0.0,0.0,9,5,5,0,0.4,0,1,0,0.0,0.0,5,3,0.0,1,0,0,0.0,1,0,0,0,0.0,0,0,0,1,1.0,0.4,0
legal-170,legal,alpha_beta,run_1,0.016533324494957924,sat,1,0.010327081196010113,sat,0.6246221804428689,exact,6,3,0,0.0,0.0,0.0,0.0,12,10,7,3,0.3,1,2,1,0.0,0.0,8,0,0.0,0,0,0,0.0,0,0,0,0,0.0,6,0,0,1,1.0,0.2777777777777778,0
legal-170,legal,epoch_days,run_1,0.1774710062891245,sat,1,0.010327081196010113,sat,0.058190244209163314,exact,6,3,0,0.0,0.0,0.0,0.0,12,10,7,3,0.3,1,2,1,0.0,0.0,8,0,0.0,0,0,0,0.0,0,0,0,0,0.0,6,0,0,1,1.0,0.2777777777777778,0
legal-170,legal,hybrid_ymd,run_1,0.010432514362037182,sat,1,0.010327081196010113,sat,0.9898937914324154,exact,6,3,0,0.0,0.0,0.0,0.0,12,10,7,3,0.3,1,2,1,0.0,0.0,8,0,0.0,0,0,0,0.0,0,0,0,0,0.0,6,0,0,1,1.0,0.2777777777777778,0
legal-170,legal,simple,run_1,0.010327081196010113,sat,1,0.010327081196010113,sat,1.0,exact,6,3,0,0.0,0.0,0.0,0.0,12,10,7,3,0.3,1,2,1,0.0,0.0,8,0,0.0,0,0,0,0.0,0,0,0,0,0.0,6,0,0,1,1.0,0.2777777777777778,0
legal-171,legal,alpha_beta,run_1,0.0372519101947546,sat,1,0.028204078786075115,sat,0.7571176521854307,exact,5,0,0,0.0,0.0,0.0,0.0,6,5,5,0,0.6,0,1,1,0.0,0.0,5,1,0.0,10,0,0,0.0,1,0,0,0,0.0,0,0,0,1,1.0,0.5,0
legal-171,legal,epoch_days,run_1,0.03298009280115366,sat,1,0.028204078786075115,sat,0.8551849431147909,exact,5,0,0,0.0,0.0,0.0,0.0,6,5,5,0,0.6,0,1,1,0.0,0.0,5,1,0.0,10,0,0,0.0,1,0,0,0,0.0,0,0,0,1,1.0,0.5,0
legal-171,legal,hybrid_ymd,run_1,0.05450836569070816,sat,1,0.028204078786075115,sat,0.5174266083505593,exact,5,0,0,0.0,0.0,0.0,0.0,6,5,5,0,0.6,0,1,1,0.0,0.0,5,1,0.0,10,0,0,0.0,1,0,0,0,0.0,0,0,0,1,1.0,0.5,0
legal-171,legal,simple,run_1,0.028204078786075115,sat,1,0.028204078786075115,sat,1.0,exact,5,0,0,0.0,0.0,0.0,0.0,6,5,5,0,0.6,0,1,1,0.0,0.0,5,1,0.0,10,0,0,0.0,1,0,0,0,0.0,0,0,0,1,1.0,0.5,0
legal-172,legal,alpha_beta,run_1,5.056826204992831,sat,1,0.426452255807817,sat,0.08433199768399428,exact,7,0,1,0.0,0.0,0.0,0.0,10,15,12,0,0.8,3,1,2,0.4666666666666667,0.0,8,2,0.0,1,0,0,0.0,1,0,0,0,0.0,0,0,0,2,0.875,0.32142857142857145,0
legal-172,legal,epoch_days,run_1,0.642911946401,sat,1,0.426452255807817,sat,0.6633136282426897,exact,7,0,1,0.0,0.0,0.0,0.0,10,15,12,0,0.8,3,1,2,0.4666666666666667,0.0,8,2,0.0,1,0,0,0.0,1,0,0,0,0.0,0,0,0,2,0.875,0.32142857142857145,0
legal-172,legal,hybrid_ymd,run_1,0.2855104887858033,sat,1,0.426452255807817,sat,1.4936482986015673,exact,7,0,1,0.0,0.0,0.0,0.0,10,15,12,0,0.8,3,1,2,0.4666666666666667,0.0,8,2,0.0,1,0,0,0.0,1,0,0,0,0.0,0,0,0,2,0.875,0.32142857142857145,0
legal-172,legal,simple,run_1,0.426452255807817,sat,1,0.426452255807817,sat,1.0,exact,7,0,1,0.0,0.0,0.0,0.0,10,15,12,0,0.8,3,1,2,0.4666666666666667,0.0,8,2,0.0,1,0,0,0.0,1,0,0,0,0.0,0,0,0,2,0.875,0.32142857142857145,0
legal-173,legal,alpha_beta,run_1,0.00858489889651537,sat,1,0.023112674243748188,sat,2.6922476924136727,exact,4,0,1,0.0,0.0,0.0,0.0,6,5,4,0,0.8,1,2,1,0.0,0.0,3,1,0.0,1,0,0,0.0,1,0,0,0,0.0,0,0,0,4,0.4,0.1,0
legal-173,legal,epoch_days,run_1,0.19292418099939823,sat,1,0.023112674243748188,sat,0.11980185233400203,exact,4,0,1,0.0,0.0,0.0,0.0,6,5,4,0,0.8,1,2,1,0.0,0.0,3,1,0.0,1,0,0,0.0,1,0,0,0,0.0,0,0,0,4,0.4,0.1,0
legal-173,legal,hybrid_ymd,run_1,0.013150671496987343,sat,1,0.023112674243748188,sat,1.7575280660795929,exact,4,0,1,0.0,0.0,0.0,0.0,6,5,4,0,0.8,1,2,1,0.0,0.0,3,1,0.0,1,0,0,0.0,1,0,0,0,0.0,0,0,0,4,0.4,0.1,0
legal-173,legal,simple,run_1,0.023112674243748188,sat,1,0.023112674243748188,sat,1.0,exact,4,0,1,0.0,0.0,0.0,0.0,6,5,4,0,0.8,1,2,1,0.0,0.0,3,1,0.0,1,0,0,0.0,1,0,0,0,0.0,0,0,0,4,0.4,0.1,0
legal-174,legal,alpha_beta,run_1,0.035075949504971504,sat,1,0.052859111689031124,sat,1.5069901865818092,exact,6,0,1,0.0,0.0,0.0,0.0,8,7,6,0,0.7142857142857143,1,1,1,0.2857142857142857,0.2,5,2,0.0,1,12,0,0.0,1,0,0,0,0.0,0,0,0,3,0.5714285714285714,0.23809523809523808,0
legal-174,legal,epoch_days,run_1,6.365486206486821,sat,1,0.052859111689031124,sat,0.008304017945269356,exact,6,0,1,0.0,0.0,0.0,0.0,8,7,6,0,0.7142857142857143,1,1,1,0.2857142857142857,0.2,5,2,0.0,1,12,0,0.0,1,0,0,0,0.0,0,0,0,3,0.5714285714285714,0.23809523809523808,0
legal-174,legal,hybrid_ymd,run_1,0.018656296655535698,sat,1,0.052859111689031124,sat,2.8333121339677434,exact,6,0,1,0.0,0.0,0.0,0.0,8,7,6,0,0.7142857142857143,1,1,1,0.2857142857142857,0.2,5,2,0.0,1,12,0,0.0,1,0,0,0,0.0,0,0,0,3,0.5714285714285714,0.23809523809523808,0
legal-174,legal,simple,run_1,0.052859111689031124,sat,1,0.052859111689031124,sat,1.0,exact,6,0,1,0.0,0.0,0.0,0.0,8,7,6,0,0.7142857142857143,1,1,1,0.2857142857142857,0.2,5,2,0.0,1,12,0,0.0,1,0,0,0,0.0,0,0,0,3,0.5714285714285714,0.23809523809523808,0
legal-175,legal,alpha_beta,run_1,1.765761180780828,sat,1,0.864382023923099,sat,0.4895237438286333,exact,8,0,3,0.0,0.0,0.0,0.0,11,12,8,0,0.6666666666666666,4,1,1,0.6666666666666666,0.125,4,3,0.0,12,0,0,0.0,1,0,0,0,0.0,0,0,0,5,0.36363636363636365,0.10909090909090909,0
legal-175,legal,epoch_days,run_1,4.346140015870333,sat,1,0.864382023923099,sat,0.198884992376391,exact,8,0,3,0.0,0.0,0.0,0.0,11,12,8,0,0.6666666666666666,4,1,1,0.6666666666666666,0.125,4,3,0.0,12,0,0,0.0,1,0,0,0,0.0,0,0,0,5,0.36363636363636365,0.10909090909090909,0
legal-175,legal,hybrid_ymd,run_1,1.3567891716957092,sat,1,0.864382023923099,sat,0.6370790996531894,exact,8,0,3,0.0,0.0,0.0,0.0,11,12,8,0,0.6666666666666666,4,1,1,0.6666666666666666,0.125,4,3,0.0,12,0,0,0.0,1,0,0,0,0.0,0,0,0,5,0.36363636363636365,0.10909090909090909,0
legal-175,legal,simple,run_1,0.864382023923099,sat,1,0.864382023923099,sat,1.0,exact,8,0,3,0.0,0.0,0.0,0.0,11,12,8,0,0.6666666666666666,4,1,1,0.6666666666666666,0.125,4,3,0.0,12,0,0,0.0,1,0,0,0,0.0,0,0,0,5,0.36363636363636365,0.10909090909090909,0
legal-176,legal,alpha_beta,run_1,0.01793477777391672,sat,1,0.012916404753923416,sat,0.7201876107273696,exact,4,1,0,0.0,0.0,0.0,0.0,6,6,4,2,0.8333333333333334,0,1,0,0.0,0.0,6,2,0.0,5,0,0,0.0,1,0,0,0,0.0,0,0,0,2,0.8,0.3,0
legal-176,legal,epoch_days,run_1,7.173388077877462,sat,1,0.012916404753923416,sat,0.001800600304026108,exact,4,1,0,0.0,0.0,0.0,0.0,6,6,4,2,0.8333333333333334,0,1,0,0.0,0.0,6,2,0.0,5,0,0,0.0,1,0,0,0,0.0,0,0,0,2,0.8,0.3,0
legal-176,legal,hybrid_ymd,run_1,0.04064360726624727,sat,1,0.012916404753923416,sat,0.3177967120219155,exact,4,1,0,0.0,0.0,0.0,0.0,6,6,4,2,0.8333333333333334,0,1,0,0.0,0.0,6,2,0.0,5,0,0,0.0,1,0,0,0,0.0,0,0,0,2,0.8,0.3,0
legal-176,legal,simple,run_1,0.012916404753923416,sat,1,0.012916404753923416,sat,1.0,exact,4,1,0,0.0,0.0,0.0,0.0,6,6,4,2,0.8333333333333334,0,1,0,0.0,0.0,6,2,0.0,5,0,0,0.0,1,0,0,0,0.0,0,0,0,2,0.8,0.3,0
legal-177,legal,alpha_beta,run_1,0.08290830720216036,sat,1,0.015589824877679348,sat,0.18803694591985495,exact,3,0,1,0.0,0.0,0.0,0.0,5,6,5,0,0.8333333333333334,1,1,1,0.3333333333333333,0.0,4,1,0.0,1,0,0,0.0,1,0,0,0,0.0,0,0,0,2,0.75,0.5,0
legal-177,legal,epoch_days,run_1,0.8491206644102931,sat,1,0.015589824877679348,sat,0.018359964055881674,exact,3,0,1,0.0,0.0,0.0,0.0,5,6,5,0,0.8333333333333334,1,1,1,0.3333333333333333,0.0,4,1,0.0,1,0,0,0.0,1,0,0,0,0.0,0,0,0,2,0.75,0.5,0
legal-177,legal,hybrid_ymd,run_1,0.026244278997182846,sat,1,0.015589824877679348,sat,0.5940275547045059,exact,3,0,1,0.0,0.0,0.0,0.0,5,6,5,0,0.8333333333333334,1,1,1,0.3333333333333333,0.0,4,1,0.0,1,0,0,0.0,1,0,0,0,0.0,0,0,0,2,0.75,0.5,0
legal-177,legal,simple,run_1,0.015589824877679348,sat,1,0.015589824877679348,sat,1.0,exact,3,0,1,0.0,0.0,0.0,0.0,5,6,5,0,0.8333333333333334,1,1,1,0.3333333333333333,0.0,4,1,0.0,1,0,0,0.0,1,0,0,0,0.0,0,0,0,2,0.75,0.5,0
legal-178,legal,alpha_beta,run_1,0.006973055191338062,sat,1,0.008389265276491642,sat,1.2030975012090537,exact,2,0,0,0.0,0.0,0.0,0.0,3,2,2,0,1.0,0,1,0,0.0,0.0,2,0,0.0,0,0,0,0.0,0,0,0,0,0.0,0,0,1,1,1.0,1.0,0
legal-178,legal,epoch_days,run_1,0.0033225268125534058,sat,1,0.008389265276491642,sat,2.5249654102999943,exact,2,0,0,0.0,0.0,0.0,0.0,3,2,2,0,1.0,0,1,0,0.0,0.0,2,0,0.0,0,0,0,0.0,0,0,0,0,0.0,0,0,1,1,1.0,1.0,0
legal-178,legal,hybrid_ymd,run_1,0.007364721968770027,sat,1,0.008389265276491642,sat,1.1391150014985185,exact,2,0,0,0.0,0.0,0.0,0.0,3,2,2,0,1.0,0,1,0,0.0,0.0,2,0,0.0,0,0,0,0.0,0,0,0,0,0.0,0,0,1,1,1.0,1.0,0
legal-178,legal,simple,run_1,0.008389265276491642,sat,1,0.008389265276491642,sat,1.0,exact,2,0,0,0.0,0.0,0.0,0.0,3,2,2,0,1.0,0,1,0,0.0,0.0,2,0,0.0,0,0,0,0.0,0,0,0,0,0.0,0,0,1,1,1.0,1.0,0
legal-179,legal,alpha_beta,run_1,12.008717496879399,sat,1,1.0578228253871202,sat,0.08808790994225715,exact,8,0,0,0.0,0.0,0.0,0.0,11,9,8,1,0.7777777777777778,0,1,0,0.0,0.0,9,3,0.0,1,0,90,0.0,1,0,0,1,0.1111111111111111,0,0,0,2,0.5,0.21428571428571427,0
legal-179,legal,epoch_days,run_1,2.420127971097827,sat,1,1.0578228253871202,sat,0.4370937562063162,exact,8,0,0,0.0,0.0,0.0,0.0,11,9,8,1,0.7777777777777778,0,1,0,0.0,0.0,9,3,0.0,1,0,90,0.0,1,0,0,1,0.1111111111111111,0,0,0,2,0.5,0.21428571428571427,0
legal-179,legal,hybrid_ymd,run_1,12.702442975714803,sat,1,1.0578228253871202,sat,0.0832771166467365,exact,8,0,0,0.0,0.0,0.0,0.0,11,9,8,1,0.7777777777777778,0,1,0,0.0,0.0,9,3,0.0,1,0,90,0.0,1,0,0,1,0.1111111111111111,0,0,0,2,0.5,0.21428571428571427,0
legal-179,legal,simple,run_1,1.0578228253871202,sat,1,1.0578228253871202,sat,1.0,exact,8,0,0,0.0,0.0,0.0,0.0,11,9,8,1,0.7777777777777778,0,1,0,0.0,0.0,9,3,0.0,1,0,90,0.0,1,0,0,1,0.1111111111111111,0,0,0,2,0.5,0.21428571428571427,0
legal-18,legal,alpha_beta,run_1,3.075060316361487,sat,1,0.23243124969303608,sat,0.07558591565060956,exact,12,0,1,0.0,0.0,0.0,0.0,16,17,15,0,0.8823529411764706,2,1,1,0.23529411764705882,0.0,13,4,0.0,3,0,0,0.0,1,0,0,0,0.0,0,0,0,5,0.3076923076923077,0.14102564102564102,0
legal-18,legal,epoch_days,run_1,46.62447065114975,sat,1,0.23243124969303608,sat,0.004985177235193004,exact,12,0,1,0.0,0.0,0.0,0.0,16,17,15,0,0.8823529411764706,2,1,1,0.23529411764705882,0.0,13,4,0.0,3,0,0,0.0,1,0,0,0,0.0,0,0,0,5,0.3076923076923077,0.14102564102564102,0
legal-18,legal,hybrid_ymd,run_1,0.5206253528594971,sat,1,0.23243124969303608,sat,0.4464462754578206,exact,12,0,1,0.0,0.0,0.0,0.0,16,17,15,0,0.8823529411764706,2,1,1,0.23529411764705882,0.0,13,4,0.0,3,0,0,0.0,1,0,0,0,0.0,0,0,0,5,0.3076923076923077,0.14102564102564102,0
legal-18,legal,simple,run_1,0.23243124969303608,sat,1,0.23243124969303608,sat,1.0,exact,12,0,1,0.0,0.0,0.0,0.0,16,17,15,0,0.8823529411764706,2,1,1,0.23529411764705882,0.0,13,4,0.0,3,0,0,0.0,1,0,0,0,0.0,0,0,0,5,0.3076923076923077,0.14102564102564102,0
legal-180,legal,alpha_beta,run_1,0.11510195024311543,sat,1,0.06725950632244349,sat,0.5843472346070563,exact,6,0,3,0.0,0.0,0.0,0.0,7,23,10,0,0.30434782608695654,13,2,2,0.9565217391304348,0.2857142857142857,1,1,0.0,1,0,0,0.0,1,0,0,0,0.0,0,0,0,4,0.6666666666666666,0.19444444444444445,0
legal-180,legal,epoch_days,run_1,0.4572597136721015,sat,1,0.06725950632244349,sat,0.14709256973964455,exact,6,0,3,0.0,0.0,0.0,0.0,7,23,10,0,0.30434782608695654,13,2,2,0.9565217391304348,0.2857142857142857,1,1,0.0,1,0,0,0.0,1,0,0,0,0.0,0,0,0,4,0.6666666666666666,0.19444444444444445,0
legal-180,legal,hybrid_ymd,run_1,0.018944895826280117,sat,1,0.06725950632244349,sat,3.5502705815432334,exact,6,0,3,0.0,0.0,0.0,0.0,7,23,10,0,0.30434782608695654,13,2,2,0.9565217391304348,0.2857142857142857,1,1,0.0,1,0,0,0.0,1,0,0,0,0.0,0,0,0,4,0.6666666666666666,0.19444444444444445,0
legal-180,legal,simple,run_1,0.06725950632244349,sat,1,0.06725950632244349,sat,1.0,exact,6,0,3,0.0,0.0,0.0,0.0,7,23,10,0,0.30434782608695654,13,2,2,0.9565217391304348,0.2857142857142857,1,1,0.0,1,0,0,0.0,1,0,0,0,0.0,0,0,0,4,0.6666666666666666,0.19444444444444445,0
legal-181,legal,alpha_beta,run_1,0.07565086148679256,sat,1,0.011408764868974686,sat,0.1508081288798869,exact,4,0,0,0.0,0.0,0.0,0.0,6,5,5,0,1.0,0,1,0,0.0,0.0,5,1,0.0,1,0,0,0.0,1,0,0,0,0.0,0,0,0,1,1.0,0.5,0
legal-181,legal,epoch_days,run_1,0.13649011589586735,sat,1,0.011408764868974686,sat,0.08358674761239704,exact,4,0,0,0.0,0.0,0.0,0.0,6,5,5,0,1.0,0,1,0,0.0,0.0,5,1,0.0,1,0,0,0.0,1,0,0,0,0.0,0,0,0,1,1.0,0.5,0
legal-181,legal,hybrid_ymd,run_1,0.02170460857450962,sat,1,0.011408764868974686,sat,0.5256378998870035,exact,4,0,0,0.0,0.0,0.0,0.0,6,5,5,0,1.0,0,1,0,0.0,0.0,5,1,0.0,1,0,0,0.0,1,0,0,0,0.0,0,0,0,1,1.0,0.5,0
legal-181,legal,simple,run_1,0.011408764868974686,sat,1,0.011408764868974686,sat,1.0,exact,4,0,0,0.0,0.0,0.0,0.0,6,5,5,0,1.0,0,1,0,0.0,0.0,5,1,0.0,1,0,0,0.0,1,0,0,0,0.0,0,0,0,1,1.0,0.5,0
legal-182,legal,alpha_beta,run_1,0.03186339046806097,sat,1,0.017527119256556034,sat,0.5500707551547209,exact,6,1,1,0.0,0.0,0.0,0.0,8,11,8,0,0.36363636363636365,4,2,2,0.7272727272727273,0.0,3,0,0.0,0,0,0,0.0,0,0,0,0,0.0,2,0,0,2,0.875,0.21428571428571427,0
legal-182,legal,epoch_days,run_1,0.017940391786396503,sat,1,0.017527119256556034,sat,0.976964130172796,exact,6,1,1,0.0,0.0,0.0,0.0,8,11,8,0,0.36363636363636365,4,2,2,0.7272727272727273,0.0,3,0,0.0,0,0,0,0.0,0,0,0,0,0.0,2,0,0,2,0.875,0.21428571428571427,0
legal-182,legal,hybrid_ymd,run_1,0.027000505477190018,sat,1,0.017527119256556034,sat,0.6491404122549822,exact,6,1,1,0.0,0.0,0.0,0.0,8,11,8,0,0.36363636363636365,4,2,2,0.7272727272727273,0.0,3,0,0.0,0,0,0,0.0,0,0,0,0,0.0,2,0,0,2,0.875,0.21428571428571427,0
legal-182,legal,simple,run_1,0.017527119256556034,sat,1,0.017527119256556034,sat,1.0,exact,6,1,1,0.0,0.0,0.0,0.0,8,11,8,0,0.36363636363636365,4,2,2,0.7272727272727273,0.0,3,0,0.0,0,0,0,0.0,0,0,0,0,0.0,2,0,0,2,0.875,0.21428571428571427,0
legal-183,legal,alpha_beta,run_1,0.37790748942643404,sat,1,0.013813425786793232,sat,0.036552400185977905,exact,8,0,2,0.0,0.0,0.0,0.0,8,15,11,0,0.5333333333333333,4,2,2,0.4,0.125,7,0,0.0,0,0,0,0.0,0,0,0,0,0.0,0,0,0,4,0.6,0.17777777777777778,0
legal-183,legal,epoch_days,run_1,0.005058562383055687,sat,1,0.013813425786793232,sat,2.7307018755097494,exact,8,0,2,0.0,0.0,0.0,0.0,8,15,11,0,0.5333333333333333,4,2,2,0.4,0.125,7,0,0.0,0,0,0,0.0,0,0,0,0,0.0,0,0,0,4,0.6,0.17777777777777778,0
legal-183,legal,hybrid_ymd,run_1,0.06153845880180597,sat,1,0.013813425786793232,sat,0.2244681790176365,exact,8,0,2,0.0,0.0,0.0,0.0,8,15,11,0,0.5333333333333333,4,2,2,0.4,0.125,7,0,0.0,0,0,0,0.0,0,0,0,0,0.0,0,0,0,4,0.6,0.17777777777777778,0
legal-183,legal,simple,run_1,0.013813425786793232,sat,1,0.013813425786793232,sat,1.0,exact,8,0,2,0.0,0.0,0.0,0.0,8,15,11,0,0.5333333333333333,4,2,2,0.4,0.125,7,0,0.0,0,0,0,0.0,0,0,0,0,0.0,0,0,0,4,0.6,0.17777777777777778,0
legal-184,legal,alpha_beta,run_1,0.008147908374667168,sat,1,0.008921880275011063,sat,1.0949902557508215,exact,3,0,2,0.0,0.0,0.0,0.0,6,6,3,0,0.5,3,1,1,1.0,0.0,0,0,0.0,0,0,0,0.0,0,0,0,0,0.0,0,0,0,5,0.2,0.0,0
legal-184,legal,epoch_days,run_1,0.003959973342716694,sat,1,0.008921880275011063,sat,2.2530152359284092,exact,3,0,2,0.0,0.0,0.0,0.0,6,6,3,0,0.5,3,1,1,1.0,0.0,0,0,0.0,0,0,0,0.0,0,0,0,0,0.0,0,0,0,5,0.2,0.0,0
legal-184,legal,hybrid_ymd,run_1,0.008676811121404171,sat,1,0.008921880275011063,sat,1.028244149858506,exact,3,0,2,0.0,0.0,0.0,0.0,6,6,3,0,0.5,3,1,1,1.0,0.0,0,0,0.0,0,0,0,0.0,0,0,0,0,0.0,0,0,0,5,0.2,0.0,0
legal-184,legal,simple,run_1,0.008921880275011063,sat,1,0.008921880275011063,sat,1.0,exact,3,0,2,0.0,0.0,0.0,0.0,6,6,3,0,0.5,3,1,1,1.0,0.0,0,0,0.0,0,0,0,0.0,0,0,0,0,0.0,0,0,0,5,0.2,0.0,0
legal-185,legal,alpha_beta,run_1,60.00611904542893,timeout,0,21.188414745032787,sat,0.35310423473632147,upper,20,1,0,0.0,0.0,0.0,0.0,41,21,21,0,1.0,0,1,0,0.0,0.0,21,19,0.0,0,0,7,0.0,1,0,0,0,0.0,2,0,0,1,1.0,0.1,0
legal-185,legal,epoch_days,run_1,0.05065481457859278,sat,1,21.188414745032787,sat,418.2902439048157,exact,20,1,0,0.0,0.0,0.0,0.0,41,21,21,0,1.0,0,1,0,0.0,0.0,21,19,0.0,0,0,7,0.0,1,0,0,0,0.0,2,0,0,1,1.0,0.1,0
legal-185,legal,hybrid_ymd,run_1,60.00408514775336,timeout,0,21.188414745032787,sat,0.35311620355278617,upper,20,1,0,0.0,0.0,0.0,0.0,41,21,21,0,1.0,0,1,0,0.0,0.0,21,19,0.0,0,0,7,0.0,1,0,0,0,0.0,2,0,0,1,1.0,0.1,0
legal-185,legal,simple,run_1,21.188414745032787,sat,1,21.188414745032787,sat,1.0,exact,20,1,0,0.0,0.0,0.0,0.0,41,21,21,0,1.0,0,1,0,0.0,0.0,21,19,0.0,0,0,7,0.0,1,0,0,0,0.0,2,0,0,1,1.0,0.1,0
legal-186,legal,alpha_beta,run_1,0.08102294243872166,sat,1,0.40094367507845163,sat,4.9485202957383185,exact,3,0,3,0.0,0.0,0.0,0.0,6,14,6,0,0.42857142857142855,6,1,1,0.7857142857142857,0.0,3,4,0.0,6,0,0,0.0,1,0,0,0,0.0,0,0,0,4,0.5,0.13333333333333333,0
legal-186,legal,epoch_days,run_1,0.8322232346981764,sat,1,0.40094367507845163,sat,0.4817741903395217,exact,3,0,3,0.0,0.0,0.0,0.0,6,14,6,0,0.42857142857142855,6,1,1,0.7857142857142857,0.0,3,4,0.0,6,0,0,0.0,1,0,0,0,0.0,0,0,0,4,0.5,0.13333333333333333,0
legal-186,legal,hybrid_ymd,run_1,0.346377395093441,sat,1,0.40094367507845163,sat,1.157534183113452,exact,3,0,3,0.0,0.0,0.0,0.0,6,14,6,0,0.42857142857142855,6,1,1,0.7857142857142857,0.0,3,4,0.0,6,0,0,0.0,1,0,0,0,0.0,0,0,0,4,0.5,0.13333333333333333,0
legal-186,legal,simple,run_1,0.40094367507845163,sat,1,0.40094367507845163,sat,1.0,exact,3,0,3,0.0,0.0,0.0,0.0,6,14,6,0,0.42857142857142855,6,1,1,0.7857142857142857,0.0,3,4,0.0,6,0,0,0.0,1,0,0,0,0.0,0,0,0,4,0.5,0.13333333333333333,0
legal-187,legal,alpha_beta,run_1,0.1332356035709381,sat,1,0.23784477543085814,sat,1.7851442786779088,exact,4,0,0,0.0,0.0,0.0,0.0,6,5,5,0,1.0,0,1,0,0.0,0.0,5,2,0.0,2,0,0,0.0,1,0,0,0,0.0,0,0,0,1,1.0,0.5,0
legal-187,legal,epoch_days,run_1,1.6733151469379663,sat,1,0.23784477543085814,sat,0.14213985683814262,exact,4,0,0,0.0,0.0,0.0,0.0,6,5,5,0,1.0,0,1,0,0.0,0.0,5,2,0.0,2,0,0,0.0,1,0,0,0,0.0,0,0,0,1,1.0,0.5,0
legal-187,legal,hybrid_ymd,run_1,0.2872705617919564,sat,1,0.23784477543085814,sat,0.8279469150866463,exact,4,0,0,0.0,0.0,0.0,0.0,6,5,5,0,1.0,0,1,0,0.0,0.0,5,2,0.0,2,0,0,0.0,1,0,0,0,0.0,0,0,0,1,1.0,0.5,0
legal-187,legal,simple,run_1,0.23784477543085814,sat,1,0.23784477543085814,sat,1.0,exact,4,0,0,0.0,0.0,0.0,0.0,6,5,5,0,1.0,0,1,0,0.0,0.0,5,2,0.0,2,0,0,0.0,1,0,0,0,0.0,0,0,0,1,1.0,0.5,0
legal-188,legal,alpha_beta,run_1,60.0030651865527,timeout,0,6.289310285821557,sat,0.10481648339576918,upper,7,0,2,0.0,0.0,0.0,0.0,10,22,10,0,0.4090909090909091,10,1,1,0.9545454545454546,0.0,1,5,0.0,0,0,31,0.0,1,0,0,0,0.0,0,0,0,3,0.7777777777777778,0.16666666666666666,0
legal-188,legal,epoch_days,run_1,0.0059956153854727745,sat,1,6.289310285821557,sat,1048.9849467429813,exact,7,0,2,0.0,0.0,0.0,0.0,10,22,10,0,0.4090909090909091,10,1,1,0.9545454545454546,0.0,1,5,0.0,0,0,31,0.0,1,0,0,0,0.0,0,0,0,3,0.7777777777777778,0.16666666666666666,0
legal-188,legal,hybrid_ymd,run_1,14.185327187180519,sat,1,6.289310285821557,sat,0.4433673050210147,exact,7,0,2,0.0,0.0,0.0,0.0,10,22,10,0,0.4090909090909091,10,1,1,0.9545454545454546,0.0,1,5,0.0,0,0,31,0.0,1,0,0,0,0.0,0,0,0,3,0.7777777777777778,0.16666666666666666,0
legal-188,legal,simple,run_1,6.289310285821557,sat,1,6.289310285821557,sat,1.0,exact,7,0,2,0.0,0.0,0.0,0.0,10,22,10,0,0.4090909090909091,10,1,1,0.9545454545454546,0.0,1,5,0.0,0,0,31,0.0,1,0,0,0,0.0,0,0,0,3,0.7777777777777778,0.16666666666666666,0
legal-189,legal,alpha_beta,run_1,0.009571312926709652,sat,1,0.010181562975049019,sat,1.063758238082093,exact,4,1,0,0.0,0.0,0.0,0.0,5,5,4,1,0.8,0,1,0,0.0,0.0,5,0,0.0,0,0,0,0.0,0,1,0,0,0.2,1,0,0,1,1.0,0.5,1
legal-189,legal,epoch_days,run_1,0.010964613407850266,sat,1,0.010181562975049019,sat,0.9285838539240598,exact,4,1,0,0.0,0.0,0.0,0.0,5,5,4,1,0.8,0,1,0,0.0,0.0,5,0,0.0,0,0,0,0.0,0,1,0,0,0.2,1,0,0,1,1.0,0.5,1
legal-189,legal,hybrid_ymd,run_1,0.012021931819617748,sat,1,0.010181562975049019,sat,0.8469157143641789,exact,4,1,0,0.0,0.0,0.0,0.0,5,5,4,1,0.8,0,1,0,0.0,0.0,5,0,0.0,0,0,0,0.0,0,1,0,0,0.2,1,0,0,1,1.0,0.5,1
legal-189,legal,simple,run_1,0.010181562975049019,sat,1,0.010181562975049019,sat,1.0,exact,4,1,0,0.0,0.0,0.0,0.0,5,5,4,1,0.8,0,1,0,0.0,0.0,5,0,0.0,0,0,0,0.0,0,1,0,0,0.2,1,0,0,1,1.0,0.5,1
legal-19,legal,alpha_beta,run_1,7.109086043201387,sat,1,6.2135367495939136,sat,0.8740275067476625,exact,19,0,4,0.0,0.0,0.0,0.0,30,39,27,0,0.6923076923076923,12,1,2,0.6410256410256411,0.0,14,8,0.0,1,0,0,0.0,1,0,0,0,0.0,0,0,0,8,0.6956521739130435,0.05928853754940711,0
legal-19,legal,epoch_days,run_1,60.00379404705018,timeout,0,6.2135367495939136,sat,0.10355239778207616,upper,19,0,4,0.0,0.0,0.0,0.0,30,39,27,0,0.6923076923076923,12,1,2,0.6410256410256411,0.0,14,8,0.0,1,0,0,0.0,1,0,0,0,0.0,0,0,0,8,0.6956521739130435,0.05928853754940711,0
legal-19,legal,hybrid_ymd,run_1,60.00408317241818,timeout,0,6.2135367495939136,sat,0.10355189882227987,upper,19,0,4,0.0,0.0,0.0,0.0,30,39,27,0,0.6923076923076923,12,1,2,0.6410256410256411,0.0,14,8,0.0,1,0,0,0.0,1,0,0,0,0.0,0,0,0,8,0.6956521739130435,0.05928853754940711,0
legal-19,legal,simple,run_1,6.2135367495939136,sat,1,6.2135367495939136,sat,1.0,exact,19,0,4,0.0,0.0,0.0,0.0,30,39,27,0,0.6923076923076923,12,1,2,0.6410256410256411,0.0,14,8,0.0,1,0,0,0.0,1,0,0,0,0.0,0,0,0,8,0.6956521739130435,0.05928853754940711,0
legal-190,legal,alpha_beta,run_1,0.026816160418093204,sat,1,0.013010960072278976,sat,0.4851910142773578,exact,5,1,5,0.0,0.0,0.0,0.0,7,19,7,1,0.3684210526315789,9,1,1,1.0,0.0,0,0,0.0,0,0,0,0.0,0,1,0,0,0.125,0,0,0,9,0.2727272727272727,0.03636363636363636,1
legal-190,legal,epoch_days,run_1,0.005644642747938633,sat,1,0.013010960072278976,sat,2.305010370590849,exact,5,1,5,0.0,0.0,0.0,0.0,7,19,7,1,0.3684210526315789,9,1,1,1.0,0.0,0,0,0.0,0,0,0,0.0,0,1,0,0,0.125,0,0,0,9,0.2727272727272727,0.03636363636363636,1
legal-190,legal,hybrid_ymd,run_1,0.015258834697306156,sat,1,0.013010960072278976,sat,0.8526837291563276,exact,5,1,5,0.0,0.0,0.0,0.0,7,19,7,1,0.3684210526315789,9,1,1,1.0,0.0,0,0,0.0,0,0,0,0.0,0,1,0,0,0.125,0,0,0,9,0.2727272727272727,0.03636363636363636,1
legal-190,legal,simple,run_1,0.013010960072278976,sat,1,0.013010960072278976,sat,1.0,exact,5,1,5,0.0,0.0,0.0,0.0,7,19,7,1,0.3684210526315789,9,1,1,1.0,0.0,0,0,0.0,0,0,0,0.0,0,1,0,0,0.125,0,0,0,9,0.2727272727272727,0.03636363636363636,1
legal-191,legal,alpha_beta,run_1,0.007482933811843395,sat,1,0.06049815099686384,sat,8.084817067486574,exact,2,0,1,0.0,0.0,0.0,0.0,4,3,2,0,0.6666666666666666,1,1,1,1.0,1.0,0,2,0.0,2,0,0,0.0,1,0,0,0,0.0,0,0,0,2,0.6666666666666666,0.3333333333333333,0
legal-191,legal,epoch_days,run_1,0.5197184141725302,sat,1,0.06049815099686384,sat,0.11640563302569525,exact,2,0,1,0.0,0.0,0.0,0.0,4,3,2,0,0.6666666666666666,1,1,1,1.0,1.0,0,2,0.0,2,0,0,0.0,1,0,0,0,0.0,0,0,0,2,0.6666666666666666,0.3333333333333333,0
legal-191,legal,hybrid_ymd,run_1,0.05339964386075735,sat,1,0.06049815099686384,sat,1.13293173180361,exact,2,0,1,0.0,0.0,0.0,0.0,4,3,2,0,0.6666666666666666,1,1,1,1.0,1.0,0,2,0.0,2,0,0,0.0,1,0,0,0,0.0,0,0,0,2,0.6666666666666666,0.3333333333333333,0
legal-191,legal,simple,run_1,0.06049815099686384,sat,1,0.06049815099686384,sat,1.0,exact,2,0,1,0.0,0.0,0.0,0.0,4,3,2,0,0.6666666666666666,1,1,1,1.0,1.0,0,2,0.0,2,0,0,0.0,1,0,0,0,0.0,0,0,0,2,0.6666666666666666,0.3333333333333333,0
legal-192,legal,alpha_beta,run_1,0.2993383137509227,sat,1,0.2279549529775977,sat,0.7615294885614857,exact,6,1,2,0.0,0.0,0.0,0.0,10,10,8,0,0.8,2,1,1,0.4,0.0,6,3,0.0,1,0,0,0.0,1,0,0,0,0.0,1,0,0,3,0.7777777777777778,0.16666666666666666,0
legal-192,legal,epoch_days,run_1,3.9820462400093675,sat,1,0.2279549529775977,sat,0.057245682053421225,exact,6,1,2,0.0,0.0,0.0,0.0,10,10,8,0,0.8,2,1,1,0.4,0.0,6,3,0.0,1,0,0,0.0,1,0,0,0,0.0,1,0,0,3,0.7777777777777778,0.16666666666666666,0
legal-192,legal,hybrid_ymd,run_1,0.19899605121463537,sat,1,0.2279549529775977,sat,1.1455250070853291,exact,6,1,2,0.0,0.0,0.0,0.0,10,10,8,0,0.8,2,1,1,0.4,0.0,6,3,0.0,1,0,0,0.0,1,0,0,0,0.0,1,0,0,3,0.7777777777777778,0.16666666666666666,0
legal-192,legal,simple,run_1,0.2279549529775977,sat,1,0.2279549529775977,sat,1.0,exact,6,1,2,0.0,0.0,0.0,0.0,10,10,8,0,0.8,2,1,1,0.4,0.0,6,3,0.0,1,0,0,0.0,1,0,0,0,0.0,1,0,0,3,0.7777777777777778,0.16666666666666666,0
legal-193,legal,alpha_beta,run_1,32.04522029776126,sat,1,5.728710430674255,sat,0.17876957553867942,exact,6,0,0,0.0,0.0,0.0,0.0,8,7,7,0,0.5714285714285714,1,2,1,0.0,0.0,5,2,0.0,1,0,180,0.0,1,0,0,0,0.0,0,0,0,2,0.6666666666666666,0.26666666666666666,0
legal-193,legal,epoch_days,run_1,0.05463540647178888,sat,1,5.728710430674255,sat,104.85344212881967,exact,6,0,0,0.0,0.0,0.0,0.0,8,7,7,0,0.5714285714285714,1,2,1,0.0,0.0,5,2,0.0,1,0,180,0.0,1,0,0,0,0.0,0,0,0,2,0.6666666666666666,0.26666666666666666,0
legal-193,legal,hybrid_ymd,run_1,0.05760696157813072,sat,1,5.728710430674255,sat,99.44475934396512,exact,6,0,0,0.0,0.0,0.0,0.0,8,7,7,0,0.5714285714285714,1,2,1,0.0,0.0,5,2,0.0,1,0,180,0.0,1,0,0,0,0.0,0,0,0,2,0.6666666666666666,0.26666666666666666,0
legal-193,legal,simple,run_1,5.728710430674255,sat,1,5.728710430674255,sat,1.0,exact,6,0,0,0.0,0.0,0.0,0.0,8,7,7,0,0.5714285714285714,1,2,1,0.0,0.0,5,2,0.0,1,0,180,0.0,1,0,0,0,0.0,0,0,0,2,0.6666666666666666,0.26666666666666666,0
legal-194,legal,alpha_beta,run_1,0.08995311614125967,sat,1,0.13287611678242683,sat,1.477170802774216,exact,5,0,1,0.0,0.0,0.0,0.0,7,6,5,0,0.8333333333333334,0,1,0,0.0,0.0,6,1,0.0,1,0,0,0.0,1,0,0,0,0.0,0,0,1,2,0.6666666666666666,0.3333333333333333,0
legal-194,legal,epoch_days,run_1,0.03299167472869158,sat,1,0.13287611678242683,sat,4.027565071344185,exact,5,0,1,0.0,0.0,0.0,0.0,7,6,5,0,0.8333333333333334,0,1,0,0.0,0.0,6,1,0.0,1,0,0,0.0,1,0,0,0,0.0,0,0,1,2,0.6666666666666666,0.3333333333333333,0
legal-194,legal,hybrid_ymd,run_1,0.05542226042598486,sat,1,0.13287611678242683,sat,2.397522507402595,exact,5,0,1,0.0,0.0,0.0,0.0,7,6,5,0,0.8333333333333334,0,1,0,0.0,0.0,6,1,0.0,1,0,0,0.0,1,0,0,0,0.0,0,0,1,2,0.6666666666666666,0.3333333333333333,0
legal-194,legal,simple,run_1,0.13287611678242683,sat,1,0.13287611678242683,sat,1.0,exact,5,0,1,0.0,0.0,0.0,0.0,7,6,5,0,0.8333333333333334,0,1,0,0.0,0.0,6,1,0.0,1,0,0,0.0,1,0,0,0,0.0,0,0,1,2,0.6666666666666666,0.3333333333333333,0
legal-195,legal,alpha_beta,run_1,0.011953289620578289,sat,1,0.058466737158596516,sat,4.891267509986757,exact,4,0,0,0.0,0.0,0.0,0.0,6,2,2,0,0.5,0,1,0,0.0,0.0,2,2,0.0,3,0,0,0.0,1,0,0,0,0.0,0,0,0,2,0.5,0.3333333333333333,0
legal-195,legal,epoch_days,run_1,0.9643640350550413,sat,1,0.058466737158596516,sat,0.06062724762984293,exact,4,0,0,0.0,0.0,0.0,0.0,6,2,2,0,0.5,0,1,0,0.0,0.0,2,2,0.0,3,0,0,0.0,1,0,0,0,0.0,0,0,0,2,0.5,0.3333333333333333,0
legal-195,legal,hybrid_ymd,run_1,0.30492602847516537,sat,1,0.058466737158596516,sat,0.1917407229909805,exact,4,0,0,0.0,0.0,0.0,0.0,6,2,2,0,0.5,0,1,0,0.0,0.0,2,2,0.0,3,0,0,0.0,1,0,0,0,0.0,0,0,0,2,0.5,0.3333333333333333,0
legal-195,legal,simple,run_1,0.058466737158596516,sat,1,0.058466737158596516,sat,1.0,exact,4,0,0,0.0,0.0,0.0,0.0,6,2,2,0,0.5,0,1,0,0.0,0.0,2,2,0.0,3,0,0,0.0,1,0,0,0,0.0,0,0,0,2,0.5,0.3333333333333333,0
legal-196,legal,alpha_beta,run_1,0.006848705932497978,sat,1,0.008114984259009361,sat,1.184893078924988,exact,2,0,0,0.0,0.0,0.0,0.0,3,1,1,0,1.0,0,1,0,0.0,0.0,1,0,0.0,0,0,0,0.0,0,1,0,0,0.5,1,0,0,1,1.0,1.0,0
legal-196,legal,epoch_days,run_1,0.012529433704912663,sat,1,0.008114984259009361,sat,0.6476736658758615,exact,2,0,0,0.0,0.0,0.0,0.0,3,1,1,0,1.0,0,1,0,0.0,0.0,1,0,0.0,0,0,0,0.0,0,1,0,0,0.5,1,0,0,1,1.0,1.0,0
legal-196,legal,hybrid_ymd,run_1,0.007339085452258587,sat,1,0.008114984259009361,sat,1.1057214569578275,exact,2,0,0,0.0,0.0,0.0,0.0,3,1,1,0,1.0,0,1,0,0.0,0.0,1,0,0.0,0,0,0,0.0,0,1,0,0,0.5,1,0,0,1,1.0,1.0,0
legal-196,legal,simple,run_1,0.008114984259009361,sat,1,0.008114984259009361,sat,1.0,exact,2,0,0,0.0,0.0,0.0,0.0,3,1,1,0,1.0,0,1,0,0.0,0.0,1,0,0.0,0,0,0,0.0,0,1,0,0,0.5,1,0,0,1,1.0,1.0,0
legal-197,legal,alpha_beta,run_1,0.010709444992244244,sat,1,0.010625305585563183,sat,0.9921434391098704,exact,2,0,4,0.0,0.0,0.0,0.0,5,11,7,0,0.6363636363636364,4,1,2,0.8181818181818182,0.0,2,1,0.0,1,0,0,0.0,1,0,0,0,0.0,0,0,0,5,0.3333333333333333,0.06666666666666667,0
legal-197,legal,epoch_days,run_1,0.2497550779953599,sat,1,0.010625305585563183,sat,0.04254290111274769,exact,2,0,4,0.0,0.0,0.0,0.0,5,11,7,0,0.6363636363636364,4,1,2,0.8181818181818182,0.0,2,1,0.0,1,0,0,0.0,1,0,0,0,0.0,0,0,0,5,0.3333333333333333,0.06666666666666667,0
legal-197,legal,hybrid_ymd,run_1,0.02229474578052759,sat,1,0.010625305585563183,sat,0.4765833927939833,exact,2,0,4,0.0,0.0,0.0,0.0,5,11,7,0,0.6363636363636364,4,1,2,0.8181818181818182,0.0,2,1,0.0,1,0,0,0.0,1,0,0,0,0.0,0,0,0,5,0.3333333333333333,0.06666666666666667,0
legal-197,legal,simple,run_1,0.010625305585563183,sat,1,0.010625305585563183,sat,1.0,exact,2,0,4,0.0,0.0,0.0,0.0,5,11,7,0,0.6363636363636364,4,1,2,0.8181818181818182,0.0,2,1,0.0,1,0,0,0.0,1,0,0,0,0.0,0,0,0,5,0.3333333333333333,0.06666666666666667,0
legal-198,legal,alpha_beta,run_1,0.5413377890363336,sat,1,0.1459437245503068,sat,0.26959825732858883,exact,7,0,1,0.0,0.0,0.0,0.0,9,11,10,0,0.9090909090909091,1,1,1,0.18181818181818182,0.0,9,2,0.0,1,0,0,0.0,1,0,0,0,0.0,0,0,0,2,0.875,0.2857142857142857,0
legal-198,legal,epoch_days,run_1,2.4808629797771573,sat,1,0.1459437245503068,sat,0.058827805380616445,exact,7,0,1,0.0,0.0,0.0,0.0,9,11,10,0,0.9090909090909091,1,1,1,0.18181818181818182,0.0,9,2,0.0,1,0,0,0.0,1,0,0,0,0.0,0,0,0,2,0.875,0.2857142857142857,0
legal-198,legal,hybrid_ymd,run_1,0.2761849155649543,sat,1,0.1459437245503068,sat,0.5284275727071096,exact,7,0,1,0.0,0.0,0.0,0.0,9,11,10,0,0.9090909090909091,1,1,1,0.18181818181818182,0.0,9,2,0.0,1,0,0,0.0,1,0,0,0,0.0,0,0,0,2,0.875,0.2857142857142857,0
legal-198,legal,simple,run_1,0.1459437245503068,sat,1,0.1459437245503068,sat,1.0,exact,7,0,1,0.0,0.0,0.0,0.0,9,11,10,0,0.9090909090909091,1,1,1,0.18181818181818182,0.0,9,2,0.0,1,0,0,0.0,1,0,0,0,0.0,0,0,0,2,0.875,0.2857142857142857,0
legal-199,legal,alpha_beta,run_1,0.007116981782019138,sat,1,0.009458497166633606,sat,1.329003987410821,exact,2,0,2,0.0,0.0,0.0,0.0,4,5,3,0,0.6,1,1,1,0.6,0.0,2,1,0.0,1,0,0,0.0,1,0,0,0,0.0,0,0,1,3,0.5,0.16666666666666666,0
legal-199,legal,epoch_days,run_1,0.7673060707747936,sat,1,0.009458497166633606,sat,0.01232688952543124,exact,2,0,2,0.0,0.0,0.0,0.0,4,5,3,0,0.6,1,1,1,0.6,0.0,2,1,0.0,1,0,0,0.0,1,0,0,0,0.0,0,0,1,3,0.5,0.16666666666666666,0
legal-199,legal,hybrid_ymd,run_1,0.015388375148177147,sat,1,0.009458497166633606,sat,0.6146521043031646,exact,2,0,2,0.0,0.0,0.0,0.0,4,5,3,0,0.6,1,1,1,0.6,0.0,2,1,0.0,1,0,0,0.0,1,0,0,0,0.0,0,0,1,3,0.5,0.16666666666666666,0
legal-199,legal,simple,run_1,0.009458497166633606,sat,1,0.009458497166633606,sat,1.0,exact,2,0,2,0.0,0.0,0.0,0.0,4,5,3,0,0.6,1,1,1,0.6,0.0,2,1,0.0,1,0,0,0.0,1,0,0,0,0.0,0,0,1,3,0.5,0.16666666666666666,0
legal-2,legal,alpha_beta,run_1,0.7323574749752879,sat,1,0.018394512124359608,sat,0.02511684901554435,exact,8,0,2,0.0,0.0,0.0,0.0,10,15,12,0,0.8,3,1,2,0.5333333333333333,0.0,7,2,0.0,1,0,0,0.0,1,0,0,0,0.0,0,0,0,3,0.8,0.2,0
legal-2,legal,epoch_days,run_1,33.60859615448862,sat,1,0.018394512124359608,sat,0.0005473156938720546,exact,8,0,2,0.0,0.0,0.0,0.0,10,15,12,0,0.8,3,1,2,0.5333333333333333,0.0,7,2,0.0,1,0,0,0.0,1,0,0,0,0.0,0,0,0,3,0.8,0.2,0
legal-2,legal,hybrid_ymd,run_1,0.32634239085018635,sat,1,0.018394512124359608,sat,0.056365684140629944,exact,8,0,2,0.0,0.0,0.0,0.0,10,15,12,0,0.8,3,1,2,0.5333333333333333,0.0,7,2,0.0,1,0,0,0.0,1,0,0,0,0.0,0,0,0,3,0.8,0.2,0
legal-2,legal,simple,run_1,0.018394512124359608,sat,1,0.018394512124359608,sat,1.0,exact,8,0,2,0.0,0.0,0.0,0.0,10,15,12,0,0.8,3,1,2,0.5333333333333333,0.0,7,2,0.0,1,0,0,0.0,1,0,0,0,0.0,0,0,0,3,0.8,0.2,0
legal-20,legal,alpha_beta,run_1,0.13982243835926056,sat,1,0.04671258293092251,sat,0.33408502583039595,exact,5,0,2,0.0,0.0,0.0,0.0,7,9,6,0,0.6666666666666666,2,1,1,0.5555555555555556,0.0,4,2,0.0,1,6,0,0.0,1,0,0,0,0.0,0,0,0,4,0.42857142857142855,0.19047619047619047,0
legal-20,legal,epoch_days,run_1,0.22426521964371204,sat,1,0.04671258293092251,sat,0.20829169589976695,exact,5,0,2,0.0,0.0,0.0,0.0,7,9,6,0,0.6666666666666666,2,1,1,0.5555555555555556,0.0,4,2,0.0,1,6,0,0.0,1,0,0,0,0.0,0,0,0,4,0.42857142857142855,0.19047619047619047,0
legal-20,legal,hybrid_ymd,run_1,0.15105059277266264,sat,1,0.04671258293092251,sat,0.30925123876360333,exact,5,0,2,0.0,0.0,0.0,0.0,7,9,6,0,0.6666666666666666,2,1,1,0.5555555555555556,0.0,4,2,0.0,1,6,0,0.0,1,0,0,0,0.0,0,0,0,4,0.42857142857142855,0.19047619047619047,0
legal-20,legal,simple,run_1,0.04671258293092251,sat,1,0.04671258293092251,sat,1.0,exact,5,0,2,0.0,0.0,0.0,0.0,7,9,6,0,0.6666666666666666,2,1,1,0.5555555555555556,0.0,4,2,0.0,1,6,0,0.0,1,0,0,0,0.0,0,0,0,4,0.42857142857142855,0.19047619047619047,0
legal-200,legal,alpha_beta,run_1,60.002727393992245,timeout,0,2.404723782092333,sat,0.04007690794290636,upper,8,0,0,0.0,0.0,0.0,0.0,10,14,11,3,0.5,1,2,1,0.0,0.0,12,2,0.0,0,0,90,0.0,1,2,2,1,0.3125,0,0,0,1,1.0,0.32142857142857145,0
legal-200,legal,epoch_days,run_1,0.8562035178765655,sat,1,2.404723782092333,sat,2.808589000026755,exact,8,0,0,0.0,0.0,0.0,0.0,10,14,11,3,0.5,1,2,1,0.0,0.0,12,2,0.0,0,0,90,0.0,1,2,2,1,0.3125,0,0,0,1,1.0,0.32142857142857145,0
legal-200,legal,hybrid_ymd,run_1,43.09632943291217,sat,1,2.404723782092333,sat,0.05579880731689119,exact,8,0,0,0.0,0.0,0.0,0.0,10,14,11,3,0.5,1,2,1,0.0,0.0,12,2,0.0,0,0,90,0.0,1,2,2,1,0.3125,0,0,0,1,1.0,0.32142857142857145,0
legal-200,legal,simple,run_1,2.404723782092333,sat,1,2.404723782092333,sat,1.0,exact,8,0,0,0.0,0.0,0.0,0.0,10,14,11,3,0.5,1,2,1,0.0,0.0,12,2,0.0,0,0,90,0.0,1,2,2,1,0.3125,0,0,0,1,1.0,0.32142857142857145,0
legal-21,legal,alpha_beta,run_1,0.018757041543722153,sat,1,0.02739804983139038,sat,1.4606807671415705,exact,3,1,2,0.0,0.0,0.0,0.0,5,11,6,1,0.5454545454545454,4,1,2,0.8181818181818182,0.16666666666666666,2,1,0.0,1,0,0,0.0,1,1,0,0,0.14285714285714285,0,0,0,3,0.6666666666666666,0.26666666666666666,1
legal-21,legal,epoch_days,run_1,0.09836995787918568,sat,1,0.02739804983139038,sat,0.2785204997753445,exact,3,1,2,0.0,0.0,0.0,0.0,5,11,6,1,0.5454545454545454,4,1,2,0.8181818181818182,0.16666666666666666,2,1,0.0,1,0,0,0.0,1,1,0,0,0.14285714285714285,0,0,0,3,0.6666666666666666,0.26666666666666666,1
legal-21,legal,hybrid_ymd,run_1,0.03151120711117983,sat,1,0.02739804983139038,sat,0.8694700185468254,exact,3,1,2,0.0,0.0,0.0,0.0,5,11,6,1,0.5454545454545454,4,1,2,0.8181818181818182,0.16666666666666666,2,1,0.0,1,0,0,0.0,1,1,0,0,0.14285714285714285,0,0,0,3,0.6666666666666666,0.26666666666666666,1
legal-21,legal,simple,run_1,0.02739804983139038,sat,1,0.02739804983139038,sat,1.0,exact,3,1,2,0.0,0.0,0.0,0.0,5,11,6,1,0.5454545454545454,4,1,2,0.8181818181818182,0.16666666666666666,2,1,0.0,1,0,0,0.0,1,1,0,0,0.14285714285714285,0,0,0,3,0.6666666666666666,0.26666666666666666,1
legal-22,legal,alpha_beta,run_1,0.004709398373961449,sat,1,0.006807724945247173,sat,1.4455614931383807,exact,1,0,1,0.0,0.0,0.0,0.0,2,2,1,0,0.5,1,1,1,1.0,1.0,0,0,0.0,0,0,0,0.0,0,0,0,0,0.0,0,0,1,2,0.5,0.0,0
legal-22,legal,epoch_days,run_1,0.00935159157961607,sat,1,0.006807724945247173,sat,0.7279750069588331,exact,1,0,1,0.0,0.0,0.0,0.0,2,2,1,0,0.5,1,1,1,1.0,1.0,0,0,0.0,0,0,0,0.0,0,0,0,0,0.0,0,0,1,2,0.5,0.0,0
legal-22,legal,hybrid_ymd,run_1,0.006316370330750942,sat,1,0.006807724945247173,sat,1.0777906596299611,exact,1,0,1,0.0,0.0,0.0,0.0,2,2,1,0,0.5,1,1,1,1.0,1.0,0,0,0.0,0,0,0,0.0,0,0,0,0,0.0,0,0,1,2,0.5,0.0,0
legal-22,legal,simple,run_1,0.006807724945247173,sat,1,0.006807724945247173,sat,1.0,exact,1,0,1,0.0,0.0,0.0,0.0,2,2,1,0,0.5,1,1,1,1.0,1.0,0,0,0.0,0,0,0,0.0,0,0,0,0,0.0,0,0,1,2,0.5,0.0,0
legal-23,legal,alpha_beta,run_1,5.877627884969115,sat,1,0.05663207359611988,sat,0.009635192071438436,exact,8,0,3,0.0,0.0,0.0,0.0,16,20,16,0,0.8,2,1,2,0.4,0.0,12,4,0.0,1,0,0,0.0,1,0,0,0,0.0,0,0,0,5,0.36363636363636365,0.12727272727272726,0
legal-23,legal,epoch_days,run_1,23.207760522142053,sat,1,0.05663207359611988,sat,0.0024402213881037065,exact,8,0,3,0.0,0.0,0.0,0.0,16,20,16,0,0.8,2,1,2,0.4,0.0,12,4,0.0,1,0,0,0.0,1,0,0,0,0.0,0,0,0,5,0.36363636363636365,0.12727272727272726,0
legal-23,legal,hybrid_ymd,run_1,0.2002474209293723,sat,1,0.05663207359611988,sat,0.282810501794648,exact,8,0,3,0.0,0.0,0.0,0.0,16,20,16,0,0.8,2,1,2,0.4,0.0,12,4,0.0,1,0,0,0.0,1,0,0,0,0.0,0,0,0,5,0.36363636363636365,0.12727272727272726,0
legal-23,legal,simple,run_1,0.05663207359611988,sat,1,0.05663207359611988,sat,1.0,exact,8,0,3,0.0,0.0,0.0,0.0,16,20,16,0,0.8,2,1,2,0.4,0.0,12,4,0.0,1,0,0,0.0,1,0,0,0,0.0,0,0,0,5,0.36363636363636365,0.12727272727272726,0
legal-24,legal,alpha_beta,run_1,60.00267626531422,timeout,0,3.818504136055708,sat,0.06363889702471609,upper,15,0,6,0.0,0.0,0.0,0.0,19,23,14,0,0.6086956521739131,7,1,2,0.782608695652174,0.0,5,3,0.0,1,0,90,0.0,1,0,0,0,0.0,0,0,0,11,0.2857142857142857,0.05714285714285714,0
legal-24,legal,epoch_days,run_1,0.08721365686506033,sat,1,3.818504136055708,sat,43.78332790200296,exact,15,0,6,0.0,0.0,0.0,0.0,19,23,14,0,0.6086956521739131,7,1,2,0.782608695652174,0.0,5,3,0.0,1,0,90,0.0,1,0,0,0,0.0,0,0,0,11,0.2857142857142857,0.05714285714285714,0
legal-24,legal,hybrid_ymd,run_1,0.7066452307626605,sat,1,3.818504136055708,sat,5.403707503883545,exact,15,0,6,0.0,0.0,0.0,0.0,19,23,14,0,0.6086956521739131,7,1,2,0.782608695652174,0.0,5,3,0.0,1,0,90,0.0,1,0,0,0,0.0,0,0,0,11,0.2857142857142857,0.05714285714285714,0
legal-24,legal,simple,run_1,3.818504136055708,sat,1,3.818504136055708,sat,1.0,exact,15,0,6,0.0,0.0,0.0,0.0,19,23,14,0,0.6086956521739131,7,1,2,0.782608695652174,0.0,5,3,0.0,1,0,90,0.0,1,0,0,0,0.0,0,0,0,11,0.2857142857142857,0.05714285714285714,0
legal-25,legal,alpha_beta,run_1,0.4713190170004964,sat,1,0.7284689852967858,sat,1.5455964198788494,exact,10,0,5,0.0,0.0,0.0,0.0,15,18,12,0,0.5555555555555556,6,1,2,0.7777777777777778,0.0,4,3,0.0,4,0,0,0.0,1,0,0,0,0.0,0,0,1,9,0.3333333333333333,0.06666666666666667,0
legal-25,legal,epoch_days,run_1,0.9156534262001514,sat,1,0.7284689852967858,sat,0.7955728275050988,exact,10,0,5,0.0,0.0,0.0,0.0,15,18,12,0,0.5555555555555556,6,1,2,0.7777777777777778,0.0,4,3,0.0,4,0,0,0.0,1,0,0,0,0.0,0,0,1,9,0.3333333333333333,0.06666666666666667,0
legal-25,legal,hybrid_ymd,run_1,0.32718688156455755,sat,1,0.7284689852967858,sat,2.226461470011752,exact,10,0,5,0.0,0.0,0.0,0.0,15,18,12,0,0.5555555555555556,6,1,2,0.7777777777777778,0.0,4,3,0.0,4,0,0,0.0,1,0,0,0,0.0,0,0,1,9,0.3333333333333333,0.06666666666666667,0
legal-25,legal,simple,run_1,0.7284689852967858,sat,1,0.7284689852967858,sat,1.0,exact,10,0,5,0.0,0.0,0.0,0.0,15,18,12,0,0.5555555555555556,6,1,2,0.7777777777777778,0.0,4,3,0.0,4,0,0,0.0,1,0,0,0,0.0,0,0,1,9,0.3333333333333333,0.06666666666666667,0
legal-26,legal,alpha_beta,run_1,0.006253622472286224,sat,1,0.007733172737061977,sat,1.2365909153186943,exact,1,0,3,0.0,0.0,0.0,0.0,4,6,3,0,0.5,3,1,1,1.0,0.0,0,0,0.0,0,0,0,0.0,0,0,0,0,0.0,0,0,1,4,0.25,0.0,0
legal-26,legal,epoch_days,run_1,0.011412854306399822,sat,1,0.007733172737061977,sat,0.6775844612969043,exact,1,0,3,0.0,0.0,0.0,0.0,4,6,3,0,0.5,3,1,1,1.0,0.0,0,0,0.0,0,0,0,0.0,0,0,0,0,0.0,0,0,1,4,0.25,0.0,0
legal-26,legal,hybrid_ymd,run_1,0.006761855445802212,sat,1,0.007733172737061977,sat,1.1436465625515202,exact,1,0,3,0.0,0.0,0.0,0.0,4,6,3,0,0.5,3,1,1,1.0,0.0,0,0,0.0,0,0,0,0.0,0,0,0,0,0.0,0,0,1,4,0.25,0.0,0
legal-26,legal,simple,run_1,0.007733172737061977,sat,1,0.007733172737061977,sat,1.0,exact,1,0,3,0.0,0.0,0.0,0.0,4,6,3,0,0.5,3,1,1,1.0,0.0,0,0,0.0,0,0,0,0.0,0,0,0,0,0.0,0,0,1,4,0.25,0.0,0
legal-27,legal,alpha_beta,run_1,0.5322974855080247,sat,1,0.1837334781885147,sat,0.3451706671376805,exact,7,1,0,0.0,0.0,0.0,0.0,10,13,11,2,1.0,0,1,1,0.0,0.0,13,3,0.0,10,0,0,0.0,1,0,0,0,0.0,0,0,0,2,0.875,0.32142857142857145,0
legal-27,legal,epoch_days,run_1,24.21849795524031,sat,1,0.1837334781885147,sat,0.007586493535977492,exact,7,1,0,0.0,0.0,0.0,0.0,10,13,11,2,1.0,0,1,1,0.0,0.0,13,3,0.0,10,0,0,0.0,1,0,0,0,0.0,0,0,0,2,0.875,0.32142857142857145,0
legal-27,legal,hybrid_ymd,run_1,0.1669503776356578,sat,1,0.1837334781885147,sat,1.1005274788265729,exact,7,1,0,0.0,0.0,0.0,0.0,10,13,11,2,1.0,0,1,1,0.0,0.0,13,3,0.0,10,0,0,0.0,1,0,0,0,0.0,0,0,0,2,0.875,0.32142857142857145,0
legal-27,legal,simple,run_1,0.1837334781885147,sat,1,0.1837334781885147,sat,1.0,exact,7,1,0,0.0,0.0,0.0,0.0,10,13,11,2,1.0,0,1,1,0.0,0.0,13,3,0.0,10,0,0,0.0,1,0,0,0,0.0,0,0,0,2,0.875,0.32142857142857145,0
legal-28,legal,alpha_beta,run_1,0.015156730078160763,sat,1,0.010519607923924923,sat,0.6940552394663648,exact,4,0,2,0.0,0.0,0.0,0.0,6,6,4,0,0.5,2,1,2,0.8333333333333334,0.0,1,1,0.0,5,0,0,0.0,1,0,0,0,0.0,0,0,0,4,0.5,0.2,0
legal-28,legal,epoch_days,run_1,0.28299582097679377,sat,1,0.010519607923924923,sat,0.037172308367011374,exact,4,0,2,0.0,0.0,0.0,0.0,6,6,4,0,0.5,2,1,2,0.8333333333333334,0.0,1,1,0.0,5,0,0,0.0,1,0,0,0,0.0,0,0,0,4,0.5,0.2,0
legal-28,legal,hybrid_ymd,run_1,0.01207207515835762,sat,1,0.010519607923924923,sat,0.8714001350995642,exact,4,0,2,0.0,0.0,0.0,0.0,6,6,4,0,0.5,2,1,2,0.8333333333333334,0.0,1,1,0.0,5,0,0,0.0,1,0,0,0,0.0,0,0,0,4,0.5,0.2,0
legal-28,legal,simple,run_1,0.010519607923924923,sat,1,0.010519607923924923,sat,1.0,exact,4,0,2,0.0,0.0,0.0,0.0,6,6,4,0,0.5,2,1,2,0.8333333333333334,0.0,1,1,0.0,5,0,0,0.0,1,0,0,0,0.0,0,0,0,4,0.5,0.2,0
legal-29,legal,alpha_beta,run_1,0.014050906524062157,sat,1,0.01835635956376791,sat,1.3064181682749558,exact,4,0,1,0.0,0.0,0.0,0.0,5,6,5,0,0.8333333333333334,1,1,1,0.3333333333333333,0.0,4,0,0.0,0,0,0,0.0,0,0,0,0,0.0,0,0,0,2,0.8,0.4,0
legal-29,legal,epoch_days,run_1,0.0047573186457157135,sat,1,0.01835635956376791,sat,3.8585516192612093,exact,4,0,1,0.0,0.0,0.0,0.0,5,6,5,0,0.8333333333333334,1,1,1,0.3333333333333333,0.0,4,0,0.0,0,0,0,0.0,0,0,0,0,0.0,0,0,0,2,0.8,0.4,0
legal-29,legal,hybrid_ymd,run_1,0.02545878477394581,sat,1,0.01835635956376791,sat,0.7210226146596586,exact,4,0,1,0.0,0.0,0.0,0.0,5,6,5,0,0.8333333333333334,1,1,1,0.3333333333333333,0.0,4,0,0.0,0,0,0,0.0,0,0,0,0,0.0,0,0,0,2,0.8,0.4,0
legal-29,legal,simple,run_1,0.01835635956376791,sat,1,0.01835635956376791,sat,1.0,exact,4,0,1,0.0,0.0,0.0,0.0,5,6,5,0,0.8333333333333334,1,1,1,0.3333333333333333,0.0,4,0,0.0,0,0,0,0.0,0,0,0,0,0.0,0,0,0,2,0.8,0.4,0
legal-3,legal,alpha_beta,run_1,0.008723803795874119,sat,1,0.007884840480983257,sat,0.9038305612412277,exact,2,1,1,0.0,0.0,0.0,0.0,4,6,3,1,0.16666666666666666,2,1,1,0.6666666666666666,0.0,2,0,0.0,0,0,0,0.0,0,1,0,0,0.25,1,0,1,2,0.75,0.5,1
legal-3,legal,epoch_days,run_1,0.1447621677070856,sat,1,0.007884840480983257,sat,0.054467549124696625,exact,2,1,1,0.0,0.0,0.0,0.0,4,6,3,1,0.16666666666666666,2,1,1,0.6666666666666666,0.0,2,0,0.0,0,0,0,0.0,0,1,0,0,0.25,1,0,1,2,0.75,0.5,1
legal-3,legal,hybrid_ymd,run_1,0.012360448949038982,sat,1,0.007884840480983257,sat,0.6379089071514914,exact,2,1,1,0.0,0.0,0.0,0.0,4,6,3,1,0.16666666666666666,2,1,1,0.6666666666666666,0.0,2,0,0.0,0,0,0,0.0,0,1,0,0,0.25,1,0,1,2,0.75,0.5,1
legal-3,legal,simple,run_1,0.007884840480983257,sat,1,0.007884840480983257,sat,1.0,exact,2,1,1,0.0,0.0,0.0,0.0,4,6,3,1,0.16666666666666666,2,1,1,0.6666666666666666,0.0,2,0,0.0,0,0,0,0.0,0,1,0,0,0.25,1,0,1,2,0.75,0.5,1
legal-30,legal,alpha_beta,run_1,0.00528599601238966,sat,1,0.006702013313770294,sat,1.267880887170872,exact,1,0,1,0.0,0.0,0.0,0.0,4,7,5,0,0.7142857142857143,2,1,2,0.8571428571428571,0.4,1,0,0.0,0,0,0,0.0,0,0,0,0,0.0,0,0,1,2,0.5,0.0,0
legal-30,legal,epoch_days,run_1,0.008639257401227951,sat,1,0.006702013313770294,sat,0.7757626613622712,exact,1,0,1,0.0,0.0,0.0,0.0,4,7,5,0,0.7142857142857143,2,1,2,0.8571428571428571,0.4,1,0,0.0,0,0,0,0.0,0,0,0,0,0.0,0,0,1,2,0.5,0.0,0
legal-30,legal,hybrid_ymd,run_1,0.006940043531358242,sat,1,0.006702013313770294,sat,0.9657019128896785,exact,1,0,1,0.0,0.0,0.0,0.0,4,7,5,0,0.7142857142857143,2,1,2,0.8571428571428571,0.4,1,0,0.0,0,0,0,0.0,0,0,0,0,0.0,0,0,1,2,0.5,0.0,0
legal-30,legal,simple,run_1,0.006702013313770294,sat,1,0.006702013313770294,sat,1.0,exact,1,0,1,0.0,0.0,0.0,0.0,4,7,5,0,0.7142857142857143,2,1,2,0.8571428571428571,0.4,1,0,0.0,0,0,0,0.0,0,0,0,0,0.0,0,0,1,2,0.5,0.0,0
legal-31,legal,alpha_beta,run_1,0.5528153162449598,sat,1,0.8534081624820828,sat,1.5437491281517357,exact,3,0,4,0.0,0.0,0.0,0.0,5,10,4,0,0.4,4,1,2,0.9,0.0,1,2,0.0,0,0,90,0.0,1,0,0,0,0.0,0,0,0,6,0.2857142857142857,0.047619047619047616,0
legal-31,legal,epoch_days,run_1,0.004794481210410595,sat,1,0.8534081624820828,sat,177.9980200212314,exact,3,0,4,0.0,0.0,0.0,0.0,5,10,4,0,0.4,4,1,2,0.9,0.0,1,2,0.0,0,0,90,0.0,1,0,0,0,0.0,0,0,0,6,0.2857142857142857,0.047619047619047616,0
legal-31,legal,hybrid_ymd,run_1,0.01370704174041748,sat,1,0.8534081624820828,sat,62.26056494492664,exact,3,0,4,0.0,0.0,0.0,0.0,5,10,4,0,0.4,4,1,2,0.9,0.0,1,2,0.0,0,0,90,0.0,1,0,0,0,0.0,0,0,0,6,0.2857142857142857,0.047619047619047616,0
legal-31,legal,simple,run_1,0.8534081624820828,sat,1,0.8534081624820828,sat,1.0,exact,3,0,4,0.0,0.0,0.0,0.0,5,10,4,0,0.4,4,1,2,0.9,0.0,1,2,0.0,0,0,90,0.0,1,0,0,0,0.0,0,0,0,6,0.2857142857142857,0.047619047619047616,0
legal-32,legal,alpha_beta,run_1,0.04561432730406523,sat,1,0.013084396719932556,sat,0.2868483981515705,exact,5,0,0,0.0,0.0,0.0,0.0,8,6,6,0,0.6666666666666666,0,1,0,0.0,0.0,6,2,0.0,1,4,0,0.0,1,1,1,0,0.25,1,0,0,1,1.0,0.5,0
legal-32,legal,epoch_days,run_1,6.196388672105968,sat,1,0.013084396719932556,sat,0.002111616525740881,exact,5,0,0,0.0,0.0,0.0,0.0,8,6,6,0,0.6666666666666666,0,1,0,0.0,0.0,6,2,0.0,1,4,0,0.0,1,1,1,0,0.25,1,0,0,1,1.0,0.5,0
legal-32,legal,hybrid_ymd,run_1,0.14414972811937332,sat,1,0.013084396719932556,sat,0.09076948594101475,exact,5,0,0,0.0,0.0,0.0,0.0,8,6,6,0,0.6666666666666666,0,1,0,0.0,0.0,6,2,0.0,1,4,0,0.0,1,1,1,0,0.25,1,0,0,1,1.0,0.5,0
legal-32,legal,simple,run_1,0.013084396719932556,sat,1,0.013084396719932556,sat,1.0,exact,5,0,0,0.0,0.0,0.0,0.0,8,6,6,0,0.6666666666666666,0,1,0,0.0,0.0,6,2,0.0,1,4,0,0.0,1,1,1,0,0.25,1,0,0,1,1.0,0.5,0
legal-33,legal,alpha_beta,run_1,0.06095852982252836,sat,1,0.011790305376052856,sat,0.19341518587109247,exact,2,1,1,0.0,0.0,0.0,0.0,4,8,4,1,0.5,3,1,1,0.75,0.25,2,1,0.0,1,0,0,0.0,1,1,0,0,0.2,0,0,0,2,0.75,0.3333333333333333,1
legal-33,legal,epoch_days,run_1,0.12832331284880638,sat,1,0.011790305376052856,sat,0.09187968354545584,exact,2,1,1,0.0,0.0,0.0,0.0,4,8,4,1,0.5,3,1,1,0.75,0.25,2,1,0.0,1,0,0,0.0,1,1,0,0,0.2,0,0,0,2,0.75,0.3333333333333333,1
legal-33,legal,hybrid_ymd,run_1,0.01338788028806448,sat,1,0.011790305376052856,sat,0.8806700629497047,exact,2,1,1,0.0,0.0,0.0,0.0,4,8,4,1,0.5,3,1,1,0.75,0.25,2,1,0.0,1,0,0,0.0,1,1,0,0,0.2,0,0,0,2,0.75,0.3333333333333333,1
legal-33,legal,simple,run_1,0.011790305376052856,sat,1,0.011790305376052856,sat,1.0,exact,2,1,1,0.0,0.0,0.0,0.0,4,8,4,1,0.5,3,1,1,0.75,0.25,2,1,0.0,1,0,0,0.0,1,1,0,0,0.2,0,0,0,2,0.75,0.3333333333333333,1
legal-34,legal,alpha_beta,run_1,0.0360288480296731,sat,1,0.027917122468352318,sat,0.7748547065773509,exact,4,0,3,0.2222222222222222,0.3333333333333333,0.0,0.0,10,10,7,0,0.4,2,1,1,0.5,0.5,5,2,0.0,1,0,1,0.0,1,0,0,0,0.0,0,0,1,5,0.4444444444444444,0.1111111111111111,0
legal-34,legal,epoch_days,run_1,0.35714913811534643,sat,1,0.027917122468352318,sat,0.07816656821760573,exact,4,0,3,0.2222222222222222,0.3333333333333333,0.0,0.0,10,10,7,0,0.4,2,1,1,0.5,0.5,5,2,0.0,1,0,1,0.0,1,0,0,0,0.0,0,0,1,5,0.4444444444444444,0.1111111111111111,0
legal-34,legal,hybrid_ymd,run_1,0.014502089470624924,sat,1,0.027917122468352318,sat,1.9250413897183958,exact,4,0,3,0.2222222222222222,0.3333333333333333,0.0,0.0,10,10,7,0,0.4,2,1,1,0.5,0.5,5,2,0.0,1,0,1,0.0,1,0,0,0,0.0,0,0,1,5,0.4444444444444444,0.1111111111111111,0
legal-34,legal,simple,run_1,0.027917122468352318,sat,1,0.027917122468352318,sat,1.0,exact,4,0,3,0.2222222222222222,0.3333333333333333,0.0,0.0,10,10,7,0,0.4,2,1,1,0.5,0.5,5,2,0.0,1,0,1,0.0,1,0,0,0,0.0,0,0,1,5,0.4444444444444444,0.1111111111111111,0
legal-35,legal,alpha_beta,run_1,6.102653058245778,sat,1,1.527145872823894,sat,0.2502429448714025,exact,8,0,2,0.0,0.0,0.0,0.0,10,12,7,0,0.4166666666666667,5,1,1,0.8333333333333334,0.0,2,2,0.0,1,2,15,0.5,1,0,0,0,0.0,0,0,0,5,0.4,0.1111111111111111,0
legal-35,legal,epoch_days,run_1,0.44964536279439926,sat,1,1.527145872823894,sat,3.396334087230836,exact,8,0,2,0.0,0.0,0.0,0.0,10,12,7,0,0.4166666666666667,5,1,1,0.8333333333333334,0.0,2,2,0.0,1,2,15,0.5,1,0,0,0,0.0,0,0,0,5,0.4,0.1111111111111111,0
legal-35,legal,hybrid_ymd,run_1,0.18916969653218985,sat,1,1.527145872823894,sat,8.072888527175012,exact,8,0,2,0.0,0.0,0.0,0.0,10,12,7,0,0.4166666666666667,5,1,1,0.8333333333333334,0.0,2,2,0.0,1,2,15,0.5,1,0,0,0,0.0,0,0,0,5,0.4,0.1111111111111111,0
legal-35,legal,simple,run_1,1.527145872823894,sat,1,1.527145872823894,sat,1.0,exact,8,0,2,0.0,0.0,0.0,0.0,10,12,7,0,0.4166666666666667,5,1,1,0.8333333333333334,0.0,2,2,0.0,1,2,15,0.5,1,0,0,0,0.0,0,0,0,5,0.4,0.1111111111111111,0
legal-36,legal,alpha_beta,run_1,60.003682317212224,timeout,0,3.743023758754134,sat,0.062379900936187,upper,32,4,7,0.0,0.0,0.0,0.0,47,36,23,4,0.6111111111111112,10,2,2,0.6111111111111112,0.22727272727272727,12,10,0.0,10,6,90,0.0,1,1,0,0,0.041666666666666664,2,0,1,24,0.20930232558139536,0.021040974529346623,1
legal-36,legal,epoch_days,run_1,50.26677228137851,sat,1,3.743023758754134,sat,0.07446318092201734,exact,32,4,7,0.0,0.0,0.0,0.0,47,36,23,4,0.6111111111111112,10,2,2,0.6111111111111112,0.22727272727272727,12,10,0.0,10,6,90,0.0,1,1,0,0,0.041666666666666664,2,0,1,24,0.20930232558139536,0.021040974529346623,1
legal-36,legal,hybrid_ymd,run_1,55.437303646467626,sat,1,3.743023758754134,sat,0.0675181423437183,exact,32,4,7,0.0,0.0,0.0,0.0,47,36,23,4,0.6111111111111112,10,2,2,0.6111111111111112,0.22727272727272727,12,10,0.0,10,6,90,0.0,1,1,0,0,0.041666666666666664,2,0,1,24,0.20930232558139536,0.021040974529346623,1
legal-36,legal,simple,run_1,3.743023758754134,sat,1,3.743023758754134,sat,1.0,exact,32,4,7,0.0,0.0,0.0,0.0,47,36,23,4,0.6111111111111112,10,2,2,0.6111111111111112,0.22727272727272727,12,10,0.0,10,6,90,0.0,1,1,0,0,0.041666666666666664,2,0,1,24,0.20930232558139536,0.021040974529346623,1
legal-37,legal,alpha_beta,run_1,27.69467145949602,sat,1,10.869967893697321,sat,0.3924931158542485,exact,8,0,1,0.0,0.0,0.0,0.0,12,11,10,0,0.9090909090909091,1,1,1,0.18181818181818182,0.0,9,4,0.0,1,0,270,0.0,1,0,0,0,0.0,0,0,0,3,0.6666666666666666,0.19444444444444445,0
legal-37,legal,epoch_days,run_1,6.0468392334878445,sat,1,10.869967893697321,sat,1.7976280621946474,exact,8,0,1,0.0,0.0,0.0,0.0,12,11,10,0,0.9090909090909091,1,1,1,0.18181818181818182,0.0,9,4,0.0,1,0,270,0.0,1,0,0,0,0.0,0,0,0,3,0.6666666666666666,0.19444444444444445,0
legal-37,legal,hybrid_ymd,run_1,0.51913907751441,sat,1,10.869967893697321,sat,20.938450531872352,exact,8,0,1,0.0,0.0,0.0,0.0,12,11,10,0,0.9090909090909091,1,1,1,0.18181818181818182,0.0,9,4,0.0,1,0,270,0.0,1,0,0,0,0.0,0,0,0,3,0.6666666666666666,0.19444444444444445,0
legal-37,legal,simple,run_1,10.869967893697321,sat,1,10.869967893697321,sat,1.0,exact,8,0,1,0.0,0.0,0.0,0.0,12,11,10,0,0.9090909090909091,1,1,1,0.18181818181818182,0.0,9,4,0.0,1,0,270,0.0,1,0,0,0,0.0,0,0,0,3,0.6666666666666666,0.19444444444444445,0
legal-38,legal,alpha_beta,run_1,0.009888955391943455,sat,1,0.029153995215892792,sat,2.9481369932808668,exact,4,0,0,0.0,0.0,0.0,0.0,7,3,3,0,0.0,0,1,0,0.0,0.0,3,2,0.0,3,0,0,0.0,1,1,0,0,0.25,1,0,0,2,0.75,0.3333333333333333,0
legal-38,legal,epoch_days,run_1,60.00213901139796,timeout,0,0.029153995215892792,sat,0.00048588259845794366,upper,4,0,0,0.0,0.0,0.0,0.0,7,3,3,0,0.0,0,1,0,0.0,0.0,3,2,0.0,3,0,0,0.0,1,1,0,0,0.25,1,0,0,2,0.75,0.3333333333333333,0
legal-38,legal,hybrid_ymd,run_1,0.02895384095609188,sat,1,0.029153995215892792,sat,1.0069128741884175,exact,4,0,0,0.0,0.0,0.0,0.0,7,3,3,0,0.0,0,1,0,0.0,0.0,3,2,0.0,3,0,0,0.0,1,1,0,0,0.25,1,0,0,2,0.75,0.3333333333333333,0
legal-38,legal,simple,run_1,0.029153995215892792,sat,1,0.029153995215892792,sat,1.0,exact,4,0,0,0.0,0.0,0.0,0.0,7,3,3,0,0.0,0,1,0,0.0,0.0,3,2,0.0,3,0,0,0.0,1,1,0,0,0.25,1,0,0,2,0.75,0.3333333333333333,0
legal-39,legal,alpha_beta,run_1,0.748935716226697,sat,1,0.21556793712079525,sat,0.2878323632459058,exact,7,0,4,0.0,0.0,0.0,0.0,12,14,10,0,0.6428571428571429,3,1,1,0.42857142857142855,0.0,8,5,0.0,19,6,0,0.0,1,0,0,0,0.0,0,0,0,5,0.6363636363636364,0.14545454545454545,0
legal-39,legal,epoch_days,run_1,60.00266144890338,timeout,0,0.21556793712079525,sat,0.0035926395915682335,upper,7,0,4,0.0,0.0,0.0,0.0,12,14,10,0,0.6428571428571429,3,1,1,0.42857142857142855,0.0,8,5,0.0,19,6,0,0.0,1,0,0,0,0.0,0,0,0,5,0.6363636363636364,0.14545454545454545,0
legal-39,legal,hybrid_ymd,run_1,1.1667503286153078,sat,1,0.21556793712079525,sat,0.1847592684003183,exact,7,0,4,0.0,0.0,0.0,0.0,12,14,10,0,0.6428571428571429,3,1,1,0.42857142857142855,0.0,8,5,0.0,19,6,0,0.0,1,0,0,0,0.0,0,0,0,5,0.6363636363636364,0.14545454545454545,0
legal-39,legal,simple,run_1,0.21556793712079525,sat,1,0.21556793712079525,sat,1.0,exact,7,0,4,0.0,0.0,0.0,0.0,12,14,10,0,0.6428571428571429,3,1,1,0.42857142857142855,0.0,8,5,0.0,19,6,0,0.0,1,0,0,0,0.0,0,0,0,5,0.6363636363636364,0.14545454545454545,0
legal-4,legal,alpha_beta,run_1,0.06096071097999811,sat,1,0.09466331079602242,sat,1.552857722198852,exact,4,0,1,0.0,0.0,0.0,0.0,6,8,5,0,0.5,3,1,1,0.75,0.0,2,3,0.0,0,6,0,0.0,1,0,0,0,0.0,0,0,0,2,0.8,0.4,0
legal-4,legal,epoch_days,run_1,0.2552278358489275,sat,1,0.09466331079602242,sat,0.37089728274017414,exact,4,0,1,0.0,0.0,0.0,0.0,6,8,5,0,0.5,3,1,1,0.75,0.0,2,3,0.0,0,6,0,0.0,1,0,0,0,0.0,0,0,0,2,0.8,0.4,0
legal-4,legal,hybrid_ymd,run_1,0.1598142245784402,sat,1,0.09466331079602242,sat,0.5923334487009926,exact,4,0,1,0.0,0.0,0.0,0.0,6,8,5,0,0.5,3,1,1,0.75,0.0,2,3,0.0,0,6,0,0.0,1,0,0,0,0.0,0,0,0,2,0.8,0.4,0
legal-4,legal,simple,run_1,0.09466331079602242,sat,1,0.09466331079602242,sat,1.0,exact,4,0,1,0.0,0.0,0.0,0.0,6,8,5,0,0.5,3,1,1,0.75,0.0,2,3,0.0,0,6,0,0.0,1,0,0,0,0.0,0,0,0,2,0.8,0.4,0
legal-40,legal,alpha_beta,run_1,0.17992609832435846,sat,1,0.013510223478078842,sat,0.07508762544121607,exact,5,0,1,0.0,0.0,0.0,0.0,6,6,5,0,0.8333333333333334,1,1,1,0.3333333333333333,0.2,4,1,0.0,1,0,0,0.0,1,0,0,0,0.0,0,0,0,2,0.8333333333333334,0.26666666666666666,0
legal-40,legal,epoch_days,run_1,0.1586492694914341,sat,1,0.013510223478078842,sat,0.08515780451676329,exact,5,0,1,0.0,0.0,0.0,0.0,6,6,5,0,0.8333333333333334,1,1,1,0.3333333333333333,0.2,4,1,0.0,1,0,0,0.0,1,0,0,0,0.0,0,0,0,2,0.8333333333333334,0.26666666666666666,0
legal-40,legal,hybrid_ymd,run_1,0.04054298531264067,sat,1,0.013510223478078842,sat,0.3332320837722467,exact,5,0,1,0.0,0.0,0.0,0.0,6,6,5,0,0.8333333333333334,1,1,1,0.3333333333333333,0.2,4,1,0.0,1,0,0,0.0,1,0,0,0,0.0,0,0,0,2,0.8333333333333334,0.26666666666666666,0
legal-40,legal,simple,run_1,0.013510223478078842,sat,1,0.013510223478078842,sat,1.0,exact,5,0,1,0.0,0.0,0.0,0.0,6,6,5,0,0.8333333333333334,1,1,1,0.3333333333333333,0.2,4,1,0.0,1,0,0,0.0,1,0,0,0,0.0,0,0,0,2,0.8333333333333334,0.26666666666666666,0
legal-41,legal,alpha_beta,run_1,0.2904221937060356,sat,1,0.17749938182532787,sat,0.6111770576493619,exact,9,0,2,0.0,0.0,0.0,0.0,11,13,9,0,0.5384615384615384,5,2,1,0.6153846153846154,0.0,3,3,0.0,1,6,0,0.0,1,0,0,0,0.0,0,0,0,6,0.2727272727272727,0.10909090909090909,0
legal-41,legal,epoch_days,run_1,0.9517304785549641,sat,1,0.17749938182532787,sat,0.18650173113592997,exact,9,0,2,0.0,0.0,0.0,0.0,11,13,9,0,0.5384615384615384,5,2,1,0.6153846153846154,0.0,3,3,0.0,1,6,0,0.0,1,0,0,0,0.0,0,0,0,6,0.2727272727272727,0.10909090909090909,0
legal-41,legal,hybrid_ymd,run_1,0.8689679047092795,sat,1,0.17749938182532787,sat,0.20426460041088834,exact,9,0,2,0.0,0.0,0.0,0.0,11,13,9,0,0.5384615384615384,5,2,1,0.6153846153846154,0.0,3,3,0.0,1,6,0,0.0,1,0,0,0,0.0,0,0,0,6,0.2727272727272727,0.10909090909090909,0
legal-41,legal,simple,run_1,0.17749938182532787,sat,1,0.17749938182532787,sat,1.0,exact,9,0,2,0.0,0.0,0.0,0.0,11,13,9,0,0.5384615384615384,5,2,1,0.6153846153846154,0.0,3,3,0.0,1,6,0,0.0,1,0,0,0,0.0,0,0,0,6,0.2727272727272727,0.10909090909090909,0
legal-42,legal,alpha_beta,run_1,0.03356530703604221,sat,1,0.20413177274167538,sat,6.08162983649993,exact,9,1,4,0.0,0.0,0.0,0.0,14,14,9,1,0.7142857142857143,5,1,3,0.7857142857142857,0.2,3,5,0.0,32,0,0,0.0,1,0,0,0,0.0,0,0,1,10,0.21428571428571427,0.054945054945054944,0
legal-42,legal,epoch_days,run_1,0.8178868601098657,sat,1,0.20413177274167538,sat,0.2495843651458768,exact,9,1,4,0.0,0.0,0.0,0.0,14,14,9,1,0.7142857142857143,5,1,3,0.7857142857142857,0.2,3,5,0.0,32,0,0,0.0,1,0,0,0,0.0,0,0,1,10,0.21428571428571427,0.054945054945054944,0
legal-42,legal,hybrid_ymd,run_1,0.3238988611847162,sat,1,0.20413177274167538,sat,0.630233067183466,exact,9,1,4,0.0,0.0,0.0,0.0,14,14,9,1,0.7142857142857143,5,1,3,0.7857142857142857,0.2,3,5,0.0,32,0,0,0.0,1,0,0,0,0.0,0,0,1,10,0.21428571428571427,0.054945054945054944,0
legal-42,legal,simple,run_1,0.20413177274167538,sat,1,0.20413177274167538,sat,1.0,exact,9,1,4,0.0,0.0,0.0,0.0,14,14,9,1,0.7142857142857143,5,1,3,0.7857142857142857,0.2,3,5,0.0,32,0,0,0.0,1,0,0,0,0.0,0,0,1,10,0.21428571428571427,0.054945054945054944,0
legal-43,legal,alpha_beta,run_1,0.0074362121522426605,sat,1,0.008088159374892712,sat,1.087671950356262,exact,2,0,1,0.0,0.0,0.0,0.0,4,4,3,0,0.75,2,2,2,1.0,0.0,0,0,0.0,0,0,0,0.0,0,0,0,0,0.0,0,0,0,2,0.6666666666666666,0.3333333333333333,0
legal-43,legal,epoch_days,run_1,0.004659385420382023,sat,1,0.008088159374892712,sat,1.735885453800807,exact,2,0,1,0.0,0.0,0.0,0.0,4,4,3,0,0.75,2,2,2,1.0,0.0,0,0,0.0,0,0,0,0.0,0,0,0,0,0.0,0,0,0,2,0.6666666666666666,0.3333333333333333,0
legal-43,legal,hybrid_ymd,run_1,0.007177707739174366,sat,1,0.008088159374892712,sat,1.1268443448525076,exact,2,0,1,0.0,0.0,0.0,0.0,4,4,3,0,0.75,2,2,2,1.0,0.0,0,0,0.0,0,0,0,0.0,0,0,0,0,0.0,0,0,0,2,0.6666666666666666,0.3333333333333333,0
legal-43,legal,simple,run_1,0.008088159374892712,sat,1,0.008088159374892712,sat,1.0,exact,2,0,1,0.0,0.0,0.0,0.0,4,4,3,0,0.75,2,2,2,1.0,0.0,0,0,0.0,0,0,0,0.0,0,0,0,0,0.0,0,0,0,2,0.6666666666666666,0.3333333333333333,0
legal-44,legal,alpha_beta,run_1,60.01089767925441,timeout,0,0.9807644719257951,sat,0.01634310616661284,upper,7,0,3,0.0,0.0,0.0,0.0,10,12,6,0,0.3333333333333333,4,1,1,0.8333333333333334,0.5,2,2,0.0,0,0,63,0.0,1,0,0,0,0.0,0,0,0,6,0.3,0.08888888888888889,0
legal-44,legal,epoch_days,run_1,0.005880570970475674,sat,1,0.9807644719257951,sat,166.7804838764597,exact,7,0,3,0.0,0.0,0.0,0.0,10,12,6,0,0.3333333333333333,4,1,1,0.8333333333333334,0.5,2,2,0.0,0,0,63,0.0,1,0,0,0,0.0,0,0,0,6,0.3,0.08888888888888889,0
legal-44,legal,hybrid_ymd,run_1,4.8754325164482,sat,1,0.9807644719257951,sat,0.20116460818952972,exact,7,0,3,0.0,0.0,0.0,0.0,10,12,6,0,0.3333333333333333,4,1,1,0.8333333333333334,0.5,2,2,0.0,0,0,63,0.0,1,0,0,0,0.0,0,0,0,6,0.3,0.08888888888888889,0
legal-44,legal,simple,run_1,0.9807644719257951,sat,1,0.9807644719257951,sat,1.0,exact,7,0,3,0.0,0.0,0.0,0.0,10,12,6,0,0.3333333333333333,4,1,1,0.8333333333333334,0.5,2,2,0.0,0,0,63,0.0,1,0,0,0,0.0,0,0,0,6,0.3,0.08888888888888889,0
legal-45,legal,alpha_beta,run_1,0.01197667233645916,sat,1,0.01607060804963112,sat,1.341825809219918,exact,4,0,2,0.0,0.0,0.0,0.0,7,10,7,0,0.5,4,2,2,0.6,0.0,0,3,0.0,1,0,0,0.0,1,0,0,0,0.0,0,0,0,3,0.6666666666666666,0.4,0
legal-45,legal,epoch_days,run_1,3.282463372685015,sat,1,0.01607060804963112,sat,0.0048958986666424115,exact,4,0,2,0.0,0.0,0.0,0.0,7,10,7,0,0.5,4,2,2,0.6,0.0,0,3,0.0,1,0,0,0.0,1,0,0,0,0.0,0,0,0,3,0.6666666666666666,0.4,0
legal-45,legal,hybrid_ymd,run_1,0.13805543910712004,sat,1,0.01607060804963112,sat,0.11640691705859996,exact,4,0,2,0.0,0.0,0.0,0.0,7,10,7,0,0.5,4,2,2,0.6,0.0,0,3,0.0,1,0,0,0.0,1,0,0,0,0.0,0,0,0,3,0.6666666666666666,0.4,0
legal-45,legal,simple,run_1,0.01607060804963112,sat,1,0.01607060804963112,sat,1.0,exact,4,0,2,0.0,0.0,0.0,0.0,7,10,7,0,0.5,4,2,2,0.6,0.0,0,3,0.0,1,0,0,0.0,1,0,0,0,0.0,0,0,0,3,0.6666666666666666,0.4,0
legal-46,legal,alpha_beta,run_1,0.030870883725583553,sat,1,0.01875079981982708,sat,0.6073943326827335,exact,6,0,0,0.0,0.0,0.0,0.0,12,8,8,0,1.0,0,1,1,0.0,0.0,8,0,0.0,0,0,0,0.0,0,0,0,0,0.0,0,0,1,6,0.16666666666666666,0.0,0
legal-46,legal,epoch_days,run_1,0.0036303503438830376,sat,1,0.01875079981982708,sat,5.165011099113687,exact,6,0,0,0.0,0.0,0.0,0.0,12,8,8,0,1.0,0,1,1,0.0,0.0,8,0,0.0,0,0,0,0.0,0,0,0,0,0.0,0,0,1,6,0.16666666666666666,0.0,0
legal-46,legal,hybrid_ymd,run_1,0.011541230604052544,sat,1,0.01875079981982708,sat,1.624679417916058,exact,6,0,0,0.0,0.0,0.0,0.0,12,8,8,0,1.0,0,1,1,0.0,0.0,8,0,0.0,0,0,0,0.0,0,0,0,0,0.0,0,0,1,6,0.16666666666666666,0.0,0
legal-46,legal,simple,run_1,0.01875079981982708,sat,1,0.01875079981982708,sat,1.0,exact,6,0,0,0.0,0.0,0.0,0.0,12,8,8,0,1.0,0,1,1,0.0,0.0,8,0,0.0,0,0,0,0.0,0,0,0,0,0.0,0,0,1,6,0.16666666666666666,0.0,0
legal-47,legal,alpha_beta,run_1,1.3152740430086851,sat,1,0.7426575999706984,sat,0.5646409612645221,exact,8,0,3,0.0,0.0,0.0,0.0,13,16,6,0,0.375,7,1,1,0.9375,0.0,1,7,0.0,10,6,0,0.0,1,0,0,0,0.0,0,0,0,4,0.6363636363636364,0.2,0
legal-47,legal,epoch_days,run_1,9.648564302362502,sat,1,0.7426575999706984,sat,0.0769707882642037,exact,8,0,3,0.0,0.0,0.0,0.0,13,16,6,0,0.375,7,1,1,0.9375,0.0,1,7,0.0,10,6,0,0.0,1,0,0,0,0.0,0,0,0,4,0.6363636363636364,0.2,0
legal-47,legal,hybrid_ymd,run_1,0.7538832882419229,sat,1,0.7426575999706984,sat,0.9851095143687253,exact,8,0,3,0.0,0.0,0.0,0.0,13,16,6,0,0.375,7,1,1,0.9375,0.0,1,7,0.0,10,6,0,0.0,1,0,0,0,0.0,0,0,0,4,0.6363636363636364,0.2,0
legal-47,legal,simple,run_1,0.7426575999706984,sat,1,0.7426575999706984,sat,1.0,exact,8,0,3,0.0,0.0,0.0,0.0,13,16,6,0,0.375,7,1,1,0.9375,0.0,1,7,0.0,10,6,0,0.0,1,0,0,0,0.0,0,0,0,4,0.6363636363636364,0.2,0
legal-48,legal,alpha_beta,run_1,0.007749025709927082,sat,1,0.011240008287131786,sat,1.4505060000939853,exact,3,2,1,0.0,0.0,0.0,0.0,4,6,4,1,0.8333333333333334,1,1,1,0.3333333333333333,0.0,4,0,0.0,0,0,0,0.0,0,0,0,0,0.0,0,0,0,3,0.5,0.2,0
legal-48,legal,epoch_days,run_1,0.0042910147458314896,sat,1,0.011240008287131786,sat,2.619428958628237,exact,3,2,1,0.0,0.0,0.0,0.0,4,6,4,1,0.8333333333333334,1,1,1,0.3333333333333333,0.0,4,0,0.0,0,0,0,0.0,0,0,0,0,0.0,0,0,0,3,0.5,0.2,0
legal-48,legal,hybrid_ymd,run_1,0.012486719526350498,sat,1,0.011240008287131786,sat,0.9001570239014499,exact,3,2,1,0.0,0.0,0.0,0.0,4,6,4,1,0.8333333333333334,1,1,1,0.3333333333333333,0.0,4,0,0.0,0,0,0,0.0,0,0,0,0,0.0,0,0,0,3,0.5,0.2,0
legal-48,legal,simple,run_1,0.011240008287131786,sat,1,0.011240008287131786,sat,1.0,exact,3,2,1,0.0,0.0,0.0,0.0,4,6,4,1,0.8333333333333334,1,1,1,0.3333333333333333,0.0,4,0,0.0,0,0,0,0.0,0,0,0,0,0.0,0,0,0,3,0.5,0.2,0
legal-49,legal,alpha_beta,run_1,4.592944352887571,sat,1,1.3895956873893738,sat,0.30255008130367156,exact,6,0,0,0.0,0.0,0.0,0.0,8,7,7,0,0.8571428571428571,0,1,0,0.0,0.0,7,2,0.0,1,0,90,0.0,1,0,0,0,0.0,0,0,0,1,1.0,0.4,0
legal-49,legal,epoch_days,run_1,0.02769961953163147,sat,1,1.3895956873893738,sat,50.16659834632496,exact,6,0,0,0.0,0.0,0.0,0.0,8,7,7,0,0.8571428571428571,0,1,0,0.0,0.0,7,2,0.0,1,0,90,0.0,1,0,0,0,0.0,0,0,0,1,1.0,0.4,0
legal-49,legal,hybrid_ymd,run_1,9.715820912271738,sat,1,1.3895956873893738,sat,0.14302401206615703,exact,6,0,0,0.0,0.0,0.0,0.0,8,7,7,0,0.8571428571428571,0,1,0,0.0,0.0,7,2,0.0,1,0,90,0.0,1,0,0,0,0.0,0,0,0,1,1.0,0.4,0
legal-49,legal,simple,run_1,1.3895956873893738,sat,1,1.3895956873893738,sat,1.0,exact,6,0,0,0.0,0.0,0.0,0.0,8,7,7,0,0.8571428571428571,0,1,0,0.0,0.0,7,2,0.0,1,0,90,0.0,1,0,0,0,0.0,0,0,0,1,1.0,0.4,0
legal-5,legal,alpha_beta,run_1,0.008822792209684849,sat,1,0.02241336740553379,sat,2.5403938881083996,exact,4,0,0,0.0,0.0,0.0,0.0,5,5,5,0,1.0,0,1,0,0.0,0.0,5,1,0.0,1,0,0,0.0,1,0,0,0,0.0,0,0,0,1,1.0,0.6666666666666666,0
legal-5,legal,epoch_days,run_1,0.13094536401331425,sat,1,0.02241336740553379,sat,0.17116579555466238,exact,4,0,0,0.0,0.0,0.0,0.0,5,5,5,0,1.0,0,1,0,0.0,0.0,5,1,0.0,1,0,0,0.0,1,0,0,0,0.0,0,0,0,1,1.0,0.6666666666666666,0
legal-5,legal,hybrid_ymd,run_1,0.09187225624918938,sat,1,0.02241336740553379,sat,0.24396230505911357,exact,4,0,0,0.0,0.0,0.0,0.0,5,5,5,0,1.0,0,1,0,0.0,0.0,5,1,0.0,1,0,0,0.0,1,0,0,0,0.0,0,0,0,1,1.0,0.6666666666666666,0
legal-5,legal,simple,run_1,0.02241336740553379,sat,1,0.02241336740553379,sat,1.0,exact,4,0,0,0.0,0.0,0.0,0.0,5,5,5,0,1.0,0,1,0,0.0,0.0,5,1,0.0,1,0,0,0.0,1,0,0,0,0.0,0,0,0,1,1.0,0.6666666666666666,0
legal-50,legal,alpha_beta,run_1,0.1085620392113924,sat,1,0.10468280781060457,sat,0.9642671468870055,exact,6,0,2,0.0,0.0,0.0,0.0,10,14,10,0,0.6428571428571429,4,1,1,0.5714285714285714,0.0,6,4,0.0,5,0,0,0.0,1,0,0,0,0.0,0,0,0,4,0.625,0.17857142857142858,0
legal-50,legal,epoch_days,run_1,0.8682861980050802,sat,1,0.10468280781060457,sat,0.12056256111304914,exact,6,0,2,0.0,0.0,0.0,0.0,10,14,10,0,0.6428571428571429,4,1,1,0.5714285714285714,0.0,6,4,0.0,5,0,0,0.0,1,0,0,0,0.0,0,0,0,4,0.625,0.17857142857142858,0
legal-50,legal,hybrid_ymd,run_1,0.1788268368691206,sat,1,0.10468280781060457,sat,0.585386453417054,exact,6,0,2,0.0,0.0,0.0,0.0,10,14,10,0,0.6428571428571429,4,1,1,0.5714285714285714,0.0,6,4,0.0,5,0,0,0.0,1,0,0,0,0.0,0,0,0,4,0.625,0.17857142857142858,0
legal-50,legal,simple,run_1,0.10468280781060457,sat,1,0.10468280781060457,sat,1.0,exact,6,0,2,0.0,0.0,0.0,0.0,10,14,10,0,0.6428571428571429,4,1,1,0.5714285714285714,0.0,6,4,0.0,5,0,0,0.0,1,0,0,0,0.0,0,0,0,4,0.625,0.17857142857142858,0
legal-51,legal,alpha_beta,run_1,60.00493096373975,timeout,0,5.001410693861544,sat,0.08334999496764417,upper,24,0,6,0.0,0.0,0.0,0.0,39,30,21,0,0.43333333333333335,8,1,2,0.6333333333333333,0.0,11,15,0.0,5,0,90,0.0,1,0,0,0,0.0,0,0,0,13,0.26666666666666666,0.041379310344827586,0
legal-51,legal,epoch_days,run_1,3.53330953232944,sat,1,5.001410693861544,sat,1.4155031276199044,exact,24,0,6,0.0,0.0,0.0,0.0,39,30,21,0,0.43333333333333335,8,1,2,0.6333333333333333,0.0,11,15,0.0,5,0,90,0.0,1,0,0,0,0.0,0,0,0,13,0.26666666666666666,0.041379310344827586,0
legal-51,legal,hybrid_ymd,run_1,60.00455057155341,timeout,0,5.001410693861544,sat,0.08335052335568334,upper,24,0,6,0.0,0.0,0.0,0.0,39,30,21,0,0.43333333333333335,8,1,2,0.6333333333333333,0.0,11,15,0.0,5,0,90,0.0,1,0,0,0,0.0,0,0,0,13,0.26666666666666666,0.041379310344827586,0
legal-51,legal,simple,run_1,5.001410693861544,sat,1,5.001410693861544,sat,1.0,exact,24,0,6,0.0,0.0,0.0,0.0,39,30,21,0,0.43333333333333335,8,1,2,0.6333333333333333,0.0,11,15,0.0,5,0,90,0.0,1,0,0,0,0.0,0,0,0,13,0.26666666666666666,0.041379310344827586,0
legal-52,legal,alpha_beta,run_1,28.47751038800925,sat,1,13.28805308137089,sat,0.46661568726759073,exact,16,0,9,0.0,0.0,0.0,0.0,25,33,24,0,0.5757575757575758,9,1,2,0.7878787878787878,0.0,7,9,0.0,10,0,45,0.0,1,0,0,0,0.0,0,0,0,14,0.32,0.05333333333333334,0
legal-52,legal,epoch_days,run_1,60.00394631642848,timeout,0,13.28805308137089,sat,0.22145298596357077,upper,16,0,9,0.0,0.0,0.0,0.0,25,33,24,0,0.5757575757575758,9,1,2,0.7878787878787878,0.0,7,9,0.0,10,0,45,0.0,1,0,0,0,0.0,0,0,0,14,0.32,0.05333333333333334,0
legal-52,legal,hybrid_ymd,run_1,2.7170513654127717,sat,1,13.28805308137089,sat,4.890615337834139,exact,16,0,9,0.0,0.0,0.0,0.0,25,33,24,0,0.5757575757575758,9,1,2,0.7878787878787878,0.0,7,9,0.0,10,0,45,0.0,1,0,0,0,0.0,0,0,0,14,0.32,0.05333333333333334,0
legal-52,legal,simple,run_1,13.28805308137089,sat,1,13.28805308137089,sat,1.0,exact,16,0,9,0.0,0.0,0.0,0.0,25,33,24,0,0.5757575757575758,9,1,2,0.7878787878787878,0.0,7,9,0.0,10,0,45,0.0,1,0,0,0,0.0,0,0,0,14,0.32,0.05333333333333334,0
legal-53,legal,alpha_beta,run_1,8.044286077842116,sat,1,1.3915706183761358,sat,0.1729887033989504,exact,8,0,3,0.0,0.0,0.0,0.0,11,15,10,0,0.5333333333333333,5,1,2,0.7333333333333333,0.0,4,3,0.0,1,0,0,0.0,1,0,0,0,0.0,0,0,0,5,0.5454545454545454,0.12727272727272726,0
legal-53,legal,epoch_days,run_1,1.5971474386751652,sat,1,1.3915706183761358,sat,0.8712850076824745,exact,8,0,3,0.0,0.0,0.0,0.0,11,15,10,0,0.5333333333333333,5,1,2,0.7333333333333333,0.0,4,3,0.0,1,0,0,0.0,1,0,0,0,0.0,0,0,0,5,0.5454545454545454,0.12727272727272726,0
legal-53,legal,hybrid_ymd,run_1,0.32872533705085516,sat,1,1.3915706183761358,sat,4.233232007184326,exact,8,0,3,0.0,0.0,0.0,0.0,11,15,10,0,0.5333333333333333,5,1,2,0.7333333333333333,0.0,4,3,0.0,1,0,0,0.0,1,0,0,0,0.0,0,0,0,5,0.5454545454545454,0.12727272727272726,0
legal-53,legal,simple,run_1,1.3915706183761358,sat,1,1.3915706183761358,sat,1.0,exact,8,0,3,0.0,0.0,0.0,0.0,11,15,10,0,0.5333333333333333,5,1,2,0.7333333333333333,0.0,4,3,0.0,1,0,0,0.0,1,0,0,0,0.0,0,0,0,5,0.5454545454545454,0.12727272727272726,0
legal-54,legal,alpha_beta,run_1,0.009100343100726604,sat,1,0.015952453017234802,sat,1.7529507229195678,exact,2,0,4,0.0,0.0,0.0,0.0,4,18,4,6,0.5555555555555556,8,1,1,0.8888888888888888,0.8,2,1,0.0,1,0,0,0.0,1,6,0,0,0.6,0,0,0,5,0.3333333333333333,0.06666666666666667,0
legal-54,legal,epoch_days,run_1,0.0382141824811697,sat,1,0.015952453017234802,sat,0.4174484963820823,exact,2,0,4,0.0,0.0,0.0,0.0,4,18,4,6,0.5555555555555556,8,1,1,0.8888888888888888,0.8,2,1,0.0,1,0,0,0.0,1,6,0,0,0.6,0,0,0,5,0.3333333333333333,0.06666666666666667,0
legal-54,legal,hybrid_ymd,run_1,0.012818941846489906,sat,1,0.015952453017234802,sat,1.2444438244801708,exact,2,0,4,0.0,0.0,0.0,0.0,4,18,4,6,0.5555555555555556,8,1,1,0.8888888888888888,0.8,2,1,0.0,1,0,0,0.0,1,6,0,0,0.6,0,0,0,5,0.3333333333333333,0.06666666666666667,0
legal-54,legal,simple,run_1,0.015952453017234802,sat,1,0.015952453017234802,sat,1.0,exact,2,0,4,0.0,0.0,0.0,0.0,4,18,4,6,0.5555555555555556,8,1,1,0.8888888888888888,0.8,2,1,0.0,1,0,0,0.0,1,6,0,0,0.6,0,0,0,5,0.3333333333333333,0.06666666666666667,0
legal-55,legal,alpha_beta,run_1,43.91854282934219,sat,1,2.0724908029660583,sat,0.04718942545565099,exact,4,1,2,0.0,0.0,0.0,0.0,6,10,6,1,0.6,3,1,1,0.6,0.0,4,3,0.0,0,0,90,0.0,1,0,0,0,0.0,0,0,0,4,0.5714285714285714,0.14285714285714285,0
legal-55,legal,epoch_days,run_1,0.00585037749260664,sat,1,2.0724908029660583,sat,354.2490729162604,exact,4,1,2,0.0,0.0,0.0,0.0,6,10,6,1,0.6,3,1,1,0.6,0.0,4,3,0.0,0,0,90,0.0,1,0,0,0,0.0,0,0,0,4,0.5714285714285714,0.14285714285714285,0
legal-55,legal,hybrid_ymd,run_1,0.3675503181293607,sat,1,2.0724908029660583,sat,5.638658710769059,exact,4,1,2,0.0,0.0,0.0,0.0,6,10,6,1,0.6,3,1,1,0.6,0.0,4,3,0.0,0,0,90,0.0,1,0,0,0,0.0,0,0,0,4,0.5714285714285714,0.14285714285714285,0
legal-55,legal,simple,run_1,2.0724908029660583,sat,1,2.0724908029660583,sat,1.0,exact,4,1,2,0.0,0.0,0.0,0.0,6,10,6,1,0.6,3,1,1,0.6,0.0,4,3,0.0,0,0,90,0.0,1,0,0,0,0.0,0,0,0,4,0.5714285714285714,0.14285714285714285,0
legal-56,legal,alpha_beta,run_1,0.008630193769931793,sat,1,0.009890208952128887,sat,1.146000798566896,exact,2,0,1,0.0,0.0,0.0,0.0,3,4,2,0,0.5,2,1,1,1.0,0.0,0,1,0.0,6,0,0,0.0,1,0,0,0,0.0,0,0,0,2,0.6666666666666666,0.3333333333333333,0
legal-56,legal,epoch_days,run_1,0.26605749409645796,sat,1,0.009890208952128887,sat,0.03717320192658522,exact,2,0,1,0.0,0.0,0.0,0.0,3,4,2,0,0.5,2,1,1,1.0,0.0,0,1,0.0,6,0,0,0.0,1,0,0,0,0.0,0,0,0,2,0.6666666666666666,0.3333333333333333,0
legal-56,legal,hybrid_ymd,run_1,0.024783010594546795,sat,1,0.009890208952128887,sat,0.3990721350982721,exact,2,0,1,0.0,0.0,0.0,0.0,3,4,2,0,0.5,2,1,1,1.0,0.0,0,1,0.0,6,0,0,0.0,1,0,0,0,0.0,0,0,0,2,0.6666666666666666,0.3333333333333333,0
legal-56,legal,simple,run_1,0.009890208952128887,sat,1,0.009890208952128887,sat,1.0,exact,2,0,1,0.0,0.0,0.0,0.0,3,4,2,0,0.5,2,1,1,1.0,0.0,0,1,0.0,6,0,0,0.0,1,0,0,0,0.0,0,0,0,2,0.6666666666666666,0.3333333333333333,0
legal-57,legal,alpha_beta,run_1,0.022631648927927017,sat,1,0.012053161859512329,sat,0.5325799237120085,exact,4,0,0,0.0,0.0,0.0,0.0,6,3,3,0,0.6666666666666666,0,1,0,0.0,0.0,3,2,0.0,5,0,0,0.0,1,0,0,0,0.0,0,0,0,2,0.5,0.3333333333333333,0
legal-57,legal,epoch_days,run_1,0.19338521920144558,sat,1,0.012053161859512329,sat,0.062327213575494554,exact,4,0,0,0.0,0.0,0.0,0.0,6,3,3,0,0.6666666666666666,0,1,0,0.0,0.0,3,2,0.0,5,0,0,0.0,1,0,0,0,0.0,0,0,0,2,0.5,0.3333333333333333,0
legal-57,legal,hybrid_ymd,run_1,0.21630387660115957,sat,1,0.012053161859512329,sat,0.05572328175022506,exact,4,0,0,0.0,0.0,0.0,0.0,6,3,3,0,0.6666666666666666,0,1,0,0.0,0.0,3,2,0.0,5,0,0,0.0,1,0,0,0,0.0,0,0,0,2,0.5,0.3333333333333333,0
legal-57,legal,simple,run_1,0.012053161859512329,sat,1,0.012053161859512329,sat,1.0,exact,4,0,0,0.0,0.0,0.0,0.0,6,3,3,0,0.6666666666666666,0,1,0,0.0,0.0,3,2,0.0,5,0,0,0.0,1,0,0,0,0.0,0,0,0,2,0.5,0.3333333333333333,0
legal-58,legal,alpha_beta,run_1,0.8099434291943908,sat,1,1.1154923057183623,sat,1.3772471823469021,exact,11,0,6,0.0,0.0,0.0,0.0,13,28,13,0,0.42857142857142855,8,1,1,0.8571428571428571,0.5833333333333334,4,1,0.0,1,0,0,0.0,1,0,0,0,0.0,0,0,0,6,0.7058823529411765,0.10294117647058823,0
legal-58,legal,epoch_days,run_1,0.41781872510910034,sat,1,1.1154923057183623,sat,2.6697996970506437,exact,11,0,6,0.0,0.0,0.0,0.0,13,28,13,0,0.42857142857142855,8,1,1,0.8571428571428571,0.5833333333333334,4,1,0.0,1,0,0,0.0,1,0,0,0,0.0,0,0,0,6,0.7058823529411765,0.10294117647058823,0
legal-58,legal,hybrid_ymd,run_1,0.2391334930434823,sat,1,1.1154923057183623,sat,4.664726348121922,exact,11,0,6,0.0,0.0,0.0,0.0,13,28,13,0,0.42857142857142855,8,1,1,0.8571428571428571,0.5833333333333334,4,1,0.0,1,0,0,0.0,1,0,0,0,0.0,0,0,0,6,0.7058823529411765,0.10294117647058823,0
legal-58,legal,simple,run_1,1.1154923057183623,sat,1,1.1154923057183623,sat,1.0,exact,11,0,6,0.0,0.0,0.0,0.0,13,28,13,0,0.42857142857142855,8,1,1,0.8571428571428571,0.5833333333333334,4,1,0.0,1,0,0,0.0,1,0,0,0,0.0,0,0,0,6,0.7058823529411765,0.10294117647058823,0
legal-59,legal,alpha_beta,run_1,0.988876142539084,sat,1,0.1116767292842269,sat,0.11293297965251804,exact,9,0,3,0.0,0.0,0.0,0.0,12,16,11,0,0.6875,5,1,1,0.625,0.0,6,3,0.0,3,0,0,0.0,1,0,0,0,0.0,0,0,0,4,0.75,0.12121212121212122,0
legal-59,legal,epoch_days,run_1,11.484382492490113,sat,1,0.1116767292842269,sat,0.009724225865627057,exact,9,0,3,0.0,0.0,0.0,0.0,12,16,11,0,0.6875,5,1,1,0.625,0.0,6,3,0.0,3,0,0,0.0,1,0,0,0,0.0,0,0,0,4,0.75,0.12121212121212122,0
legal-59,legal,hybrid_ymd,run_1,0.6499199206009507,sat,1,0.1116767292842269,sat,0.1718315222296381,exact,9,0,3,0.0,0.0,0.0,0.0,12,16,11,0,0.6875,5,1,1,0.625,0.0,6,3,0.0,3,0,0,0.0,1,0,0,0,0.0,0,0,0,4,0.75,0.12121212121212122,0
legal-59,legal,simple,run_1,0.1116767292842269,sat,1,0.1116767292842269,sat,1.0,exact,9,0,3,0.0,0.0,0.0,0.0,12,16,11,0,0.6875,5,1,1,0.625,0.0,6,3,0.0,3,0,0,0.0,1,0,0,0,0.0,0,0,0,4,0.75,0.12121212121212122,0
legal-6,legal,alpha_beta,run_1,0.004913220182061195,sat,1,0.006624152883887291,sat,1.3482304147640143,exact,1,0,0,0.0,0.0,0.0,0.0,2,1,1,0,1.0,0,1,0,0.0,0.0,1,0,0.0,0,0,0,0.0,0,0,0,0,0.0,0,0,0,1,1.0,0.0,0
legal-6,legal,epoch_days,run_1,0.05263877846300602,sat,1,0.006624152883887291,sat,0.1258416908086626,exact,1,0,0,0.0,0.0,0.0,0.0,2,1,1,0,1.0,0,1,0,0.0,0.0,1,0,0.0,0,0,0,0.0,0,0,0,0,0.0,0,0,0,1,1.0,0.0,0
legal-6,legal,hybrid_ymd,run_1,0.005272474139928818,sat,1,0.006624152883887291,sat,1.2563651727985,exact,1,0,0,0.0,0.0,0.0,0.0,2,1,1,0,1.0,0,1,0,0.0,0.0,1,0,0.0,0,0,0,0.0,0,0,0,0,0.0,0,0,0,1,1.0,0.0,0
legal-6,legal,simple,run_1,0.006624152883887291,sat,1,0.006624152883887291,sat,1.0,exact,1,0,0,0.0,0.0,0.0,0.0,2,1,1,0,1.0,0,1,0,0.0,0.0,1,0,0.0,0,0,0,0.0,0,0,0,0,0.0,0,0,0,1,1.0,0.0,0
legal-60,legal,alpha_beta,run_1,60.00178484804928,timeout,0,0.8641744172200561,sat,0.014402478516406187,upper,5,0,2,0.0,0.0,0.0,0.0,7,14,8,0,0.42857142857142855,6,1,1,0.8571428571428571,0.0,2,2,0.0,0,0,150,0.0,1,0,0,0,0.0,0,0,0,3,0.7142857142857143,0.3333333333333333,0
legal-60,legal,epoch_days,run_1,0.006427007727324963,sat,1,0.8641744172200561,sat,134.4598379034066,exact,5,0,2,0.0,0.0,0.0,0.0,7,14,8,0,0.42857142857142855,6,1,1,0.8571428571428571,0.0,2,2,0.0,0,0,150,0.0,1,0,0,0,0.0,0,0,0,3,0.7142857142857143,0.3333333333333333,0
legal-60,legal,hybrid_ymd,run_1,3.742664374411106,sat,1,0.8641744172200561,sat,0.23089818663102288,exact,5,0,2,0.0,0.0,0.0,0.0,7,14,8,0,0.42857142857142855,6,1,1,0.8571428571428571,0.0,2,2,0.0,0,0,150,0.0,1,0,0,0,0.0,0,0,0,3,0.7142857142857143,0.3333333333333333,0
legal-60,legal,simple,run_1,0.8641744172200561,sat,1,0.8641744172200561,sat,1.0,exact,5,0,2,0.0,0.0,0.0,0.0,7,14,8,0,0.42857142857142855,6,1,1,0.8571428571428571,0.0,2,2,0.0,0,0,150,0.0,1,0,0,0,0.0,0,0,0,3,0.7142857142857143,0.3333333333333333,0
legal-61,legal,alpha_beta,run_1,60.002503332681954,timeout,0,17.008813836611807,sat,0.28346840368154286,upper,14,3,3,0.0,0.0,0.0,0.0,35,37,25,8,0.5945945945945946,12,4,2,0.7567567567567568,0.18181818181818182,9,5,0.0,10,0,180,0.0,1,3,0,0,0.10714285714285714,0,0,1,12,0.15,0.042105263157894736,3
legal-61,legal,epoch_days,run_1,0.37382488138973713,sat,1,17.008813836611807,sat,45.499416126020236,exact,14,3,3,0.0,0.0,0.0,0.0,35,37,25,8,0.5945945945945946,12,4,2,0.7567567567567568,0.18181818181818182,9,5,0.0,10,0,180,0.0,1,3,0,0,0.10714285714285714,0,0,1,12,0.15,0.042105263157894736,3
legal-61,legal,hybrid_ymd,run_1,60.00300643593073,timeout,0,17.008813836611807,sat,0.2834660269027231,upper,14,3,3,0.0,0.0,0.0,0.0,35,37,25,8,0.5945945945945946,12,4,2,0.7567567567567568,0.18181818181818182,9,5,0.0,10,0,180,0.0,1,3,0,0,0.10714285714285714,0,0,1,12,0.15,0.042105263157894736,3
legal-61,legal,simple,run_1,17.008813836611807,sat,1,17.008813836611807,sat,1.0,exact,14,3,3,0.0,0.0,0.0,0.0,35,37,25,8,0.5945945945945946,12,4,2,0.7567567567567568,0.18181818181818182,9,5,0.0,10,0,180,0.0,1,3,0,0,0.10714285714285714,0,0,1,12,0.15,0.042105263157894736,3
legal-62,legal,alpha_beta,run_1,8.91048012766987,sat,1,2.287457429803908,sat,0.2567153954701752,exact,6,0,1,0.0,0.0,0.0,0.0,9,8,7,0,0.875,1,1,2,0.375,0.0,5,3,0.0,1,0,30,0.0,1,0,0,0,0.0,0,0,0,3,0.5714285714285714,0.19047619047619047,0
legal-62,legal,epoch_days,run_1,1.0198567574843764,sat,1,2.287457429803908,sat,2.2429203052458573,exact,6,0,1,0.0,0.0,0.0,0.0,9,8,7,0,0.875,1,1,2,0.375,0.0,5,3,0.0,1,0,30,0.0,1,0,0,0,0.0,0,0,0,3,0.5714285714285714,0.19047619047619047,0
legal-62,legal,hybrid_ymd,run_1,0.09384165145456791,sat,1,2.287457429803908,sat,24.375715839904498,exact,6,0,1,0.0,0.0,0.0,0.0,9,8,7,0,0.875,1,1,2,0.375,0.0,5,3,0.0,1,0,30,0.0,1,0,0,0,0.0,0,0,0,3,0.5714285714285714,0.19047619047619047,0
legal-62,legal,simple,run_1,2.287457429803908,sat,1,2.287457429803908,sat,1.0,exact,6,0,1,0.0,0.0,0.0,0.0,9,8,7,0,0.875,1,1,2,0.375,0.0,5,3,0.0,1,0,30,0.0,1,0,0,0,0.0,0,0,0,3,0.5714285714285714,0.19047619047619047,0
legal-63,legal,alpha_beta,run_1,60.00238245166838,timeout,0,1.1965985177084804,sat,0.019942516760435878,upper,9,0,2,0.0,0.0,0.0,0.0,14,8,6,0,0.75,2,1,1,0.5,0.0,4,5,0.0,10,0,60,0.0,1,0,0,0,0.0,0,0,0,6,0.2727272727272727,0.09090909090909091,0
legal-63,legal,epoch_days,run_1,1.0986858708783984,sat,1,1.1965985177084804,sat,1.0891179630368786,exact,9,0,2,0.0,0.0,0.0,0.0,14,8,6,0,0.75,2,1,1,0.5,0.0,4,5,0.0,10,0,60,0.0,1,0,0,0,0.0,0,0,0,6,0.2727272727272727,0.09090909090909091,0
legal-63,legal,hybrid_ymd,run_1,1.7571829743683338,sat,1,1.1965985177084804,sat,0.680975479026952,exact,9,0,2,0.0,0.0,0.0,0.0,14,8,6,0,0.75,2,1,1,0.5,0.0,4,5,0.0,10,0,60,0.0,1,0,0,0,0.0,0,0,0,6,0.2727272727272727,0.09090909090909091,0
legal-63,legal,simple,run_1,1.1965985177084804,sat,1,1.1965985177084804,sat,1.0,exact,9,0,2,0.0,0.0,0.0,0.0,14,8,6,0,0.75,2,1,1,0.5,0.0,4,5,0.0,10,0,60,0.0,1,0,0,0,0.0,0,0,0,6,0.2727272727272727,0.09090909090909091,0
legal-64,legal,alpha_beta,run_1,1.7611597422510386,sat,1,0.40557418018579483,sat,0.23028812801921497,exact,3,0,1,0.0,0.0,0.0,0.0,5,4,3,0,0.75,1,1,2,0.75,0.0,1,2,0.0,0,6,59,0.0,1,0,0,0,0.0,0,0,0,2,0.75,0.3333333333333333,0
legal-64,legal,epoch_days,run_1,0.04977469518780708,sat,1,0.40557418018579483,sat,8.148200177931882,exact,3,0,1,0.0,0.0,0.0,0.0,5,4,3,0,0.75,1,1,2,0.75,0.0,1,2,0.0,0,6,59,0.0,1,0,0,0,0.0,0,0,0,2,0.75,0.3333333333333333,0
legal-64,legal,hybrid_ymd,run_1,0.026385193690657616,sat,1,0.40557418018579483,sat,15.371279246261484,exact,3,0,1,0.0,0.0,0.0,0.0,5,4,3,0,0.75,1,1,2,0.75,0.0,1,2,0.0,0,6,59,0.0,1,0,0,0,0.0,0,0,0,2,0.75,0.3333333333333333,0
legal-64,legal,simple,run_1,0.40557418018579483,sat,1,0.40557418018579483,sat,1.0,exact,3,0,1,0.0,0.0,0.0,0.0,5,4,3,0,0.75,1,1,2,0.75,0.0,1,2,0.0,0,6,59,0.0,1,0,0,0,0.0,0,0,0,2,0.75,0.3333333333333333,0
legal-65,legal,alpha_beta,run_1,0.10198129620403051,sat,1,0.04315438400954008,sat,0.42315979121507313,exact,5,0,3,0.0,0.0,0.0,0.0,6,8,6,0,0.75,2,1,1,0.5,0.0,4,1,0.0,1,0,0,0.0,1,0,0,0,0.0,0,0,0,4,0.625,0.17857142857142858,0
legal-65,legal,epoch_days,run_1,0.1918748589232564,sat,1,0.04315438400954008,sat,0.2249090071086406,exact,5,0,3,0.0,0.0,0.0,0.0,6,8,6,0,0.75,2,1,1,0.5,0.0,4,1,0.0,1,0,0,0.0,1,0,0,0,0.0,0,0,0,4,0.625,0.17857142857142858,0
legal-65,legal,hybrid_ymd,run_1,0.09019265696406364,sat,1,0.04315438400954008,sat,0.4784689293135528,exact,5,0,3,0.0,0.0,0.0,0.0,6,8,6,0,0.75,2,1,1,0.5,0.0,4,1,0.0,1,0,0,0.0,1,0,0,0,0.0,0,0,0,4,0.625,0.17857142857142858,0
legal-65,legal,simple,run_1,0.04315438400954008,sat,1,0.04315438400954008,sat,1.0,exact,5,0,3,0.0,0.0,0.0,0.0,6,8,6,0,0.75,2,1,1,0.5,0.0,4,1,0.0,1,0,0,0.0,1,0,0,0,0.0,0,0,0,4,0.625,0.17857142857142858,0
legal-66,legal,alpha_beta,run_1,1.3721796162426472,sat,1,1.026527963578701,sat,0.7481002861633944,exact,9,0,1,0.0,0.0,0.0,0.0,15,14,12,0,0.8571428571428571,2,1,1,0.2857142857142857,0.0,10,4,0.0,4,0,0,0.0,1,0,0,0,0.0,0,0,1,3,0.6,0.17777777777777778,0
legal-66,legal,epoch_days,run_1,15.99745836481452,sat,1,1.026527963578701,sat,0.06416819098191807,exact,9,0,1,0.0,0.0,0.0,0.0,15,14,12,0,0.8571428571428571,2,1,1,0.2857142857142857,0.0,10,4,0.0,4,0,0,0.0,1,0,0,0,0.0,0,0,1,3,0.6,0.17777777777777778,0
legal-66,legal,hybrid_ymd,run_1,0.4526810124516487,sat,1,1.026527963578701,sat,2.2676629576734135,exact,9,0,1,0.0,0.0,0.0,0.0,15,14,12,0,0.8571428571428571,2,1,1,0.2857142857142857,0.0,10,4,0.0,4,0,0,0.0,1,0,0,0,0.0,0,0,1,3,0.6,0.17777777777777778,0
legal-66,legal,simple,run_1,1.026527963578701,sat,1,1.026527963578701,sat,1.0,exact,9,0,1,0.0,0.0,0.0,0.0,15,14,12,0,0.8571428571428571,2,1,1,0.2857142857142857,0.0,10,4,0.0,4,0,0,0.0,1,0,0,0,0.0,0,0,1,3,0.6,0.17777777777777778,0
legal-67,legal,alpha_beta,run_1,0.16347441636025906,sat,1,0.3921723309904337,sat,2.3989829095103077,exact,10,0,0,0.0,0.0,0.0,0.0,11,12,12,0,0.5833333333333334,2,2,1,0.0,0.0,8,1,0.0,2,0,0,0.0,1,0,0,0,0.0,0,0,0,2,0.5,0.17777777777777778,0
legal-67,legal,epoch_days,run_1,0.013276102021336555,sat,1,0.3921723309904337,sat,29.539719592404293,exact,10,0,0,0.0,0.0,0.0,0.0,11,12,12,0,0.5833333333333334,2,2,1,0.0,0.0,8,1,0.0,2,0,0,0.0,1,0,0,0,0.0,0,0,0,2,0.5,0.17777777777777778,0
legal-67,legal,hybrid_ymd,run_1,0.09057849459350109,sat,1,0.3921723309904337,sat,4.329640636559791,exact,10,0,0,0.0,0.0,0.0,0.0,11,12,12,0,0.5833333333333334,2,2,1,0.0,0.0,8,1,0.0,2,0,0,0.0,1,0,0,0,0.0,0,0,0,2,0.5,0.17777777777777778,0
legal-67,legal,simple,run_1,0.3921723309904337,sat,1,0.3921723309904337,sat,1.0,exact,10,0,0,0.0,0.0,0.0,0.0,11,12,12,0,0.5833333333333334,2,2,1,0.0,0.0,8,1,0.0,2,0,0,0.0,1,0,0,0,0.0,0,0,0,2,0.5,0.17777777777777778,0
legal-68,legal,alpha_beta,run_1,0.018999533727765083,sat,1,0.050093118101358414,sat,2.636544602573827,exact,5,0,2,0.0,0.0,0.0,0.0,6,7,5,0,0.5714285714285714,2,1,2,0.8571428571428571,0.0,1,2,0.0,1,0,0,0.0,1,0,0,0,0.0,0,0,0,4,0.42857142857142855,0.14285714285714285,0
legal-68,legal,epoch_days,run_1,0.2206893665716052,sat,1,0.050093118101358414,sat,0.2269847382298101,exact,5,0,2,0.0,0.0,0.0,0.0,6,7,5,0,0.5714285714285714,2,1,2,0.8571428571428571,0.0,1,2,0.0,1,0,0,0.0,1,0,0,0,0.0,0,0,0,4,0.42857142857142855,0.14285714285714285,0
legal-68,legal,hybrid_ymd,run_1,0.05674600973725319,sat,1,0.050093118101358414,sat,0.8827601858403936,exact,5,0,2,0.0,0.0,0.0,0.0,6,7,5,0,0.5714285714285714,2,1,2,0.8571428571428571,0.0,1,2,0.0,1,0,0,0.0,1,0,0,0,0.0,0,0,0,4,0.42857142857142855,0.14285714285714285,0
legal-68,legal,simple,run_1,0.050093118101358414,sat,1,0.050093118101358414,sat,1.0,exact,5,0,2,0.0,0.0,0.0,0.0,6,7,5,0,0.5714285714285714,2,1,2,0.8571428571428571,0.0,1,2,0.0,1,0,0,0.0,1,0,0,0,0.0,0,0,0,4,0.42857142857142855,0.14285714285714285,0
legal-69,legal,alpha_beta,run_1,0.1512954467907548,sat,1,0.018696174956858158,sat,0.12357394325762766,exact,7,0,1,0.0,0.0,0.0,0.0,9,9,8,0,0.8888888888888888,1,1,1,0.2222222222222222,0.0,7,2,0.0,1,0,0,0.0,1,0,0,0,0.0,0,0,0,3,0.5,0.21428571428571427,0
legal-69,legal,epoch_days,run_1,1.125680866651237,sat,1,0.018696174956858158,sat,0.016608770310254088,exact,7,0,1,0.0,0.0,0.0,0.0,9,9,8,0,0.8888888888888888,1,1,1,0.2222222222222222,0.0,7,2,0.0,1,0,0,0.0,1,0,0,0,0.0,0,0,0,3,0.5,0.21428571428571427,0
legal-69,legal,hybrid_ymd,run_1,0.1608310006558895,sat,1,0.018696174956858158,sat,0.11624733341590086,exact,7,0,1,0.0,0.0,0.0,0.0,9,9,8,0,0.8888888888888888,1,1,1,0.2222222222222222,0.0,7,2,0.0,1,0,0,0.0,1,0,0,0,0.0,0,0,0,3,0.5,0.21428571428571427,0
legal-69,legal,simple,run_1,0.018696174956858158,sat,1,0.018696174956858158,sat,1.0,exact,7,0,1,0.0,0.0,0.0,0.0,9,9,8,0,0.8888888888888888,1,1,1,0.2222222222222222,0.0,7,2,0.0,1,0,0,0.0,1,0,0,0,0.0,0,0,0,3,0.5,0.21428571428571427,0
legal-7,legal,alpha_beta,run_1,0.008814210072159767,sat,1,0.012829313054680824,sat,1.455526127656409,exact,3,2,0,0.0,0.0,0.0,0.0,5,8,2,6,0.75,1,2,2,0.0,0.0,5,2,0.0,2,0,0,0.0,1,0,0,0,0.0,0,0,0,2,0.6,0.3,0
legal-7,legal,epoch_days,run_1,0.19093865156173706,sat,1,0.012829313054680824,sat,0.06719075970080716,exact,3,2,0,0.0,0.0,0.0,0.0,5,8,2,6,0.75,1,2,2,0.0,0.0,5,2,0.0,2,0,0,0.0,1,0,0,0,0.0,0,0,0,2,0.6,0.3,0
legal-7,legal,hybrid_ymd,run_1,0.02846664097160101,sat,1,0.012829313054680824,sat,0.4506788513432143,exact,3,2,0,0.0,0.0,0.0,0.0,5,8,2,6,0.75,1,2,2,0.0,0.0,5,2,0.0,2,0,0,0.0,1,0,0,0,0.0,0,0,0,2,0.6,0.3,0
legal-7,legal,simple,run_1,0.012829313054680824,sat,1,0.012829313054680824,sat,1.0,exact,3,2,0,0.0,0.0,0.0,0.0,5,8,2,6,0.75,1,2,2,0.0,0.0,5,2,0.0,2,0,0,0.0,1,0,0,0,0.0,0,0,0,2,0.6,0.3,0
legal-70,legal,alpha_beta,run_1,10.954212183132768,sat,1,4.850702483206987,sat,0.44281618815783674,exact,4,0,0,0.0,0.0,0.0,0.0,5,3,3,0,1.0,0,1,0,0.0,0.0,3,1,0.0,0,0,180,0.0,1,0,0,0,0.0,0,0,0,1,1.0,0.5,0
legal-70,legal,epoch_days,run_1,0.0033414848148822784,sat,1,4.850702483206987,sat,1451.6607891207427,exact,4,0,0,0.0,0.0,0.0,0.0,5,3,3,0,1.0,0,1,0,0.0,0.0,3,1,0.0,0,0,180,0.0,1,0,0,0,0.0,0,0,0,1,1.0,0.5,0
legal-70,legal,hybrid_ymd,run_1,0.4110518656671047,sat,1,4.850702483206987,sat,11.800706646434216,exact,4,0,0,0.0,0.0,0.0,0.0,5,3,3,0,1.0,0,1,0,0.0,0.0,3,1,0.0,0,0,180,0.0,1,0,0,0,0.0,0,0,0,1,1.0,0.5,0
legal-70,legal,simple,run_1,4.850702483206987,sat,1,4.850702483206987,sat,1.0,exact,4,0,0,0.0,0.0,0.0,0.0,5,3,3,0,1.0,0,1,0,0.0,0.0,3,1,0.0,0,0,180,0.0,1,0,0,0,0.0,0,0,0,1,1.0,0.5,0
legal-71,legal,alpha_beta,run_1,0.007378284819424152,sat,1,0.009514644742012024,sat,1.2895469577107768,exact,2,0,0,0.0,0.0,0.0,0.0,4,3,3,0,1.0,0,1,0,0.0,0.0,3,1,0.0,1,0,0,0.0,1,0,0,0,0.0,0,0,1,1,1.0,1.0,0
legal-71,legal,epoch_days,run_1,0.07158067915588617,sat,1,0.009514644742012024,sat,0.13292196796975517,exact,2,0,0,0.0,0.0,0.0,0.0,4,3,3,0,1.0,0,1,0,0.0,0.0,3,1,0.0,1,0,0,0.0,1,0,0,0,0.0,0,0,1,1,1.0,1.0,0
legal-71,legal,hybrid_ymd,run_1,0.011009729467332363,sat,1,0.009514644742012024,sat,0.8642033185505151,exact,2,0,0,0.0,0.0,0.0,0.0,4,3,3,0,1.0,0,1,0,0.0,0.0,3,1,0.0,1,0,0,0.0,1,0,0,0,0.0,0,0,1,1,1.0,1.0,0
legal-71,legal,simple,run_1,0.009514644742012024,sat,1,0.009514644742012024,sat,1.0,exact,2,0,0,0.0,0.0,0.0,0.0,4,3,3,0,1.0,0,1,0,0.0,0.0,3,1,0.0,1,0,0,0.0,1,0,0,0,0.0,0,0,1,1,1.0,1.0,0
legal-72,legal,alpha_beta,run_1,0.5273466408252716,sat,1,0.009766421280801296,sat,0.01851992697918266,exact,3,1,0,0.0,0.0,0.0,0.0,6,3,2,1,0.0,0,1,0,0.0,0.0,3,2,0.0,10,0,1,0.0,1,1,0,0,0.3333333333333333,1,0,0,1,1.0,0.5,1
legal-72,legal,epoch_days,run_1,0.05351536441594362,sat,1,0.009766421280801296,sat,0.1824975198691093,exact,3,1,0,0.0,0.0,0.0,0.0,6,3,2,1,0.0,0,1,0,0.0,0.0,3,2,0.0,10,0,1,0.0,1,1,0,0,0.3333333333333333,1,0,0,1,1.0,0.5,1
legal-72,legal,hybrid_ymd,run_1,1.2263615364208817,sat,1,0.009766421280801296,sat,0.00796373743855703,exact,3,1,0,0.0,0.0,0.0,0.0,6,3,2,1,0.0,0,1,0,0.0,0.0,3,2,0.0,10,0,1,0.0,1,1,0,0,0.3333333333333333,1,0,0,1,1.0,0.5,1
legal-72,legal,simple,run_1,0.009766421280801296,sat,1,0.009766421280801296,sat,1.0,exact,3,1,0,0.0,0.0,0.0,0.0,6,3,2,1,0.0,0,1,0,0.0,0.0,3,2,0.0,10,0,1,0.0,1,1,0,0,0.3333333333333333,1,0,0,1,1.0,0.5,1
legal-73,legal,alpha_beta,run_1,0.016795714385807514,sat,1,0.010605037212371826,sat,0.6314132860780932,exact,3,0,1,0.0,0.0,0.0,0.0,4,5,3,0,0.6,2,1,1,0.8,0.0,1,1,0.0,2,0,0,0.0,1,0,0,0,0.0,0,0,0,2,0.75,0.5,0
legal-73,legal,epoch_days,run_1,1.2533612120896578,sat,1,0.010605037212371826,sat,0.008461277650910108,exact,3,0,1,0.0,0.0,0.0,0.0,4,5,3,0,0.6,2,1,1,0.8,0.0,1,1,0.0,2,0,0,0.0,1,0,0,0,0.0,0,0,0,2,0.75,0.5,0
legal-73,legal,hybrid_ymd,run_1,0.011237467639148235,sat,1,0.010605037212371826,sat,0.9437212682532499,exact,3,0,1,0.0,0.0,0.0,0.0,4,5,3,0,0.6,2,1,1,0.8,0.0,1,1,0.0,2,0,0,0.0,1,0,0,0,0.0,0,0,0,2,0.75,0.5,0
legal-73,legal,simple,run_1,0.010605037212371826,sat,1,0.010605037212371826,sat,1.0,exact,3,0,1,0.0,0.0,0.0,0.0,4,5,3,0,0.6,2,1,1,0.8,0.0,1,1,0.0,2,0,0,0.0,1,0,0,0,0.0,0,0,0,2,0.75,0.5,0
legal-74,legal,alpha_beta,run_1,0.5246398914605379,sat,1,0.473954351618886,sat,0.90338984765236,exact,4,0,0,0.0,0.0,0.0,0.0,5,3,3,0,0.3333333333333333,0,1,0,0.0,0.0,3,1,0.0,0,0,30,0.0,1,0,0,0,0.0,0,0,0,1,1.0,0.5,0
legal-74,legal,epoch_days,run_1,0.0033465558663010597,sat,1,0.473954351618886,sat,141.62451503991971,exact,4,0,0,0.0,0.0,0.0,0.0,5,3,3,0,0.3333333333333333,0,1,0,0.0,0.0,3,1,0.0,0,0,30,0.0,1,0,0,0,0.0,0,0,0,1,1.0,0.5,0
legal-74,legal,hybrid_ymd,run_1,1.341047864407301,sat,1,0.473954351618886,sat,0.35342090629133377,exact,4,0,0,0.0,0.0,0.0,0.0,5,3,3,0,0.3333333333333333,0,1,0,0.0,0.0,3,1,0.0,0,0,30,0.0,1,0,0,0,0.0,0,0,0,1,1.0,0.5,0
legal-74,legal,simple,run_1,0.473954351618886,sat,1,0.473954351618886,sat,1.0,exact,4,0,0,0.0,0.0,0.0,0.0,5,3,3,0,0.3333333333333333,0,1,0,0.0,0.0,3,1,0.0,0,0,30,0.0,1,0,0,0,0.0,0,0,0,1,1.0,0.5,0
legal-75,legal,alpha_beta,run_1,0.09298709221184254,sat,1,0.062359499745070934,sat,0.6706253337076501,exact,13,1,0,0.0,0.0,0.0,0.0,22,21,20,1,0.3333333333333333,3,4,1,0.0,0.0,17,1,0.0,1,0,0,0.0,1,1,0,0,0.047619047619047616,8,0,0,1,1.0,0.21978021978021978,1
legal-75,legal,epoch_days,run_1,27.020986776798964,sat,1,0.062359499745070934,sat,0.0023078172629363296,exact,13,1,0,0.0,0.0,0.0,0.0,22,21,20,1,0.3333333333333333,3,4,1,0.0,0.0,17,1,0.0,1,0,0,0.0,1,1,0,0,0.047619047619047616,8,0,0,1,1.0,0.21978021978021978,1
legal-75,legal,hybrid_ymd,run_1,0.01655089482665062,sat,1,0.062359499745070934,sat,3.76774188937859,exact,13,1,0,0.0,0.0,0.0,0.0,22,21,20,1,0.3333333333333333,3,4,1,0.0,0.0,17,1,0.0,1,0,0,0.0,1,1,0,0,0.047619047619047616,8,0,0,1,1.0,0.21978021978021978,1
legal-75,legal,simple,run_1,0.062359499745070934,sat,1,0.062359499745070934,sat,1.0,exact,13,1,0,0.0,0.0,0.0,0.0,22,21,20,1,0.3333333333333333,3,4,1,0.0,0.0,17,1,0.0,1,0,0,0.0,1,1,0,0,0.047619047619047616,8,0,0,1,1.0,0.21978021978021978,1
legal-76,legal,alpha_beta,run_1,0.2844454711303115,sat,1,0.11333157774060965,sat,0.3984298898845524,exact,6,0,1,0.0,0.0,0.0,0.0,8,9,8,0,0.6666666666666666,1,1,1,0.2222222222222222,0.0,7,1,0.0,1,0,0,0.0,1,0,0,0,0.0,0,0,0,2,0.8571428571428571,0.2857142857142857,0
legal-76,legal,epoch_days,run_1,0.03625865839421749,sat,1,0.11333157774060965,sat,3.1256417848787175,exact,6,0,1,0.0,0.0,0.0,0.0,8,9,8,0,0.6666666666666666,1,1,1,0.2222222222222222,0.0,7,1,0.0,1,0,0,0.0,1,0,0,0,0.0,0,0,0,2,0.8571428571428571,0.2857142857142857,0
legal-76,legal,hybrid_ymd,run_1,0.21859424468129873,sat,1,0.11333157774060965,sat,0.5184563660669216,exact,6,0,1,0.0,0.0,0.0,0.0,8,9,8,0,0.6666666666666666,1,1,1,0.2222222222222222,0.0,7,1,0.0,1,0,0,0.0,1,0,0,0,0.0,0,0,0,2,0.8571428571428571,0.2857142857142857,0
legal-76,legal,simple,run_1,0.11333157774060965,sat,1,0.11333157774060965,sat,1.0,exact,6,0,1,0.0,0.0,0.0,0.0,8,9,8,0,0.6666666666666666,1,1,1,0.2222222222222222,0.0,7,1,0.0,1,0,0,0.0,1,0,0,0,0.0,0,0,0,2,0.8571428571428571,0.2857142857142857,0
legal-77,legal,alpha_beta,run_1,0.005177312530577183,sat,1,0.006083298474550247,sat,1.1749915498866093,exact,1,0,0,0.0,0.0,0.0,0.0,2,1,1,0,1.0,0,1,0,0.0,0.0,1,0,0.0,0,0,0,0.0,0,0,0,0,0.0,0,0,0,1,1.0,0.0,0
legal-77,legal,epoch_days,run_1,0.007932031527161598,sat,1,0.006083298474550247,sat,0.7669281764349085,exact,1,0,0,0.0,0.0,0.0,0.0,2,1,1,0,1.0,0,1,0,0.0,0.0,1,0,0.0,0,0,0,0.0,0,0,0,0,0.0,0,0,0,1,1.0,0.0,0
legal-77,legal,hybrid_ymd,run_1,0.006416837684810162,sat,1,0.006083298474550247,sat,0.9480212486830603,exact,1,0,0,0.0,0.0,0.0,0.0,2,1,1,0,1.0,0,1,0,0.0,0.0,1,0,0.0,0,0,0,0.0,0,0,0,0,0.0,0,0,0,1,1.0,0.0,0
legal-77,legal,simple,run_1,0.006083298474550247,sat,1,0.006083298474550247,sat,1.0,exact,1,0,0,0.0,0.0,0.0,0.0,2,1,1,0,1.0,0,1,0,0.0,0.0,1,0,0.0,0,0,0,0.0,0,0,0,0,0.0,0,0,0,1,1.0,0.0,0
legal-78,legal,alpha_beta,run_1,0.07759660761803389,sat,1,0.044315481558442116,sat,0.5711007596695883,exact,4,0,0,0.0,0.0,0.0,0.0,7,5,5,0,0.8,0,1,0,0.0,0.0,5,2,0.0,1,0,0,0.0,1,0,0,0,0.0,0,0,0,1,1.0,0.5,0
legal-78,legal,epoch_days,run_1,0.10734526254236698,sat,1,0.044315481558442116,sat,0.41283127460750024,exact,4,0,0,0.0,0.0,0.0,0.0,7,5,5,0,0.8,0,1,0,0.0,0.0,5,2,0.0,1,0,0,0.0,1,0,0,0,0.0,0,0,0,1,1.0,0.5,0
legal-78,legal,hybrid_ymd,run_1,0.07920723780989647,sat,1,0.044315481558442116,sat,0.5594877789426608,exact,4,0,0,0.0,0.0,0.0,0.0,7,5,5,0,0.8,0,1,0,0.0,0.0,5,2,0.0,1,0,0,0.0,1,0,0,0,0.0,0,0,0,1,1.0,0.5,0
legal-78,legal,simple,run_1,0.044315481558442116,sat,1,0.044315481558442116,sat,1.0,exact,4,0,0,0.0,0.0,0.0,0.0,7,5,5,0,0.8,0,1,0,0.0,0.0,5,2,0.0,1,0,0,0.0,1,0,0,0,0.0,0,0,0,1,1.0,0.5,0
legal-79,legal,alpha_beta,run_1,0.0070347050204873085,sat,1,0.0077005354687571526,sat,1.0946493770997836,exact,2,0,2,0.0,0.0,0.0,0.0,5,6,4,0,0.6666666666666666,2,1,2,1.0,0.25,0,0,0.0,0,0,0,0.0,0,0,0,0,0.0,0,0,0,4,0.25,0.0,0
legal-79,legal,epoch_days,run_1,0.00332644023001194,sat,1,0.0077005354687571526,sat,2.314947792923221,exact,2,0,2,0.0,0.0,0.0,0.0,5,6,4,0,0.6666666666666666,2,1,2,1.0,0.25,0,0,0.0,0,0,0,0.0,0,0,0,0,0.0,0,0,0,4,0.25,0.0,0
legal-79,legal,hybrid_ymd,run_1,0.006377378478646278,sat,1,0.0077005354687571526,sat,1.2074766292358643,exact,2,0,2,0.0,0.0,0.0,0.0,5,6,4,0,0.6666666666666666,2,1,2,1.0,0.25,0,0,0.0,0,0,0,0.0,0,0,0,0,0.0,0,0,0,4,0.25,0.0,0
legal-79,legal,simple,run_1,0.0077005354687571526,sat,1,0.0077005354687571526,sat,1.0,exact,2,0,2,0.0,0.0,0.0,0.0,5,6,4,0,0.6666666666666666,2,1,2,1.0,0.25,0,0,0.0,0,0,0,0.0,0,0,0,0,0.0,0,0,0,4,0.25,0.0,0
legal-8,legal,alpha_beta,run_1,0.08002855163067579,sat,1,0.18676274735480547,sat,2.333701454659556,exact,5,0,2,0.0,0.0,0.0,0.0,8,12,8,0,0.6666666666666666,4,1,1,0.6666666666666666,0.0,4,3,0.0,2,0,0,0.0,1,0,0,0,0.0,0,0,0,3,0.7142857142857143,0.23809523809523808,0
legal-8,legal,epoch_days,run_1,5.1060742530971766,sat,1,0.18676274735480547,sat,0.03657658273212955,exact,5,0,2,0.0,0.0,0.0,0.0,8,12,8,0,0.6666666666666666,4,1,1,0.6666666666666666,0.0,4,3,0.0,2,0,0,0.0,1,0,0,0,0.0,0,0,0,3,0.7142857142857143,0.23809523809523808,0
legal-8,legal,hybrid_ymd,run_1,0.13237797562032938,sat,1,0.18676274735480547,sat,1.4108294561812607,exact,5,0,2,0.0,0.0,0.0,0.0,8,12,8,0,0.6666666666666666,4,1,1,0.6666666666666666,0.0,4,3,0.0,2,0,0,0.0,1,0,0,0,0.0,0,0,0,3,0.7142857142857143,0.23809523809523808,0
legal-8,legal,simple,run_1,0.18676274735480547,sat,1,0.18676274735480547,sat,1.0,exact,5,0,2,0.0,0.0,0.0,0.0,8,12,8,0,0.6666666666666666,4,1,1,0.6666666666666666,0.0,4,3,0.0,2,0,0,0.0,1,0,0,0,0.0,0,0,0,3,0.7142857142857143,0.23809523809523808,0
legal-80,legal,alpha_beta,run_1,0.21041131019592285,sat,1,0.4305298710241914,sat,2.0461346427780276,exact,10,0,14,0.0,0.0,0.0,0.0,16,54,28,0,0.5185185185185185,28,2,1,1.0,0.0,0,0,0.0,0,0,0,0.0,0,0,0,0,0.0,0,0,1,20,0.20833333333333334,0.014492753623188406,0
legal-80,legal,epoch_days,run_1,0.006057223305106163,sat,1,0.4305298710241914,sat,71.07710073380655,exact,10,0,14,0.0,0.0,0.0,0.0,16,54,28,0,0.5185185185185185,28,2,1,1.0,0.0,0,0,0.0,0,0,0,0.0,0,0,0,0,0.0,0,0,1,20,0.20833333333333334,0.014492753623188406,0
legal-80,legal,hybrid_ymd,run_1,0.016201553866267204,sat,1,0.4305298710241914,sat,26.573369108785634,exact,10,0,14,0.0,0.0,0.0,0.0,16,54,28,0,0.5185185185185185,28,2,1,1.0,0.0,0,0,0.0,0,0,0,0.0,0,0,0,0,0.0,0,0,1,20,0.20833333333333334,0.014492753623188406,0
legal-80,legal,simple,run_1,0.4305298710241914,sat,1,0.4305298710241914,sat,1.0,exact,10,0,14,0.0,0.0,0.0,0.0,16,54,28,0,0.5185185185185185,28,2,1,1.0,0.0,0,0,0.0,0,0,0,0.0,0,0,0,0,0.0,0,0,1,20,0.20833333333333334,0.014492753623188406,0
legal-81,legal,alpha_beta,run_1,7.7157292533665895,sat,1,1.4650260601192713,sat,0.1898752550810462,exact,5,8,1,0.0,0.0,0.0,0.0,10,26,5,16,0.3333333333333333,9,1,2,0.8461538461538461,0.2857142857142857,4,1,0.0,0,0,30,0.0,1,0,0,0,0.0,4,0,0,5,0.35714285714285715,0.14285714285714285,0
legal-81,legal,epoch_days,run_1,0.25221592653542757,sat,1,1.4650260601192713,sat,5.808618354295267,exact,5,8,1,0.0,0.0,0.0,0.0,10,26,5,16,0.3333333333333333,9,1,2,0.8461538461538461,0.2857142857142857,4,1,0.0,0,0,30,0.0,1,0,0,0,0.0,4,0,0,5,0.35714285714285715,0.14285714285714285,0
legal-81,legal,hybrid_ymd,run_1,0.09036017768085003,sat,1,1.4650260601192713,sat,16.213182595697276,exact,5,8,1,0.0,0.0,0.0,0.0,10,26,5,16,0.3333333333333333,9,1,2,0.8461538461538461,0.2857142857142857,4,1,0.0,0,0,30,0.0,1,0,0,0,0.0,4,0,0,5,0.35714285714285715,0.14285714285714285,0
legal-81,legal,simple,run_1,1.4650260601192713,sat,1,1.4650260601192713,sat,1.0,exact,5,8,1,0.0,0.0,0.0,0.0,10,26,5,16,0.3333333333333333,9,1,2,0.8461538461538461,0.2857142857142857,4,1,0.0,0,0,30,0.0,1,0,0,0,0.0,4,0,0,5,0.35714285714285715,0.14285714285714285,0
legal-82,legal,alpha_beta,run_1,0.4658311400562525,sat,1,0.18257019761949778,sat,0.3919235575308493,exact,15,1,0,0.15789473684210525,0.16666666666666666,0.0,0.0,29,33,18,15,0.24242424242424243,15,8,2,0.5151515151515151,0.0,16,1,0.0,0,6,0,0.0,1,0,0,0,0.0,6,0,0,6,0.631578947368421,0.08187134502923976,0
legal-82,legal,epoch_days,run_1,0.34829026367515326,sat,1,0.18257019761949778,sat,0.5241897826629432,exact,15,1,0,0.15789473684210525,0.16666666666666666,0.0,0.0,29,33,18,15,0.24242424242424243,15,8,2,0.5151515151515151,0.0,16,1,0.0,0,6,0,0.0,1,0,0,0,0.0,6,0,0,6,0.631578947368421,0.08187134502923976,0
legal-82,legal,hybrid_ymd,run_1,0.154315497726202,sat,1,0.18257019761949778,sat,1.1830969689345612,exact,15,1,0,0.15789473684210525,0.16666666666666666,0.0,0.0,29,33,18,15,0.24242424242424243,15,8,2,0.5151515151515151,0.0,16,1,0.0,0,6,0,0.0,1,0,0,0,0.0,6,0,0,6,0.631578947368421,0.08187134502923976,0
legal-82,legal,simple,run_1,0.18257019761949778,sat,1,0.18257019761949778,sat,1.0,exact,15,1,0,0.15789473684210525,0.16666666666666666,0.0,0.0,29,33,18,15,0.24242424242424243,15,8,2,0.5151515151515151,0.0,16,1,0.0,0,6,0,0.0,1,0,0,0,0.0,6,0,0,6,0.631578947368421,0.08187134502923976,0
legal-83,legal,alpha_beta,run_1,4.487953922711313,sat,1,0.5808843821287155,sat,0.12943189527618526,exact,3,0,1,0.0,0.0,0.0,0.0,4,7,4,0,0.5714285714285714,3,1,1,0.8571428571428571,0.0,1,2,0.0,0,0,90,0.0,1,0,0,0,0.0,0,0,0,2,0.75,0.5,0
legal-83,legal,epoch_days,run_1,0.0048913490027189255,sat,1,0.5808843821287155,sat,118.75750060071827,exact,3,0,1,0.0,0.0,0.0,0.0,4,7,4,0,0.5714285714285714,3,1,1,0.8571428571428571,0.0,1,2,0.0,0,0,90,0.0,1,0,0,0,0.0,0,0,0,2,0.75,0.5,0
legal-83,legal,hybrid_ymd,run_1,0.16961138602346182,sat,1,0.5808843821287155,sat,3.424795915814069,exact,3,0,1,0.0,0.0,0.0,0.0,4,7,4,0,0.5714285714285714,3,1,1,0.8571428571428571,0.0,1,2,0.0,0,0,90,0.0,1,0,0,0,0.0,0,0,0,2,0.75,0.5,0
legal-83,legal,simple,run_1,0.5808843821287155,sat,1,0.5808843821287155,sat,1.0,exact,3,0,1,0.0,0.0,0.0,0.0,4,7,4,0,0.5714285714285714,3,1,1,0.8571428571428571,0.0,1,2,0.0,0,0,90,0.0,1,0,0,0,0.0,0,0,0,2,0.75,0.5,0
legal-84,legal,alpha_beta,run_1,12.232265497557819,sat,1,1.3147331336513162,sat,0.10748075521364409,exact,8,1,3,0.0,0.0,0.0,0.0,14,14,9,2,0.7142857142857143,3,1,1,0.42857142857142855,0.1,8,6,0.0,59,6,90,0.0,1,1,0,0,0.1,0,0,0,5,0.5833333333333334,0.12121212121212122,1
legal-84,legal,epoch_days,run_1,20.64515645056963,sat,1,1.3147331336513162,sat,0.06368240109001648,exact,8,1,3,0.0,0.0,0.0,0.0,14,14,9,2,0.7142857142857143,3,1,1,0.42857142857142855,0.1,8,6,0.0,59,6,90,0.0,1,1,0,0,0.1,0,0,0,5,0.5833333333333334,0.12121212121212122,1
legal-84,legal,hybrid_ymd,run_1,4.051394954323769,sat,1,1.3147331336513162,sat,0.32451369182068857,exact,8,1,3,0.0,0.0,0.0,0.0,14,14,9,2,0.7142857142857143,3,1,1,0.42857142857142855,0.1,8,6,0.0,59,6,90,0.0,1,1,0,0,0.1,0,0,0,5,0.5833333333333334,0.12121212121212122,1
legal-84,legal,simple,run_1,1.3147331336513162,sat,1,1.3147331336513162,sat,1.0,exact,8,1,3,0.0,0.0,0.0,0.0,14,14,9,2,0.7142857142857143,3,1,1,0.42857142857142855,0.1,8,6,0.0,59,6,90,0.0,1,1,0,0,0.1,0,0,0,5,0.5833333333333334,0.12121212121212122,1
legal-85,legal,alpha_beta,run_1,9.462345517240465,sat,1,0.7749693989753723,sat,0.08190034886840396,exact,6,0,13,0.0,0.0,0.0,0.0,26,41,28,0,0.6585365853658537,13,1,2,0.8536585365853658,0.0,6,3,0.0,5,0,60,0.0,1,0,0,0,0.0,0,0,1,14,0.3157894736842105,0.03508771929824561,0
legal-85,legal,epoch_days,run_1,19.790213556028903,sat,1,0.7749693989753723,sat,0.03915922366281314,exact,6,0,13,0.0,0.0,0.0,0.0,26,41,28,0,0.6585365853658537,13,1,2,0.8536585365853658,0.0,6,3,0.0,5,0,60,0.0,1,0,0,0,0.0,0,0,1,14,0.3157894736842105,0.03508771929824561,0
legal-85,legal,hybrid_ymd,run_1,0.5509749259799719,sat,1,0.7749693989753723,sat,1.4065420447164645,exact,6,0,13,0.0,0.0,0.0,0.0,26,41,28,0,0.6585365853658537,13,1,2,0.8536585365853658,0.0,6,3,0.0,5,0,60,0.0,1,0,0,0,0.0,0,0,1,14,0.3157894736842105,0.03508771929824561,0
legal-85,legal,simple,run_1,0.7749693989753723,sat,1,0.7749693989753723,sat,1.0,exact,6,0,13,0.0,0.0,0.0,0.0,26,41,28,0,0.6585365853658537,13,1,2,0.8536585365853658,0.0,6,3,0.0,5,0,60,0.0,1,0,0,0,0.0,0,0,1,14,0.3157894736842105,0.03508771929824561,0
legal-86,legal,alpha_beta,run_1,60.00242040026933,timeout,0,3.992149779573083,sat,0.0665331457121547,upper,7,0,1,0.0,0.0,0.0,0.0,11,9,7,0,0.7777777777777778,2,1,1,0.4444444444444444,0.0,5,4,0.0,0,0,121,0.0,1,0,0,0,0.0,0,0,0,3,0.5,0.17857142857142858,0
legal-86,legal,epoch_days,run_1,0.005331492982804775,sat,1,3.992149779573083,sat,748.7864642134266,exact,7,0,1,0.0,0.0,0.0,0.0,11,9,7,0,0.7777777777777778,2,1,1,0.4444444444444444,0.0,5,4,0.0,0,0,121,0.0,1,0,0,0,0.0,0,0,0,3,0.5,0.17857142857142858,0
legal-86,legal,hybrid_ymd,run_1,3.864926584996283,sat,1,3.992149779573083,sat,1.032917363830579,exact,7,0,1,0.0,0.0,0.0,0.0,11,9,7,0,0.7777777777777778,2,1,1,0.4444444444444444,0.0,5,4,0.0,0,0,121,0.0,1,0,0,0,0.0,0,0,0,3,0.5,0.17857142857142858,0
legal-86,legal,simple,run_1,3.992149779573083,sat,1,3.992149779573083,sat,1.0,exact,7,0,1,0.0,0.0,0.0,0.0,11,9,7,0,0.7777777777777778,2,1,1,0.4444444444444444,0.0,5,4,0.0,0,0,121,0.0,1,0,0,0,0.0,0,0,0,3,0.5,0.17857142857142858,0
legal-87,legal,alpha_beta,run_1,0.02103360742330551,sat,1,0.014382223598659039,sat,0.6837735110869925,exact,4,0,0,0.3333333333333333,0.3333333333333333,0.0,0.0,11,9,7,2,0.3333333333333333,0,1,0,0.0,0.0,9,3,0.0,1,11,0,0.0,1,0,0,2,0.2222222222222222,0,0,0,3,0.6666666666666666,0.26666666666666666,0
legal-87,legal,epoch_days,run_1,30.17125677410513,sat,1,0.014382223598659039,sat,0.00047668626157471727,exact,4,0,0,0.3333333333333333,0.3333333333333333,0.0,0.0,11,9,7,2,0.3333333333333333,0,1,0,0.0,0.0,9,3,0.0,1,11,0,0.0,1,0,0,2,0.2222222222222222,0,0,0,3,0.6666666666666666,0.26666666666666666,0
legal-87,legal,hybrid_ymd,run_1,0.05668605025857687,sat,1,0.014382223598659039,sat,0.2537171585081982,exact,4,0,0,0.3333333333333333,0.3333333333333333,0.0,0.0,11,9,7,2,0.3333333333333333,0,1,0,0.0,0.0,9,3,0.0,1,11,0,0.0,1,0,0,2,0.2222222222222222,0,0,0,3,0.6666666666666666,0.26666666666666666,0
legal-87,legal,simple,run_1,0.014382223598659039,sat,1,0.014382223598659039,sat,1.0,exact,4,0,0,0.3333333333333333,0.3333333333333333,0.0,0.0,11,9,7,2,0.3333333333333333,0,1,0,0.0,0.0,9,3,0.0,1,11,0,0.0,1,0,0,2,0.2222222222222222,0,0,0,3,0.6666666666666666,0.26666666666666666,0
legal-88,legal,alpha_beta,run_1,0.062475934624671936,sat,1,0.07033636886626482,sat,1.1258153925797978,exact,7,0,0,0.0,0.0,0.0,0.0,9,8,8,0,0.375,1,2,1,0.0,0.0,6,1,0.0,0,4,0,0.0,1,1,1,0,0.2,1,0,0,1,1.0,0.2857142857142857,0
legal-88,legal,epoch_days,run_1,0.706020493991673,sat,1,0.07033636886626482,sat,0.09962369288828943,exact,7,0,0,0.0,0.0,0.0,0.0,9,8,8,0,0.375,1,2,1,0.0,0.0,6,1,0.0,0,4,0,0.0,1,1,1,0,0.2,1,0,0,1,1.0,0.2857142857142857,0
legal-88,legal,hybrid_ymd,run_1,0.07895352225750685,sat,1,0.07033636886626482,sat,0.8908578978511283,exact,7,0,0,0.0,0.0,0.0,0.0,9,8,8,0,0.375,1,2,1,0.0,0.0,6,1,0.0,0,4,0,0.0,1,1,1,0,0.2,1,0,0,1,1.0,0.2857142857142857,0
legal-88,legal,simple,run_1,0.07033636886626482,sat,1,0.07033636886626482,sat,1.0,exact,7,0,0,0.0,0.0,0.0,0.0,9,8,8,0,0.375,1,2,1,0.0,0.0,6,1,0.0,0,4,0,0.0,1,1,1,0,0.2,1,0,0,1,1.0,0.2857142857142857,0
legal-89,legal,alpha_beta,run_1,0.07447260711342096,sat,1,0.011724121868610382,sat,0.15742864823779665,exact,4,0,1,0.0,0.0,0.0,0.0,6,6,5,0,0.8333333333333334,1,1,1,0.3333333333333333,0.0,4,1,0.0,1,0,0,0.0,1,0,0,0,0.0,0,0,0,3,0.6,0.3,0
legal-89,legal,epoch_days,run_1,0.026870432309806347,sat,1,0.011724121868610382,sat,0.43632055239884143,exact,4,0,1,0.0,0.0,0.0,0.0,6,6,5,0,0.8333333333333334,1,1,1,0.3333333333333333,0.0,4,1,0.0,1,0,0,0.0,1,0,0,0,0.0,0,0,0,3,0.6,0.3,0
legal-89,legal,hybrid_ymd,run_1,0.01702607423067093,sat,1,0.011724121868610382,sat,0.6885980708042749,exact,4,0,1,0.0,0.0,0.0,0.0,6,6,5,0,0.8333333333333334,1,1,1,0.3333333333333333,0.0,4,1,0.0,1,0,0,0.0,1,0,0,0,0.0,0,0,0,3,0.6,0.3,0
legal-89,legal,simple,run_1,0.011724121868610382,sat,1,0.011724121868610382,sat,1.0,exact,4,0,1,0.0,0.0,0.0,0.0,6,6,5,0,0.8333333333333334,1,1,1,0.3333333333333333,0.0,4,1,0.0,1,0,0,0.0,1,0,0,0,0.0,0,0,0,3,0.6,0.3,0
legal-9,legal,alpha_beta,run_1,0.039708828553557396,sat,1,0.011815667152404785,sat,0.29755768635854796,exact,5,2,0,0.0,0.0,0.0,0.0,6,8,5,3,0.5,0,1,0,0.0,0.0,8,1,0.0,1,0,0,0.0,1,3,0,0,0.375,0,0,0,1,1.0,0.3333333333333333,3
legal-9,legal,epoch_days,run_1,0.16810437757521868,sat,1,0.011815667152404785,sat,0.07028768270545387,exact,5,2,0,0.0,0.0,0.0,0.0,6,8,5,3,0.5,0,1,0,0.0,0.0,8,1,0.0,1,0,0,0.0,1,3,0,0,0.375,0,0,0,1,1.0,0.3333333333333333,3
legal-9,legal,hybrid_ymd,run_1,0.011829948984086514,sat,1,0.011815667152404785,sat,0.9987927393684504,exact,5,2,0,0.0,0.0,0.0,0.0,6,8,5,3,0.5,0,1,0,0.0,0.0,8,1,0.0,1,0,0,0.0,1,3,0,0,0.375,0,0,0,1,1.0,0.3333333333333333,3
legal-9,legal,simple,run_1,0.011815667152404785,sat,1,0.011815667152404785,sat,1.0,exact,5,2,0,0.0,0.0,0.0,0.0,6,8,5,3,0.5,0,1,0,0.0,0.0,8,1,0.0,1,0,0,0.0,1,3,0,0,0.375,0,0,0,1,1.0,0.3333333333333333,3
legal-90,legal,alpha_beta,run_1,0.03179377410560846,sat,1,0.24150734022259712,sat,7.596057625005108,exact,3,1,5,0.0,0.0,0.0,0.0,6,15,7,2,0.26666666666666666,6,1,1,0.8,0.0,3,4,0.0,5,0,0,0.0,1,0,0,0,0.0,0,0,0,7,0.3333333333333333,0.08333333333333333,0
legal-90,legal,epoch_days,run_1,0.6396949924528599,sat,1,0.24150734022259712,sat,0.3775351426412708,exact,3,1,5,0.0,0.0,0.0,0.0,6,15,7,2,0.26666666666666666,6,1,1,0.8,0.0,3,4,0.0,5,0,0,0.0,1,0,0,0,0.0,0,0,0,7,0.3333333333333333,0.08333333333333333,0
legal-90,legal,hybrid_ymd,run_1,0.08270436991006136,sat,1,0.24150734022259712,sat,2.9201279265561113,exact,3,1,5,0.0,0.0,0.0,0.0,6,15,7,2,0.26666666666666666,6,1,1,0.8,0.0,3,4,0.0,5,0,0,0.0,1,0,0,0,0.0,0,0,0,7,0.3333333333333333,0.08333333333333333,0
legal-90,legal,simple,run_1,0.24150734022259712,sat,1,0.24150734022259712,sat,1.0,exact,3,1,5,0.0,0.0,0.0,0.0,6,15,7,2,0.26666666666666666,6,1,1,0.8,0.0,3,4,0.0,5,0,0,0.0,1,0,0,0,0.0,0,0,0,7,0.3333333333333333,0.08333333333333333,0
legal-91,legal,alpha_beta,run_1,0.02179782185703516,sat,1,0.05036116950213909,sat,2.310376230819834,exact,6,0,2,0.0,0.0,0.0,0.0,8,10,7,0,0.7,2,1,1,0.5,0.14285714285714285,5,1,0.0,1,0,0,0.0,1,0,0,0,0.0,0,0,0,5,0.5,0.14285714285714285,0
legal-91,legal,epoch_days,run_1,0.13867459539324045,sat,1,0.05036116950213909,sat,0.3631607459126136,exact,6,0,2,0.0,0.0,0.0,0.0,8,10,7,0,0.7,2,1,1,0.5,0.14285714285714285,5,1,0.0,1,0,0,0.0,1,0,0,0,0.0,0,0,0,5,0.5,0.14285714285714285,0
legal-91,legal,hybrid_ymd,run_1,0.01770877931267023,sat,1,0.05036116950213909,sat,2.8438532443682787,exact,6,0,2,0.0,0.0,0.0,0.0,8,10,7,0,0.7,2,1,1,0.5,0.14285714285714285,5,1,0.0,1,0,0,0.0,1,0,0,0,0.0,0,0,0,5,0.5,0.14285714285714285,0
legal-91,legal,simple,run_1,0.05036116950213909,sat,1,0.05036116950213909,sat,1.0,exact,6,0,2,0.0,0.0,0.0,0.0,8,10,7,0,0.7,2,1,1,0.5,0.14285714285714285,5,1,0.0,1,0,0,0.0,1,0,0,0,0.0,0,0,0,5,0.5,0.14285714285714285,0
legal-92,legal,alpha_beta,run_1,0.0598770547658205,sat,1,0.020640808157622814,sat,0.3447198302980855,exact,8,0,3,0.0,0.0,0.0,0.0,13,11,8,0,0.7272727272727273,3,1,2,0.6363636363636364,0.0,4,1,0.0,1,0,0,0.0,1,0,0,0,0.0,0,0,0,9,0.2727272727272727,0.03636363636363636,0
legal-92,legal,epoch_days,run_1,0.3427731888368726,sat,1,0.020640808157622814,sat,0.06021710224088114,exact,8,0,3,0.0,0.0,0.0,0.0,13,11,8,0,0.7272727272727273,3,1,2,0.6363636363636364,0.0,4,1,0.0,1,0,0,0.0,1,0,0,0,0.0,0,0,0,9,0.2727272727272727,0.03636363636363636,0
legal-92,legal,hybrid_ymd,run_1,0.12656448408961296,sat,1,0.020640808157622814,sat,0.16308531027557666,exact,8,0,3,0.0,0.0,0.0,0.0,13,11,8,0,0.7272727272727273,3,1,2,0.6363636363636364,0.0,4,1,0.0,1,0,0,0.0,1,0,0,0,0.0,0,0,0,9,0.2727272727272727,0.03636363636363636,0
legal-92,legal,simple,run_1,0.020640808157622814,sat,1,0.020640808157622814,sat,1.0,exact,8,0,3,0.0,0.0,0.0,0.0,13,11,8,0,0.7272727272727273,3,1,2,0.6363636363636364,0.0,4,1,0.0,1,0,0,0.0,1,0,0,0,0.0,0,0,0,9,0.2727272727272727,0.03636363636363636,0
legal-93,legal,alpha_beta,run_1,0.6403325460851192,sat,1,1.2475202037021518,sat,1.9482380074685743,exact,11,0,4,0.0,0.0,0.0,0.0,14,22,13,0,0.45454545454545453,9,2,2,0.8636363636363636,0.2,3,6,0.0,3,6,0,0.0,1,0,0,0,0.0,0,0,0,6,0.6666666666666666,0.09523809523809523,0
legal-93,legal,epoch_days,run_1,3.2857101438567042,sat,1,1.2475202037021518,sat,0.379680540608441,exact,11,0,4,0.0,0.0,0.0,0.0,14,22,13,0,0.45454545454545453,9,2,2,0.8636363636363636,0.2,3,6,0.0,3,6,0,0.0,1,0,0,0,0.0,0,0,0,6,0.6666666666666666,0.09523809523809523,0
legal-93,legal,hybrid_ymd,run_1,0.5873815985396504,sat,1,1.2475202037021518,sat,2.1238666767970593,exact,11,0,4,0.0,0.0,0.0,0.0,14,22,13,0,0.45454545454545453,9,2,2,0.8636363636363636,0.2,3,6,0.0,3,6,0,0.0,1,0,0,0,0.0,0,0,0,6,0.6666666666666666,0.09523809523809523,0
legal-93,legal,simple,run_1,1.2475202037021518,sat,1,1.2475202037021518,sat,1.0,exact,11,0,4,0.0,0.0,0.0,0.0,14,22,13,0,0.45454545454545453,9,2,2,0.8636363636363636,0.2,3,6,0.0,3,6,0,0.0,1,0,0,0,0.0,0,0,0,6,0.6666666666666666,0.09523809523809523,0
legal-94,legal,alpha_beta,run_1,0.0068410467356443405,sat,1,0.008610419929027557,sat,1.2586407112473212,exact,2,0,2,0.0,0.0,0.0,0.0,4,9,5,0,0.5555555555555556,4,1,1,0.8888888888888888,0.8,1,0,0.0,0,0,0,0.0,0,0,0,0,0.0,0,0,0,4,0.25,0.0,0
legal-94,legal,epoch_days,run_1,0.005577556788921356,sat,1,0.008610419929027557,sat,1.543761947189914,exact,2,0,2,0.0,0.0,0.0,0.0,4,9,5,0,0.5555555555555556,4,1,1,0.8888888888888888,0.8,1,0,0.0,0,0,0,0.0,0,0,0,0,0.0,0,0,0,4,0.25,0.0,0
legal-94,legal,hybrid_ymd,run_1,0.006880780681967735,sat,1,0.008610419929027557,sat,1.2513725298050318,exact,2,0,2,0.0,0.0,0.0,0.0,4,9,5,0,0.5555555555555556,4,1,1,0.8888888888888888,0.8,1,0,0.0,0,0,0,0.0,0,0,0,0,0.0,0,0,0,4,0.25,0.0,0
legal-94,legal,simple,run_1,0.008610419929027557,sat,1,0.008610419929027557,sat,1.0,exact,2,0,2,0.0,0.0,0.0,0.0,4,9,5,0,0.5555555555555556,4,1,1,0.8888888888888888,0.8,1,0,0.0,0,0,0,0.0,0,0,0,0,0.0,0,0,0,4,0.25,0.0,0
legal-95,legal,alpha_beta,run_1,60.002836745232344,timeout,0,12.18443550541997,sat,0.20306432439443142,upper,10,0,1,0.0,0.0,0.0,0.0,14,11,10,0,0.7272727272727273,3,1,1,0.5454545454545454,0.25,5,4,0.0,7,0,180,0.0,1,0,0,0,0.0,0,0,0,5,0.36363636363636365,0.12727272727272726,0
legal-95,legal,epoch_days,run_1,0.17228542733937502,sat,1,12.18443550541997,sat,70.72238025923434,exact,10,0,1,0.0,0.0,0.0,0.0,14,11,10,0,0.7272727272727273,3,1,1,0.5454545454545454,0.25,5,4,0.0,7,0,180,0.0,1,0,0,0,0.0,0,0,0,5,0.36363636363636365,0.12727272727272726,0
legal-95,legal,hybrid_ymd,run_1,0.42715376429259777,sat,1,12.18443550541997,sat,28.524705911461204,exact,10,0,1,0.0,0.0,0.0,0.0,14,11,10,0,0.7272727272727273,3,1,1,0.5454545454545454,0.25,5,4,0.0,7,0,180,0.0,1,0,0,0,0.0,0,0,0,5,0.36363636363636365,0.12727272727272726,0
legal-95,legal,simple,run_1,12.18443550541997,sat,1,12.18443550541997,sat,1.0,exact,10,0,1,0.0,0.0,0.0,0.0,14,11,10,0,0.7272727272727273,3,1,1,0.5454545454545454,0.25,5,4,0.0,7,0,180,0.0,1,0,0,0,0.0,0,0,0,5,0.36363636363636365,0.12727272727272726,0
legal-96,legal,alpha_beta,run_1,0.1338045783340931,sat,1,0.6975417118519545,sat,5.213137850263099,exact,5,0,0,0.0,0.0,0.0,0.0,8,5,5,0,1.0,0,1,0,0.0,0.0,5,3,0.0,2,0,0,0.0,1,0,0,0,0.0,0,0,0,2,0.6,0.3,0
legal-96,legal,epoch_days,run_1,33.38318143133074,sat,1,0.6975417118519545,sat,0.020895004069243637,exact,5,0,0,0.0,0.0,0.0,0.0,8,5,5,0,1.0,0,1,0,0.0,0.0,5,3,0.0,2,0,0,0.0,1,0,0,0,0.0,0,0,0,2,0.6,0.3,0
legal-96,legal,hybrid_ymd,run_1,0.1671199183911085,sat,1,0.6975417118519545,sat,4.1738993087556855,exact,5,0,0,0.0,0.0,0.0,0.0,8,5,5,0,1.0,0,1,0,0.0,0.0,5,3,0.0,2,0,0,0.0,1,0,0,0,0.0,0,0,0,2,0.6,0.3,0
legal-96,legal,simple,run_1,0.6975417118519545,sat,1,0.6975417118519545,sat,1.0,exact,5,0,0,0.0,0.0,0.0,0.0,8,5,5,0,1.0,0,1,0,0.0,0.0,5,3,0.0,2,0,0,0.0,1,0,0,0,0.0,0,0,0,2,0.6,0.3,0
legal-97,legal,alpha_beta,run_1,0.008591252379119396,sat,1,0.01276661641895771,sat,1.48600179061045,exact,2,0,4,0.0,0.0,0.0,0.0,3,15,2,5,0.13333333333333333,6,3,3,0.8666666666666667,0.0,2,1,0.0,1,0,0,0.0,1,2,2,2,0.75,0,0,0,5,0.3333333333333333,0.06666666666666667,0
legal-97,legal,epoch_days,run_1,1.3819100968539715,sat,1,0.01276661641895771,sat,0.009238384210392508,exact,2,0,4,0.0,0.0,0.0,0.0,3,15,2,5,0.13333333333333333,6,3,3,0.8666666666666667,0.0,2,1,0.0,1,0,0,0.0,1,2,2,2,0.75,0,0,0,5,0.3333333333333333,0.06666666666666667,0
legal-97,legal,hybrid_ymd,run_1,0.030871336348354816,sat,1,0.01276661641895771,sat,0.41354272049962826,exact,2,0,4,0.0,0.0,0.0,0.0,3,15,2,5,0.13333333333333333,6,3,3,0.8666666666666667,0.0,2,1,0.0,1,0,0,0.0,1,2,2,2,0.75,0,0,0,5,0.3333333333333333,0.06666666666666667,0
legal-97,legal,simple,run_1,0.01276661641895771,sat,1,0.01276661641895771,sat,1.0,exact,2,0,4,0.0,0.0,0.0,0.0,3,15,2,5,0.13333333333333333,6,3,3,0.8666666666666667,0.0,2,1,0.0,1,0,0,0.0,1,2,2,2,0.75,0,0,0,5,0.3333333333333333,0.06666666666666667,0
legal-98,legal,alpha_beta,run_1,40.66091935522854,sat,1,0.2713708523660898,sat,0.006673996964881576,exact,4,0,1,0.0,0.0,0.0,0.0,5,7,4,0,0.42857142857142855,3,1,1,0.8571428571428571,0.0,1,1,0.0,0,0,10,0.0,1,0,0,0,0.0,0,0,0,2,0.8,0.3,0
legal-98,legal,epoch_days,run_1,0.0053446004167199135,sat,1,0.2713708523660898,sat,50.774769151523486,exact,4,0,1,0.0,0.0,0.0,0.0,5,7,4,0,0.42857142857142855,3,1,1,0.8571428571428571,0.0,1,1,0.0,0,0,10,0.0,1,0,0,0,0.0,0,0,0,2,0.8,0.3,0
legal-98,legal,hybrid_ymd,run_1,0.04478982836008072,sat,1,0.2713708523660898,sat,6.058760712018071,exact,4,0,1,0.0,0.0,0.0,0.0,5,7,4,0,0.42857142857142855,3,1,1,0.8571428571428571,0.0,1,1,0.0,0,0,10,0.0,1,0,0,0,0.0,0,0,0,2,0.8,0.3,0
legal-98,legal,simple,run_1,0.2713708523660898,sat,1,0.2713708523660898,sat,1.0,exact,4,0,1,0.0,0.0,0.0,0.0,5,7,4,0,0.42857142857142855,3,1,1,0.8571428571428571,0.0,1,1,0.0,0,0,10,0.0,1,0,0,0,0.0,0,0,0,2,0.8,0.3,0
legal-99,legal,alpha_beta,run_1,2.906104674562812,sat,1,0.8906781626865268,sat,0.3064852310663994,exact,7,0,0,0.0,0.0,0.0,0.0,11,10,10,0,1.0,0,1,0,0.0,0.0,10,4,0.0,5,0,0,0.0,1,0,0,0,0.0,0,0,0,1,1.0,0.38095238095238093,0
legal-99,legal,epoch_days,run_1,24.926533030346036,sat,1,0.8906781626865268,sat,0.035732131765063284,exact,7,0,0,0.0,0.0,0.0,0.0,11,10,10,0,1.0,0,1,0,0.0,0.0,10,4,0.0,5,0,0,0.0,1,0,0,0,0.0,0,0,0,1,1.0,0.38095238095238093,0
legal-99,legal,hybrid_ymd,run_1,0.4247772116214037,sat,1,0.8906781626865268,sat,2.096812489744323,exact,7,0,0,0.0,0.0,0.0,0.0,11,10,10,0,1.0,0,1,0,0.0,0.0,10,4,0.0,5,0,0,0.0,1,0,0,0,0.0,0,0,0,1,1.0,0.38095238095238093,0
legal-99,legal,simple,run_1,0.8906781626865268,sat,1,0.8906781626865268,sat,1.0,exact,7,0,0,0.0,0.0,0.0,0.0,11,10,10,0,1.0,0,1,0,0.0,0.0,10,4,0.0,5,0,0,0.0,1,0,0,0,0.0,0,0,0,1,1.0,0.38095238095238093,0
llm-logical_operators-1,llm,alpha_beta,run_1,0.0007956894114613533,sat,1,0.000517052598297596,sat,0.649817115635589,exact,0,0,0,1.0,1.0,0.0,0.0,4,10,2,8,0.0,2,2,2,0.0,0.0,6,1,0.0,4,0,0,0.0,1,3,2,3,0.8,0,1,1,1,1.0,1.0,0
llm-logical_operators-1,llm,epoch_days,run_1,0.0010647149756550789,sat,1,0.000517052598297596,sat,0.485625364646978,exact,0,0,0,1.0,1.0,0.0,0.0,4,10,2,8,0.0,2,2,2,0.0,0.0,6,1,0.0,4,0,0,0.0,1,3,2,3,0.8,0,1,1,1,1.0,1.0,0
llm-logical_operators-1,llm,hybrid_ymd,run_1,0.0009139971807599068,sat,1,0.000517052598297596,sat,0.5657048065156098,exact,0,0,0,1.0,1.0,0.0,0.0,4,10,2,8,0.0,2,2,2,0.0,0.0,6,1,0.0,4,0,0,0.0,1,3,2,3,0.8,0,1,1,1,1.0,1.0,0
llm-logical_operators-1,llm,simple,run_1,0.000517052598297596,sat,1,0.000517052598297596,sat,1.0,exact,0,0,0,1.0,1.0,0.0,0.0,4,10,2,8,0.0,2,2,2,0.0,0.0,6,1,0.0,4,0,0,0.0,1,3,2,3,0.8,0,1,1,1,1.0,1.0,0
llm-logical_operators-10,llm,alpha_beta,run_1,0.0011543380096554756,sat,1,0.0006116898730397224,sat,0.5299053378847741,exact,0,0,0,1.0,1.0,0.0,0.0,7,16,4,12,0.3125,4,2,2,0.3125,0.0,5,3,0.0,0,3,0,0.0,1,8,7,2,0.8095238095238095,0,0,0,1,1.0,1.0,0
llm-logical_operators-10,llm,epoch_days,run_1,0.0012713652104139328,sat,1,0.0006116898730397224,sat,0.48112837132028147,exact,0,0,0,1.0,1.0,0.0,0.0,7,16,4,12,0.3125,4,2,2,0.3125,0.0,5,3,0.0,0,3,0,0.0,1,8,7,2,0.8095238095238095,0,0,0,1,1.0,1.0,0
llm-logical_operators-10,llm,hybrid_ymd,run_1,0.0013447673991322517,sat,1,0.0006116898730397224,sat,0.454866673176664,exact,0,0,0,1.0,1.0,0.0,0.0,7,16,4,12,0.3125,4,2,2,0.3125,0.0,5,3,0.0,0,3,0,0.0,1,8,7,2,0.8095238095238095,0,0,0,1,1.0,1.0,0
llm-logical_operators-10,llm,simple,run_1,0.0006116898730397224,sat,1,0.0006116898730397224,sat,1.0,exact,0,0,0,1.0,1.0,0.0,0.0,7,16,4,12,0.3125,4,2,2,0.3125,0.0,5,3,0.0,0,3,0,0.0,1,8,7,2,0.8095238095238095,0,0,0,1,1.0,1.0,0
llm-logical_operators-11,llm,alpha_beta,run_1,0.0016313083469867706,sat,1,0.0007471013814210892,sat,0.4579768029760151,exact,0,0,0,1.0,1.0,0.0,0.0,7,10,3,7,0.0,2,1,1,0.5,0.0,5,3,0.0,4,0,1,0.0,1,4,5,3,0.8,2,1,1,1,1.0,1.0,0
llm-logical_operators-11,llm,epoch_days,run_1,0.03538392577320337,sat,1,0.0007471013814210892,sat,0.021114146186313704,exact,0,0,0,1.0,1.0,0.0,0.0,7,10,3,7,0.0,2,1,1,0.5,0.0,5,3,0.0,4,0,1,0.0,1,4,5,3,0.8,2,1,1,1,1.0,1.0,0
llm-logical_operators-11,llm,hybrid_ymd,run_1,0.0015235627070069313,sat,1,0.0007471013814210892,sat,0.4903647076586591,exact,0,0,0,1.0,1.0,0.0,0.0,7,10,3,7,0.0,2,1,1,0.5,0.0,5,3,0.0,4,0,1,0.0,1,4,5,3,0.8,2,1,1,1,1.0,1.0,0
llm-logical_operators-11,llm,simple,run_1,0.0007471013814210892,sat,1,0.0007471013814210892,sat,1.0,exact,0,0,0,1.0,1.0,0.0,0.0,7,10,3,7,0.0,2,1,1,0.5,0.0,5,3,0.0,4,0,1,0.0,1,4,5,3,0.8,2,1,1,1,1.0,1.0,0
llm-logical_operators-12,llm,alpha_beta,run_1,0.007693803869187832,sat,1,0.002349565736949444,sat,0.30538414767225763,exact,3,0,0,0.0,0.0,0.0,0.0,7,15,4,11,0.2,4,2,2,0.2,0.0,6,2,0.0,0,1,0,0.0,1,0,4,9,0.7647058823529411,0,0,1,1,1.0,0.6666666666666666,0
llm-logical_operators-12,llm,epoch_days,run_1,0.45038744807243347,sat,1,0.002349565736949444,sat,0.005216765580402177,exact,3,0,0,0.0,0.0,0.0,0.0,7,15,4,11,0.2,4,2,2,0.2,0.0,6,2,0.0,0,1,0,0.0,1,0,4,9,0.7647058823529411,0,0,1,1,1.0,0.6666666666666666,0
llm-logical_operators-12,llm,hybrid_ymd,run_1,0.008661443367600441,sat,1,0.002349565736949444,sat,0.2712672284781521,exact,3,0,0,0.0,0.0,0.0,0.0,7,15,4,11,0.2,4,2,2,0.2,0.0,6,2,0.0,0,1,0,0.0,1,0,4,9,0.7647058823529411,0,0,1,1,1.0,0.6666666666666666,0
llm-logical_operators-12,llm,simple,run_1,0.002349565736949444,sat,1,0.002349565736949444,sat,1.0,exact,3,0,0,0.0,0.0,0.0,0.0,7,15,4,11,0.2,4,2,2,0.2,0.0,6,2,0.0,0,1,0,0.0,1,0,4,9,0.7647058823529411,0,0,1,1,1.0,0.6666666666666666,0
llm-logical_operators-13,llm,alpha_beta,run_1,0.002110441215336323,sat,1,0.2759518092498183,sat,130.7555061209522,exact,0,0,0,1.0,1.0,0.0,0.0,15,21,11,10,0.38095238095238093,5,2,2,0.38095238095238093,0.375,7,7,0.0,0,6,45,0.0,1,7,8,1,0.5925925925925926,1,0,1,1,1.0,0.5,0
llm-logical_operators-13,llm,epoch_days,run_1,0.005377478897571564,sat,1,0.2759518092498183,sat,51.31620495515779,exact,0,0,0,1.0,1.0,0.0,0.0,15,21,11,10,0.38095238095238093,5,2,2,0.38095238095238093,0.375,7,7,0.0,0,6,45,0.0,1,7,8,1,0.5925925925925926,1,0,1,1,1.0,0.5,0
llm-logical_operators-13,llm,hybrid_ymd,run_1,0.006479903124272823,sat,1,0.2759518092498183,sat,42.58579240423224,exact,0,0,0,1.0,1.0,0.0,0.0,15,21,11,10,0.38095238095238093,5,2,2,0.38095238095238093,0.375,7,7,0.0,0,6,45,0.0,1,7,8,1,0.5925925925925926,1,0,1,1,1.0,0.5,0
llm-logical_operators-13,llm,simple,run_1,0.2759518092498183,sat,1,0.2759518092498183,sat,1.0,exact,0,0,0,1.0,1.0,0.0,0.0,15,21,11,10,0.38095238095238093,5,2,2,0.38095238095238093,0.375,7,7,0.0,0,6,45,0.0,1,7,8,1,0.5925925925925926,1,0,1,1,1.0,0.5,0
llm-logical_operators-14,llm,alpha_beta,run_1,0.014869133941829205,sat,1,0.003950139507651329,sat,0.26566036213709576,exact,2,0,0,0.3333333333333333,0.3333333333333333,0.0,0.0,7,10,5,5,0.3,1,2,2,0.0,0.3333333333333333,6,1,0.0,1,0,0,0.0,1,2,3,1,0.5454545454545454,0,0,0,2,0.6666666666666666,0.3333333333333333,0
llm-logical_operators-14,llm,epoch_days,run_1,2.8129034945741296,sat,1,0.003950139507651329,sat,0.0014042925806984983,exact,2,0,0,0.3333333333333333,0.3333333333333333,0.0,0.0,7,10,5,5,0.3,1,2,2,0.0,0.3333333333333333,6,1,0.0,1,0,0,0.0,1,2,3,1,0.5454545454545454,0,0,0,2,0.6666666666666666,0.3333333333333333,0
llm-logical_operators-14,llm,hybrid_ymd,run_1,0.009858543984591961,sat,1,0.003950139507651329,sat,0.4006818363670183,exact,2,0,0,0.3333333333333333,0.3333333333333333,0.0,0.0,7,10,5,5,0.3,1,2,2,0.0,0.3333333333333333,6,1,0.0,1,0,0,0.0,1,2,3,1,0.5454545454545454,0,0,0,2,0.6666666666666666,0.3333333333333333,0
llm-logical_operators-14,llm,simple,run_1,0.003950139507651329,sat,1,0.003950139507651329,sat,1.0,exact,2,0,0,0.3333333333333333,0.3333333333333333,0.0,0.0,7,10,5,5,0.3,1,2,2,0.0,0.3333333333333333,6,1,0.0,1,0,0,0.0,1,2,3,1,0.5454545454545454,0,0,0,2,0.6666666666666666,0.3333333333333333,0
llm-logical_operators-15,llm,alpha_beta,run_1,0.0012207189574837685,sat,1,0.35040075797587633,sat,287.0445779740711,exact,0,0,0,1.0,1.0,0.0,0.0,7,17,6,11,0.17647058823529413,5,2,2,0.35294117647058826,0.0,4,2,0.0,0,3,27,0.0,1,4,6,4,0.7,0,0,1,1,1.0,0.6666666666666666,0
llm-logical_operators-15,llm,epoch_days,run_1,0.0009941179305315018,sat,1,0.35040075797587633,sat,352.4740347340237,exact,0,0,0,1.0,1.0,0.0,0.0,7,17,6,11,0.17647058823529413,5,2,2,0.35294117647058826,0.0,4,2,0.0,0,3,27,0.0,1,4,6,4,0.7,0,0,1,1,1.0,0.6666666666666666,0
llm-logical_operators-15,llm,hybrid_ymd,run_1,0.006270203739404678,sat,1,0.35040075797587633,sat,55.88347245780964,exact,0,0,0,1.0,1.0,0.0,0.0,7,17,6,11,0.17647058823529413,5,2,2,0.35294117647058826,0.0,4,2,0.0,0,3,27,0.0,1,4,6,4,0.7,0,0,1,1,1.0,0.6666666666666666,0
llm-logical_operators-15,llm,simple,run_1,0.35040075797587633,sat,1,0.35040075797587633,sat,1.0,exact,0,0,0,1.0,1.0,0.0,0.0,7,17,6,11,0.17647058823529413,5,2,2,0.35294117647058826,0.0,4,2,0.0,0,3,27,0.0,1,4,6,4,0.7,0,0,1,1,1.0,0.6666666666666666,0
llm-logical_operators-16,llm,alpha_beta,run_1,0.000932653434574604,sat,1,0.0004580523818731308,sat,0.4911281778338754,exact,0,0,0,1.0,1.0,0.0,0.0,6,11,4,7,0.18181818181818182,3,2,2,0.2727272727272727,0.0,3,1,0.0,4,0,0,0.0,1,2,5,1,0.6666666666666666,0,1,1,1,1.0,0.6666666666666666,0
llm-logical_operators-16,llm,epoch_days,run_1,0.0009745554998517036,sat,1,0.0004580523818731308,sat,0.4700115918927468,exact,0,0,0,1.0,1.0,0.0,0.0,6,11,4,7,0.18181818181818182,3,2,2,0.2727272727272727,0.0,3,1,0.0,4,0,0,0.0,1,2,5,1,0.6666666666666666,0,1,1,1,1.0,0.6666666666666666,0
llm-logical_operators-16,llm,hybrid_ymd,run_1,0.0010600835084915161,sat,1,0.0004580523818731308,sat,0.4320908477530538,exact,0,0,0,1.0,1.0,0.0,0.0,6,11,4,7,0.18181818181818182,3,2,2,0.2727272727272727,0.0,3,1,0.0,4,0,0,0.0,1,2,5,1,0.6666666666666666,0,1,1,1,1.0,0.6666666666666666,0
llm-logical_operators-16,llm,simple,run_1,0.0004580523818731308,sat,1,0.0004580523818731308,sat,1.0,exact,0,0,0,1.0,1.0,0.0,0.0,6,11,4,7,0.18181818181818182,3,2,2,0.2727272727272727,0.0,3,1,0.0,4,0,0,0.0,1,2,5,1,0.6666666666666666,0,1,1,1,1.0,0.6666666666666666,0
llm-logical_operators-17,llm,alpha_beta,run_1,0.0008364282548427582,unsat,1,0.00046459492295980453,unsat,0.5554510148000018,exact,2,0,0,0.5,0.5,0.0,0.0,9,25,11,14,0.16,7,2,2,0.44,0.0,6,1,0.0,0,1,0,0.0,1,1,4,9,0.56,0,0,1,2,0.75,0.5,0
llm-logical_operators-17,llm,epoch_days,run_1,0.0006526215001940727,unsat,1,0.00046459492295980453,unsat,0.7118903113391852,exact,2,0,0,0.5,0.5,0.0,0.0,9,25,11,14,0.16,7,2,2,0.44,0.0,6,1,0.0,0,1,0,0.0,1,1,4,9,0.56,0,0,1,2,0.75,0.5,0
llm-logical_operators-17,llm,hybrid_ymd,run_1,0.0009521730244159698,unsat,1,0.00046459492295980453,unsat,0.48793119637554433,exact,2,0,0,0.5,0.5,0.0,0.0,9,25,11,14,0.16,7,2,2,0.44,0.0,6,1,0.0,0,1,0,0.0,1,1,4,9,0.56,0,0,1,2,0.75,0.5,0
llm-logical_operators-17,llm,simple,run_1,0.00046459492295980453,unsat,1,0.00046459492295980453,unsat,1.0,exact,2,0,0,0.5,0.5,0.0,0.0,9,25,11,14,0.16,7,2,2,0.44,0.0,6,1,0.0,0,1,0,0.0,1,1,4,9,0.56,0,0,1,2,0.75,0.5,0
llm-logical_operators-18,llm,alpha_beta,run_1,0.001061888411641121,sat,1,0.0006224233657121658,sat,0.586147620492653,exact,2,0,0,0.3333333333333333,0.3333333333333333,0.0,0.0,7,16,4,12,0.0625,5,2,2,0.4375,0.0,4,2,0.0,0,3,0,0.0,1,5,4,5,0.7777777777777778,0,0,0,1,1.0,0.6666666666666666,0
llm-logical_operators-18,llm,epoch_days,run_1,0.0011058961972594261,sat,1,0.0006224233657121658,sat,0.5628225933452188,exact,2,0,0,0.3333333333333333,0.3333333333333333,0.0,0.0,7,16,4,12,0.0625,5,2,2,0.4375,0.0,4,2,0.0,0,3,0,0.0,1,5,4,5,0.7777777777777778,0,0,0,1,1.0,0.6666666666666666,0
llm-logical_operators-18,llm,hybrid_ymd,run_1,0.0014755045995116234,sat,1,0.0006224233657121658,sat,0.42183763162661875,exact,2,0,0,0.3333333333333333,0.3333333333333333,0.0,0.0,7,16,4,12,0.0625,5,2,2,0.4375,0.0,4,2,0.0,0,3,0,0.0,1,5,4,5,0.7777777777777778,0,0,0,1,1.0,0.6666666666666666,0
llm-logical_operators-18,llm,simple,run_1,0.0006224233657121658,sat,1,0.0006224233657121658,sat,1.0,exact,2,0,0,0.3333333333333333,0.3333333333333333,0.0,0.0,7,16,4,12,0.0625,5,2,2,0.4375,0.0,4,2,0.0,0,3,0,0.0,1,5,4,5,0.7777777777777778,0,0,0,1,1.0,0.6666666666666666,0
llm-logical_operators-19,llm,alpha_beta,run_1,0.0007435623556375504,unsat,1,0.0006690919399261475,unsat,0.8998464417317765,exact,0,0,0,1.0,1.0,0.0,0.0,4,14,2,12,0.21428571428571427,3,2,2,0.0,0.3333333333333333,6,1,0.0,0,0,10,0.0,1,0,3,9,0.8571428571428571,0,0,0,1,1.0,1.0,0
llm-logical_operators-19,llm,epoch_days,run_1,0.00048673246055841446,unsat,1,0.0006690919399261475,unsat,1.374660607510165,exact,0,0,0,1.0,1.0,0.0,0.0,4,14,2,12,0.21428571428571427,3,2,2,0.0,0.3333333333333333,6,1,0.0,0,0,10,0.0,1,0,3,9,0.8571428571428571,0,0,0,1,1.0,1.0,0
llm-logical_operators-19,llm,hybrid_ymd,run_1,0.0007983390241861343,unsat,1,0.0006690919399261475,unsat,0.83810501510715,exact,0,0,0,1.0,1.0,0.0,0.0,4,14,2,12,0.21428571428571427,3,2,2,0.0,0.3333333333333333,6,1,0.0,0,0,10,0.0,1,0,3,9,0.8571428571428571,0,0,0,1,1.0,1.0,0
llm-logical_operators-19,llm,simple,run_1,0.0006690919399261475,unsat,1,0.0006690919399261475,unsat,1.0,exact,0,0,0,1.0,1.0,0.0,0.0,4,14,2,12,0.21428571428571427,3,2,2,0.0,0.3333333333333333,6,1,0.0,0,0,10,0.0,1,0,3,9,0.8571428571428571,0,0,0,1,1.0,1.0,0
llm-logical_operators-2,llm,alpha_beta,run_1,0.007564199157059193,sat,1,0.015705030411481857,sat,2.0762317444835303,exact,3,0,0,0.0,0.0,0.0,0.0,7,12,6,6,0.75,3,1,2,0.6666666666666666,0.4444444444444444,4,2,0.0,1,6,0,0.0,1,3,4,0,0.5384615384615384,0,0,0,1,1.0,0.6666666666666666,0
llm-logical_operators-2,llm,epoch_days,run_1,2.9666763255372643,sat,1,0.015705030411481857,sat,0.0052938132401881355,exact,3,0,0,0.0,0.0,0.0,0.0,7,12,6,6,0.75,3,1,2,0.6666666666666666,0.4444444444444444,4,2,0.0,1,6,0,0.0,1,3,4,0,0.5384615384615384,0,0,0,1,1.0,0.6666666666666666,0
llm-logical_operators-2,llm,hybrid_ymd,run_1,0.010171758010983467,sat,1,0.015705030411481857,sat,1.5439838811072344,exact,3,0,0,0.0,0.0,0.0,0.0,7,12,6,6,0.75,3,1,2,0.6666666666666666,0.4444444444444444,4,2,0.0,1,6,0,0.0,1,3,4,0,0.5384615384615384,0,0,0,1,1.0,0.6666666666666666,0
llm-logical_operators-2,llm,simple,run_1,0.015705030411481857,sat,1,0.015705030411481857,sat,1.0,exact,3,0,0,0.0,0.0,0.0,0.0,7,12,6,6,0.75,3,1,2,0.6666666666666666,0.4444444444444444,4,2,0.0,1,6,0,0.0,1,3,4,0,0.5384615384615384,0,0,0,1,1.0,0.6666666666666666,0
llm-logical_operators-20,llm,alpha_beta,run_1,0.002448244020342827,sat,1,0.0009023947641253471,sat,0.3685885706764578,exact,2,0,0,0.5,0.5,0.0,0.0,10,20,6,14,0.1,7,2,2,0.45,1.0,3,3,0.0,1,1,1,0.0,1,4,6,5,0.7142857142857143,1,0,0,1,1.0,0.5,0
llm-logical_operators-20,llm,epoch_days,run_1,0.00400920957326889,sat,1,0.0009023947641253471,sat,0.22508046726766237,exact,2,0,0,0.5,0.5,0.0,0.0,10,20,6,14,0.1,7,2,2,0.45,1.0,3,3,0.0,1,1,1,0.0,1,4,6,5,0.7142857142857143,1,0,0,1,1.0,0.5,0
llm-logical_operators-20,llm,hybrid_ymd,run_1,0.001776818186044693,sat,1,0.0009023947641253471,sat,0.5078711886296783,exact,2,0,0,0.5,0.5,0.0,0.0,10,20,6,14,0.1,7,2,2,0.45,1.0,3,3,0.0,1,1,1,0.0,1,4,6,5,0.7142857142857143,1,0,0,1,1.0,0.5,0
llm-logical_operators-20,llm,simple,run_1,0.0009023947641253471,sat,1,0.0009023947641253471,sat,1.0,exact,2,0,0,0.5,0.5,0.0,0.0,10,20,6,14,0.1,7,2,2,0.45,1.0,3,3,0.0,1,1,1,0.0,1,4,6,5,0.7142857142857143,1,0,0,1,1.0,0.5,0
llm-logical_operators-3,llm,alpha_beta,run_1,0.0006483215838670731,unsat,1,0.0002687554806470871,unsat,0.414540387571287,exact,0,0,0,1.0,1.0,0.0,0.0,4,13,2,11,0.15384615384615385,2,2,2,0.3076923076923077,0.5,5,1,0.0,0,1,0,0.0,1,0,5,6,0.8461538461538461,0,0,0,1,1.0,1.0,0
llm-logical_operators-3,llm,epoch_days,run_1,0.0007960731163620949,unsat,1,0.0002687554806470871,unsat,0.3376015030820904,exact,0,0,0,1.0,1.0,0.0,0.0,4,13,2,11,0.15384615384615385,2,2,2,0.3076923076923077,0.5,5,1,0.0,0,1,0,0.0,1,0,5,6,0.8461538461538461,0,0,0,1,1.0,1.0,0
llm-logical_operators-3,llm,hybrid_ymd,run_1,0.0007739141583442688,unsat,1,0.0002687554806470871,unsat,0.3472678174309012,exact,0,0,0,1.0,1.0,0.0,0.0,4,13,2,11,0.15384615384615385,2,2,2,0.3076923076923077,0.5,5,1,0.0,0,1,0,0.0,1,0,5,6,0.8461538461538461,0,0,0,1,1.0,1.0,0
llm-logical_operators-3,llm,simple,run_1,0.0002687554806470871,unsat,1,0.0002687554806470871,unsat,1.0,exact,0,0,0,1.0,1.0,0.0,0.0,4,13,2,11,0.15384615384615385,2,2,2,0.3076923076923077,0.5,5,1,0.0,0,1,0,0.0,1,0,5,6,0.8461538461538461,0,0,0,1,1.0,1.0,0
llm-logical_operators-4,llm,alpha_beta,run_1,0.0014900509268045425,sat,1,0.35149356070905924,sat,235.89365597244878,exact,0,0,0,1.0,1.0,0.0,0.0,11,22,12,10,0.45454545454545453,4,2,2,0.3181818181818182,0.3,7,4,0.0,0,6,365,0.0,1,5,5,0,0.45454545454545453,0,0,1,1,1.0,0.6,0
llm-logical_operators-4,llm,epoch_days,run_1,0.0011510169133543968,sat,1,0.35149356070905924,sat,305.37653845998244,exact,0,0,0,1.0,1.0,0.0,0.0,11,22,12,10,0.45454545454545453,4,2,2,0.3181818181818182,0.3,7,4,0.0,0,6,365,0.0,1,5,5,0,0.45454545454545453,0,0,1,1,1.0,0.6,0
llm-logical_operators-4,llm,hybrid_ymd,run_1,0.49229330476373434,sat,1,0.35149356070905924,sat,0.7139921613960423,exact,0,0,0,1.0,1.0,0.0,0.0,11,22,12,10,0.45454545454545453,4,2,2,0.3181818181818182,0.3,7,4,0.0,0,6,365,0.0,1,5,5,0,0.45454545454545453,0,0,1,1,1.0,0.6,0
llm-logical_operators-4,llm,simple,run_1,0.35149356070905924,sat,1,0.35149356070905924,sat,1.0,exact,0,0,0,1.0,1.0,0.0,0.0,11,22,12,10,0.45454545454545453,4,2,2,0.3181818181818182,0.3,7,4,0.0,0,6,365,0.0,1,5,5,0,0.45454545454545453,0,0,1,1,1.0,0.6,0
llm-logical_operators-5,llm,alpha_beta,run_1,0.000570998527109623,unsat,1,0.0003989981487393379,unsat,0.69877264090164,exact,0,0,0,1.0,1.0,0.0,0.0,6,15,3,12,0.0,3,2,2,0.4666666666666667,0.0,6,2,0.0,1,12,0,0.0,1,4,2,6,0.8,0,1,1,1,1.0,0.6666666666666666,0
llm-logical_operators-5,llm,epoch_days,run_1,0.0008280258625745773,unsat,1,0.0003989981487393379,unsat,0.4818667710435211,exact,0,0,0,1.0,1.0,0.0,0.0,6,15,3,12,0.0,3,2,2,0.4666666666666667,0.0,6,2,0.0,1,12,0,0.0,1,4,2,6,0.8,0,1,1,1,1.0,0.6666666666666666,0
llm-logical_operators-5,llm,hybrid_ymd,run_1,0.0008352231234312057,unsat,1,0.0003989981487393379,unsat,0.47771444245964045,exact,0,0,0,1.0,1.0,0.0,0.0,6,15,3,12,0.0,3,2,2,0.4666666666666667,0.0,6,2,0.0,1,12,0,0.0,1,4,2,6,0.8,0,1,1,1,1.0,0.6666666666666666,0
llm-logical_operators-5,llm,simple,run_1,0.0003989981487393379,unsat,1,0.0003989981487393379,unsat,1.0,exact,0,0,0,1.0,1.0,0.0,0.0,6,15,3,12,0.0,3,2,2,0.4666666666666667,0.0,6,2,0.0,1,12,0,0.0,1,4,2,6,0.8,0,1,1,1,1.0,0.6666666666666666,0
llm-logical_operators-6,llm,alpha_beta,run_1,0.0009430041536688805,sat,1,0.00045001134276390076,sat,0.4772103505727658,exact,0,0,0,1.0,1.0,0.0,0.0,4,11,2,9,0.0,3,2,2,0.5454545454545454,0.0,2,1,0.0,1,0,0,0.0,1,3,3,3,0.8181818181818182,0,1,1,1,1.0,1.0,0
llm-logical_operators-6,llm,epoch_days,run_1,0.0008650925010442734,sat,1,0.00045001134276390076,sat,0.5201886991514567,exact,0,0,0,1.0,1.0,0.0,0.0,4,11,2,9,0.0,3,2,2,0.5454545454545454,0.0,2,1,0.0,1,0,0,0.0,1,3,3,3,0.8181818181818182,0,1,1,1,1.0,1.0,0
llm-logical_operators-6,llm,hybrid_ymd,run_1,0.0011971043422818184,sat,1,0.00045001134276390076,sat,0.3759165570363962,exact,0,0,0,1.0,1.0,0.0,0.0,4,11,2,9,0.0,3,2,2,0.5454545454545454,0.0,2,1,0.0,1,0,0,0.0,1,3,3,3,0.8181818181818182,0,1,1,1,1.0,1.0,0
llm-logical_operators-6,llm,simple,run_1,0.00045001134276390076,sat,1,0.00045001134276390076,sat,1.0,exact,0,0,0,1.0,1.0,0.0,0.0,4,11,2,9,0.0,3,2,2,0.5454545454545454,0.0,2,1,0.0,1,0,0,0.0,1,3,3,3,0.8181818181818182,0,1,1,1,1.0,1.0,0
llm-logical_operators-7,llm,alpha_beta,run_1,0.25471668876707554,sat,1,0.4711502408608794,sat,1.8497030686973186,exact,3,0,0,0.0,0.0,0.0,0.0,7,14,6,8,0.35714285714285715,4,2,2,0.35714285714285715,0.4,5,2,0.0,0,1,31,0.0,1,0,8,1,0.6,0,0,1,1,1.0,1.0,0
llm-logical_operators-7,llm,epoch_days,run_1,0.18455414846539497,sat,1,0.4711502408608794,sat,2.5529105944168085,exact,3,0,0,0.0,0.0,0.0,0.0,7,14,6,8,0.35714285714285715,4,2,2,0.35714285714285715,0.4,5,2,0.0,0,1,31,0.0,1,0,8,1,0.6,0,0,1,1,1.0,1.0,0
llm-logical_operators-7,llm,hybrid_ymd,run_1,0.2505307188257575,sat,1,0.4711502408608794,sat,1.8806086657523278,exact,3,0,0,0.0,0.0,0.0,0.0,7,14,6,8,0.35714285714285715,4,2,2,0.35714285714285715,0.4,5,2,0.0,0,1,31,0.0,1,0,8,1,0.6,0,0,1,1,1.0,1.0,0
llm-logical_operators-7,llm,simple,run_1,0.4711502408608794,sat,1,0.4711502408608794,sat,1.0,exact,3,0,0,0.0,0.0,0.0,0.0,7,14,6,8,0.35714285714285715,4,2,2,0.35714285714285715,0.4,5,2,0.0,0,1,31,0.0,1,0,8,1,0.6,0,0,1,1,1.0,1.0,0
llm-logical_operators-8,llm,alpha_beta,run_1,0.0009199436753988266,unsat,1,0.0038239611312747,unsat,4.156733975715289,exact,0,0,0,1.0,1.0,0.0,0.0,8,20,8,12,0.0,4,2,2,0.5,0.0,8,2,0.0,0,3,90,0.0,1,2,8,7,0.68,0,0,0,1,1.0,0.8333333333333334,0
llm-logical_operators-8,llm,epoch_days,run_1,0.000884409062564373,unsat,1,0.0038239611312747,unsat,4.32374711334029,exact,0,0,0,1.0,1.0,0.0,0.0,8,20,8,12,0.0,4,2,2,0.5,0.0,8,2,0.0,0,3,90,0.0,1,2,8,7,0.68,0,0,0,1,1.0,0.8333333333333334,0
llm-logical_operators-8,llm,hybrid_ymd,run_1,0.0009920503944158554,unsat,1,0.0038239611312747,unsat,3.8546037104560056,exact,0,0,0,1.0,1.0,0.0,0.0,8,20,8,12,0.0,4,2,2,0.5,0.0,8,2,0.0,0,3,90,0.0,1,2,8,7,0.68,0,0,0,1,1.0,0.8333333333333334,0
llm-logical_operators-8,llm,simple,run_1,0.0038239611312747,unsat,1,0.0038239611312747,unsat,1.0,exact,0,0,0,1.0,1.0,0.0,0.0,8,20,8,12,0.0,4,2,2,0.5,0.0,8,2,0.0,0,3,90,0.0,1,2,8,7,0.68,0,0,0,1,1.0,0.8333333333333334,0
llm-logical_operators-9,llm,alpha_beta,run_1,0.003760256804525852,sat,1,0.0030846605077385902,sat,0.8203324049639075,exact,2,0,0,0.0,0.0,0.0,0.0,5,14,3,11,0.42857142857142855,4,2,2,0.0,0.0,4,1,0.0,0,6,0,0.0,1,4,6,2,0.8,0,0,0,1,1.0,1.0,0
llm-logical_operators-9,llm,epoch_days,run_1,0.34440625086426735,sat,1,0.0030846605077385902,sat,0.008956459123485172,exact,2,0,0,0.0,0.0,0.0,0.0,5,14,3,11,0.42857142857142855,4,2,2,0.0,0.0,4,1,0.0,0,6,0,0.0,1,4,6,2,0.8,0,0,0,1,1.0,1.0,0
llm-logical_operators-9,llm,hybrid_ymd,run_1,0.008433137089014053,sat,1,0.0030846605077385902,sat,0.3657785323752194,exact,2,0,0,0.0,0.0,0.0,0.0,5,14,3,11,0.42857142857142855,4,2,2,0.0,0.0,4,1,0.0,0,6,0,0.0,1,4,6,2,0.8,0,0,0,1,1.0,1.0,0
llm-logical_operators-9,llm,simple,run_1,0.0030846605077385902,sat,1,0.0030846605077385902,sat,1.0,exact,2,0,0,0.0,0.0,0.0,0.0,5,14,3,11,0.42857142857142855,4,2,2,0.0,0.0,4,1,0.0,0,6,0,0.0,1,4,6,2,0.8,0,0,0,1,1.0,1.0,0
llm-month_vs_days-21,llm,alpha_beta,run_1,0.0008180346339941025,unsat,1,0.2852534865960479,unsat,348.70587960717614,exact,0,0,0,1.0,1.0,0.0,0.0,7,5,5,0,0.0,0,1,0,0.0,0.0,5,2,0.0,0,1,28,0.0,1,0,0,0,0.0,0,0,0,1,1.0,1.0,0
llm-month_vs_days-21,llm,epoch_days,run_1,0.0007213298231363297,unsat,1,0.2852534865960479,unsat,395.45500192376716,exact,0,0,0,1.0,1.0,0.0,0.0,7,5,5,0,0.0,0,1,0,0.0,0.0,5,2,0.0,0,1,28,0.0,1,0,0,0,0.0,0,0,0,1,1.0,1.0,0
llm-month_vs_days-21,llm,hybrid_ymd,run_1,0.005442632362246513,unsat,1,0.2852534865960479,unsat,52.41094154636342,exact,0,0,0,1.0,1.0,0.0,0.0,7,5,5,0,0.0,0,1,0,0.0,0.0,5,2,0.0,0,1,28,0.0,1,0,0,0,0.0,0,0,0,1,1.0,1.0,0
llm-month_vs_days-21,llm,simple,run_1,0.2852534865960479,unsat,1,0.2852534865960479,unsat,1.0,exact,0,0,0,1.0,1.0,0.0,0.0,7,5,5,0,0.0,0,1,0,0.0,0.0,5,2,0.0,0,1,28,0.0,1,0,0,0,0.0,0,0,0,1,1.0,1.0,0
llm-month_vs_days-22,llm,alpha_beta,run_1,0.0011918358504772186,sat,1,0.3079438265413046,sat,258.37771738281066,exact,0,0,0,1.0,1.0,0.0,0.0,8,7,7,0,0.0,0,1,0,0.0,0.0,7,4,0.0,0,1,29,0.0,1,0,0,0,0.0,0,1,1,1,1.0,1.0,0
llm-month_vs_days-22,llm,epoch_days,run_1,0.0008862456306815147,sat,1,0.3079438265413046,sat,347.470064596537,exact,0,0,0,1.0,1.0,0.0,0.0,8,7,7,0,0.0,0,1,0,0.0,0.0,7,4,0.0,0,1,29,0.0,1,0,0,0,0.0,0,1,1,1,1.0,1.0,0
llm-month_vs_days-22,llm,hybrid_ymd,run_1,0.001619907096028328,sat,1,0.3079438265413046,sat,190.09968367711838,exact,0,0,0,1.0,1.0,0.0,0.0,8,7,7,0,0.0,0,1,0,0.0,0.0,7,4,0.0,0,1,29,0.0,1,0,0,0,0.0,0,1,1,1,1.0,1.0,0
llm-month_vs_days-22,llm,simple,run_1,0.3079438265413046,sat,1,0.3079438265413046,sat,1.0,exact,0,0,0,1.0,1.0,0.0,0.0,8,7,7,0,0.0,0,1,0,0.0,0.0,7,4,0.0,0,1,29,0.0,1,0,0,0,0.0,0,1,1,1,1.0,1.0,0
llm-month_vs_days-23,llm,alpha_beta,run_1,0.0012453682720661163,unsat,1,0.35444883443415165,unsat,284.61367001594374,exact,0,0,0,1.0,1.0,0.0,0.0,15,10,10,0,0.0,0,1,0,0.0,0.0,10,6,0.0,0,1,31,0.0,1,0,0,0,0.0,0,0,0,1,1.0,0.4,0
llm-month_vs_days-23,llm,epoch_days,run_1,0.0011148815974593163,unsat,1,0.35444883443415165,unsat,317.92509199353435,exact,0,0,0,1.0,1.0,0.0,0.0,15,10,10,0,0.0,0,1,0,0.0,0.0,10,6,0.0,0,1,31,0.0,1,0,0,0,0.0,0,0,0,1,1.0,0.4,0
llm-month_vs_days-23,llm,hybrid_ymd,run_1,0.001562710851430893,unsat,1,0.35444883443415165,unsat,226.8166462846286,exact,0,0,0,1.0,1.0,0.0,0.0,15,10,10,0,0.0,0,1,0,0.0,0.0,10,6,0.0,0,1,31,0.0,1,0,0,0,0.0,0,0,0,1,1.0,0.4,0
llm-month_vs_days-23,llm,simple,run_1,0.35444883443415165,unsat,1,0.35444883443415165,unsat,1.0,exact,0,0,0,1.0,1.0,0.0,0.0,15,10,10,0,0.0,0,1,0,0.0,0.0,10,6,0.0,0,1,31,0.0,1,0,0,0,0.0,0,0,0,1,1.0,0.4,0
llm-month_vs_days-24,llm,alpha_beta,run_1,0.00097679253667593,sat,1,0.0016220975667238235,sat,1.6606367327947613,exact,0,0,0,1.0,1.0,0.0,0.0,6,4,4,0,0.0,0,1,0,0.0,0.0,4,2,0.0,0,1,31,0.0,1,0,0,0,0.0,0,0,0,1,1.0,1.0,0
llm-month_vs_days-24,llm,epoch_days,run_1,0.0008611408993601799,sat,1,0.0016220975667238235,sat,1.8836610453980618,exact,0,0,0,1.0,1.0,0.0,0.0,6,4,4,0,0.0,0,1,0,0.0,0.0,4,2,0.0,0,1,31,0.0,1,0,0,0,0.0,0,0,0,1,1.0,1.0,0
llm-month_vs_days-24,llm,hybrid_ymd,run_1,0.0013438817113637924,sat,1,0.0016220975667238235,sat,1.2070240654422577,exact,0,0,0,1.0,1.0,0.0,0.0,6,4,4,0,0.0,0,1,0,0.0,0.0,4,2,0.0,0,1,31,0.0,1,0,0,0,0.0,0,0,0,1,1.0,1.0,0
llm-month_vs_days-24,llm,simple,run_1,0.0016220975667238235,sat,1,0.0016220975667238235,sat,1.0,exact,0,0,0,1.0,1.0,0.0,0.0,6,4,4,0,0.0,0,1,0,0.0,0.0,4,2,0.0,0,1,31,0.0,1,0,0,0,0.0,0,0,0,1,1.0,1.0,0
llm-month_vs_days-25,llm,alpha_beta,run_1,0.0008085994049906731,unsat,1,0.0015928400680422783,unsat,1.9698753897310266,exact,1,0,0,0.75,0.75,0.0,0.0,7,8,4,4,0.0,0,1,0,0.0,0.0,8,2,0.0,0,1,31,0.0,1,0,2,2,0.5,0,0,0,2,0.75,0.5,0
llm-month_vs_days-25,llm,epoch_days,run_1,0.0005927616730332375,unsat,1,0.0015928400680422783,unsat,2.6871509082082037,exact,1,0,0,0.75,0.75,0.0,0.0,7,8,4,4,0.0,0,1,0,0.0,0.0,8,2,0.0,0,1,31,0.0,1,0,2,2,0.5,0,0,0,2,0.75,0.5,0
llm-month_vs_days-25,llm,hybrid_ymd,run_1,0.0007336186245083809,unsat,1,0.0015928400680422783,unsat,2.1712099650001204,exact,1,0,0,0.75,0.75,0.0,0.0,7,8,4,4,0.0,0,1,0,0.0,0.0,8,2,0.0,0,1,31,0.0,1,0,2,2,0.5,0,0,0,2,0.75,0.5,0
llm-month_vs_days-25,llm,simple,run_1,0.0015928400680422783,unsat,1,0.0015928400680422783,unsat,1.0,exact,1,0,0,0.75,0.75,0.0,0.0,7,8,4,4,0.0,0,1,0,0.0,0.0,8,2,0.0,0,1,31,0.0,1,0,2,2,0.5,0,0,0,2,0.75,0.5,0
llm-month_vs_days-26,llm,alpha_beta,run_1,0.0011408636346459389,sat,1,0.29987733997404575,sat,262.8511689454552,exact,0,0,0,1.0,1.0,0.0,0.0,6,5,5,0,0.2,0,1,0,0.0,0.0,5,2,0.0,0,1,30,0.0,1,0,0,0,0.0,0,0,1,1,1.0,1.0,0
llm-month_vs_days-26,llm,epoch_days,run_1,0.0007715774700045586,sat,1,0.29987733997404575,sat,388.6548682820846,exact,0,0,0,1.0,1.0,0.0,0.0,6,5,5,0,0.2,0,1,0,0.0,0.0,5,2,0.0,0,1,30,0.0,1,0,0,0,0.0,0,0,1,1,1.0,1.0,0
llm-month_vs_days-26,llm,hybrid_ymd,run_1,0.005932566709816456,sat,1,0.29987733997404575,sat,50.54765578579115,exact,0,0,0,1.0,1.0,0.0,0.0,6,5,5,0,0.2,0,1,0,0.0,0.0,5,2,0.0,0,1,30,0.0,1,0,0,0,0.0,0,0,1,1,1.0,1.0,0
llm-month_vs_days-26,llm,simple,run_1,0.29987733997404575,sat,1,0.29987733997404575,sat,1.0,exact,0,0,0,1.0,1.0,0.0,0.0,6,5,5,0,0.2,0,1,0,0.0,0.0,5,2,0.0,0,1,30,0.0,1,0,0,0,0.0,0,0,1,1,1.0,1.0,0
llm-month_vs_days-27,llm,alpha_beta,run_1,0.0012321015819907188,sat,1,0.32570315804332495,sat,264.34765022952337,exact,0,0,0,1.0,1.0,0.0,0.0,9,7,7,0,0.0,0,1,0,0.0,0.0,7,4,0.0,0,1,31,0.0,1,0,0,0,0.0,0,0,0,1,1.0,1.0,0
llm-month_vs_days-27,llm,epoch_days,run_1,0.0010741697624325752,sat,1,0.32570315804332495,sat,303.2138582133744,exact,0,0,0,1.0,1.0,0.0,0.0,9,7,7,0,0.0,0,1,0,0.0,0.0,7,4,0.0,0,1,31,0.0,1,0,0,0,0.0,0,0,0,1,1.0,1.0,0
llm-month_vs_days-27,llm,hybrid_ymd,run_1,0.0014727674424648285,sat,1,0.32570315804332495,sat,221.15043329463276,exact,0,0,0,1.0,1.0,0.0,0.0,9,7,7,0,0.0,0,1,0,0.0,0.0,7,4,0.0,0,1,31,0.0,1,0,0,0,0.0,0,0,0,1,1.0,1.0,0
llm-month_vs_days-27,llm,simple,run_1,0.32570315804332495,sat,1,0.32570315804332495,sat,1.0,exact,0,0,0,1.0,1.0,0.0,0.0,9,7,7,0,0.0,0,1,0,0.0,0.0,7,4,0.0,0,1,31,0.0,1,0,0,0,0.0,0,0,0,1,1.0,1.0,0
llm-month_vs_days-28,llm,alpha_beta,run_1,0.0012640105560421944,unsat,1,0.32113058026880026,unsat,254.05688167218162,exact,0,0,0,1.0,1.0,0.0,0.0,14,10,10,0,0.1,0,1,0,0.0,0.0,10,6,0.0,0,2,60,0.0,1,0,0,0,0.0,0,1,1,1,1.0,0.6666666666666666,0
llm-month_vs_days-28,llm,epoch_days,run_1,0.001000974327325821,unsat,1,0.32113058026880026,unsat,320.817998526221,exact,0,0,0,1.0,1.0,0.0,0.0,14,10,10,0,0.1,0,1,0,0.0,0.0,10,6,0.0,0,2,60,0.0,1,0,0,0,0.0,0,1,1,1,1.0,0.6666666666666666,0
llm-month_vs_days-28,llm,hybrid_ymd,run_1,0.0015607094392180443,unsat,1,0.32113058026880026,unsat,205.7593631455801,exact,0,0,0,1.0,1.0,0.0,0.0,14,10,10,0,0.1,0,1,0,0.0,0.0,10,6,0.0,0,2,60,0.0,1,0,0,0,0.0,0,1,1,1,1.0,0.6666666666666666,0
llm-month_vs_days-28,llm,simple,run_1,0.32113058026880026,unsat,1,0.32113058026880026,unsat,1.0,exact,0,0,0,1.0,1.0,0.0,0.0,14,10,10,0,0.1,0,1,0,0.0,0.0,10,6,0.0,0,2,60,0.0,1,0,0,0,0.0,0,1,1,1,1.0,0.6666666666666666,0
llm-month_vs_days-29,llm,alpha_beta,run_1,0.000675443559885025,unsat,1,0.00156356580555439,unsat,2.31487262358463,exact,0,0,0,1.0,1.0,0.0,0.0,8,6,6,0,0.0,0,1,0,0.0,0.0,6,2,0.0,0,1,31,0.0,1,0,0,0,0.0,0,1,1,1,1.0,1.0,0
llm-month_vs_days-29,llm,epoch_days,run_1,0.0007373634725809097,unsat,1,0.00156356580555439,unsat,2.120481775536857,exact,0,0,0,1.0,1.0,0.0,0.0,8,6,6,0,0.0,0,1,0,0.0,0.0,6,2,0.0,0,1,31,0.0,1,0,0,0,0.0,0,1,1,1,1.0,1.0,0
llm-month_vs_days-29,llm,hybrid_ymd,run_1,0.0008435724303126335,unsat,1,0.00156356580555439,unsat,1.8535051044460074,exact,0,0,0,1.0,1.0,0.0,0.0,8,6,6,0,0.0,0,1,0,0.0,0.0,6,2,0.0,0,1,31,0.0,1,0,0,0,0.0,0,1,1,1,1.0,1.0,0
llm-month_vs_days-29,llm,simple,run_1,0.00156356580555439,unsat,1,0.00156356580555439,unsat,1.0,exact,0,0,0,1.0,1.0,0.0,0.0,8,6,6,0,0.0,0,1,0,0.0,0.0,6,2,0.0,0,1,31,0.0,1,0,0,0,0.0,0,1,1,1,1.0,1.0,0
llm-month_vs_days-30,llm,alpha_beta,run_1,0.001395275816321373,sat,1,0.31637742556631565,sat,226.74902113650958,exact,0,0,0,1.0,1.0,0.0,0.0,12,8,8,0,0.125,0,1,0,0.0,0.0,8,6,0.0,0,2,31,0.0,1,0,0,0,0.0,0,0,0,1,1.0,0.5,0
llm-month_vs_days-30,llm,epoch_days,run_1,0.0011119404807686806,sat,1,0.31637742556631565,sat,284.52730252936294,exact,0,0,0,1.0,1.0,0.0,0.0,12,8,8,0,0.125,0,1,0,0.0,0.0,8,6,0.0,0,2,31,0.0,1,0,0,0,0.0,0,0,0,1,1.0,0.5,0
llm-month_vs_days-30,llm,hybrid_ymd,run_1,0.0017954353243112564,sat,1,0.31637742556631565,sat,176.21209813708026,exact,0,0,0,1.0,1.0,0.0,0.0,12,8,8,0,0.125,0,1,0,0.0,0.0,8,6,0.0,0,2,31,0.0,1,0,0,0,0.0,0,0,0,1,1.0,0.5,0
llm-month_vs_days-30,llm,simple,run_1,0.31637742556631565,sat,1,0.31637742556631565,sat,1.0,exact,0,0,0,1.0,1.0,0.0,0.0,12,8,8,0,0.125,0,1,0,0.0,0.0,8,6,0.0,0,2,31,0.0,1,0,0,0,0.0,0,0,0,1,1.0,0.5,0
llm-month_vs_days-31,llm,alpha_beta,run_1,0.0008485531434416771,unsat,1,0.3136095255613327,unsat,369.58147876201673,exact,0,0,0,1.0,1.0,0.0,0.0,7,5,5,0,0.0,0,1,0,0.0,0.0,5,2,0.0,0,1,28,0.0,1,0,0,0,0.0,0,0,0,1,1.0,1.0,0
llm-month_vs_days-31,llm,epoch_days,run_1,0.0007016072049736977,unsat,1,0.3136095255613327,unsat,446.9873218777585,exact,0,0,0,1.0,1.0,0.0,0.0,7,5,5,0,0.0,0,1,0,0.0,0.0,5,2,0.0,0,1,28,0.0,1,0,0,0,0.0,0,0,0,1,1.0,1.0,0
llm-month_vs_days-31,llm,hybrid_ymd,run_1,0.006833870895206928,unsat,1,0.3136095255613327,unsat,45.8904668189282,exact,0,0,0,1.0,1.0,0.0,0.0,7,5,5,0,0.0,0,1,0,0.0,0.0,5,2,0.0,0,1,28,0.0,1,0,0,0,0.0,0,0,0,1,1.0,1.0,0
llm-month_vs_days-31,llm,simple,run_1,0.3136095255613327,unsat,1,0.3136095255613327,unsat,1.0,exact,0,0,0,1.0,1.0,0.0,0.0,7,5,5,0,0.0,0,1,0,0.0,0.0,5,2,0.0,0,1,28,0.0,1,0,0,0,0.0,0,0,0,1,1.0,1.0,0
llm-month_vs_days-32,llm,alpha_beta,run_1,0.0009928420186042786,unsat,1,0.0019439319148659706,unsat,1.95794686207854,exact,0,0,0,1.0,1.0,0.0,0.0,9,7,7,0,0.0,0,1,0,0.0,0.0,7,3,0.0,0,1,31,0.0,1,0,0,0,0.0,0,0,1,1,1.0,0.6666666666666666,0
llm-month_vs_days-32,llm,epoch_days,run_1,0.0005157524719834328,unsat,1,0.0019439319148659706,unsat,3.76911797899907,exact,0,0,0,1.0,1.0,0.0,0.0,9,7,7,0,0.0,0,1,0,0.0,0.0,7,3,0.0,0,1,31,0.0,1,0,0,0,0.0,0,0,1,1,1.0,0.6666666666666666,0
llm-month_vs_days-32,llm,hybrid_ymd,run_1,0.0011500446125864983,unsat,1,0.0019439319148659706,unsat,1.6903100050127504,exact,0,0,0,1.0,1.0,0.0,0.0,9,7,7,0,0.0,0,1,0,0.0,0.0,7,3,0.0,0,1,31,0.0,1,0,0,0,0.0,0,0,1,1,1.0,0.6666666666666666,0
llm-month_vs_days-32,llm,simple,run_1,0.0019439319148659706,unsat,1,0.0019439319148659706,unsat,1.0,exact,0,0,0,1.0,1.0,0.0,0.0,9,7,7,0,0.0,0,1,0,0.0,0.0,7,3,0.0,0,1,31,0.0,1,0,0,0,0.0,0,0,1,1,1.0,0.6666666666666666,0
llm-month_vs_days-33,llm,alpha_beta,run_1,0.7433111434802413,unsat,1,1.0616029417142272,unsat,1.4282080270500435,exact,5,0,0,0.0,0.0,0.0,0.0,11,11,8,3,0.2727272727272727,0,1,1,0.0,0.0,11,4,0.0,0,2,59,0.0,1,0,3,0,0.2727272727272727,0,0,0,1,1.0,0.6,0
llm-month_vs_days-33,llm,epoch_days,run_1,3.3332555489614606,unsat,1,1.0616029417142272,unsat,0.3184883145383167,exact,5,0,0,0.0,0.0,0.0,0.0,11,11,8,3,0.2727272727272727,0,1,1,0.0,0.0,11,4,0.0,0,2,59,0.0,1,0,3,0,0.2727272727272727,0,0,0,1,1.0,0.6,0
llm-month_vs_days-33,llm,hybrid_ymd,run_1,0.5640748254954815,unsat,1,1.0616029417142272,unsat,1.8820250323735306,exact,5,0,0,0.0,0.0,0.0,0.0,11,11,8,3,0.2727272727272727,0,1,1,0.0,0.0,11,4,0.0,0,2,59,0.0,1,0,3,0,0.2727272727272727,0,0,0,1,1.0,0.6,0
llm-month_vs_days-33,llm,simple,run_1,1.0616029417142272,unsat,1,1.0616029417142272,unsat,1.0,exact,5,0,0,0.0,0.0,0.0,0.0,11,11,8,3,0.2727272727272727,0,1,1,0.0,0.0,11,4,0.0,0,2,59,0.0,1,0,3,0,0.2727272727272727,0,0,0,1,1.0,0.6,0
llm-month_vs_days-34,llm,alpha_beta,run_1,0.0008924426510930061,unsat,1,0.0015820907428860664,unsat,1.7727646039198417,exact,0,0,0,1.0,1.0,0.0,0.0,7,6,6,0,0.0,0,1,0,0.0,0.0,6,2,0.0,0,1,31,0.0,1,0,0,0,0.0,0,1,1,1,1.0,1.0,0
llm-month_vs_days-34,llm,epoch_days,run_1,0.0007116617634892464,unsat,1,0.0015820907428860664,unsat,2.2230936437123514,exact,0,0,0,1.0,1.0,0.0,0.0,7,6,6,0,0.0,0,1,0,0.0,0.0,6,2,0.0,0,1,31,0.0,1,0,0,0,0.0,0,1,1,1,1.0,1.0,0
llm-month_vs_days-34,llm,hybrid_ymd,run_1,0.000905817374587059,unsat,1,0.0015820907428860664,unsat,1.7465890887854791,exact,0,0,0,1.0,1.0,0.0,0.0,7,6,6,0,0.0,0,1,0,0.0,0.0,6,2,0.0,0,1,31,0.0,1,0,0,0,0.0,0,1,1,1,1.0,1.0,0
llm-month_vs_days-34,llm,simple,run_1,0.0015820907428860664,unsat,1,0.0015820907428860664,unsat,1.0,exact,0,0,0,1.0,1.0,0.0,0.0,7,6,6,0,0.0,0,1,0,0.0,0.0,6,2,0.0,0,1,31,0.0,1,0,0,0,0.0,0,1,1,1,1.0,1.0,0
llm-month_vs_days-35,llm,alpha_beta,run_1,0.000927080400288105,unsat,1,0.004550160840153694,unsat,4.908054186820969,exact,0,0,0,1.0,1.0,0.0,0.0,10,9,7,2,0.0,0,1,1,0.0,0.0,9,4,0.0,0,2,61,0.0,1,1,1,0,0.2222222222222222,0,0,0,1,1.0,0.5,0
llm-month_vs_days-35,llm,epoch_days,run_1,0.0008578449487686157,unsat,1,0.004550160840153694,unsat,5.304176292796471,exact,0,0,0,1.0,1.0,0.0,0.0,10,9,7,2,0.0,0,1,1,0.0,0.0,9,4,0.0,0,2,61,0.0,1,1,1,0,0.2222222222222222,0,0,0,1,1.0,0.5,0
llm-month_vs_days-35,llm,hybrid_ymd,run_1,0.0014410065487027168,unsat,1,0.004550160840153694,unsat,3.1576267604404924,exact,0,0,0,1.0,1.0,0.0,0.0,10,9,7,2,0.0,0,1,1,0.0,0.0,9,4,0.0,0,2,61,0.0,1,1,1,0,0.2222222222222222,0,0,0,1,1.0,0.5,0
llm-month_vs_days-35,llm,simple,run_1,0.004550160840153694,unsat,1,0.004550160840153694,unsat,1.0,exact,0,0,0,1.0,1.0,0.0,0.0,10,9,7,2,0.0,0,1,1,0.0,0.0,9,4,0.0,0,2,61,0.0,1,1,1,0,0.2222222222222222,0,0,0,1,1.0,0.5,0
llm-month_vs_days-36,llm,alpha_beta,run_1,0.0008377283811569214,unsat,1,0.0015640463680028915,unsat,1.867008929365517,exact,0,0,0,1.0,1.0,0.0,0.0,7,7,7,0,0.14285714285714285,0,1,0,0.0,0.0,7,2,0.0,0,1,28,0.0,1,0,0,0,0.0,0,0,0,1,1.0,1.0,0
llm-month_vs_days-36,llm,epoch_days,run_1,0.0005868170410394669,unsat,1,0.0015640463680028915,unsat,2.665304956434795,exact,0,0,0,1.0,1.0,0.0,0.0,7,7,7,0,0.14285714285714285,0,1,0,0.0,0.0,7,2,0.0,0,1,28,0.0,1,0,0,0,0.0,0,0,0,1,1.0,1.0,0
llm-month_vs_days-36,llm,hybrid_ymd,run_1,0.0010125478729605675,unsat,1,0.0015640463680028915,unsat,1.544664118872532,exact,0,0,0,1.0,1.0,0.0,0.0,7,7,7,0,0.14285714285714285,0,1,0,0.0,0.0,7,2,0.0,0,1,28,0.0,1,0,0,0,0.0,0,0,0,1,1.0,1.0,0
llm-month_vs_days-36,llm,simple,run_1,0.0015640463680028915,unsat,1,0.0015640463680028915,unsat,1.0,exact,0,0,0,1.0,1.0,0.0,0.0,7,7,7,0,0.14285714285714285,0,1,0,0.0,0.0,7,2,0.0,0,1,28,0.0,1,0,0,0,0.0,0,0,0,1,1.0,1.0,0
llm-month_vs_days-37,llm,alpha_beta,run_1,0.0008358024060726166,unsat,1,0.2983515281230211,unsat,356.96418908980695,exact,0,0,0,1.0,1.0,0.0,0.0,9,6,6,0,0.16666666666666666,0,1,0,0.0,0.0,6,3,0.0,0,1,31,0.0,1,0,0,0,0.0,0,0,0,1,1.0,0.6666666666666666,0
llm-month_vs_days-37,llm,epoch_days,run_1,0.0006820838898420334,unsat,1,0.2983515281230211,unsat,437.4117796450486,exact,0,0,0,1.0,1.0,0.0,0.0,9,6,6,0,0.16666666666666666,0,1,0,0.0,0.0,6,3,0.0,0,1,31,0.0,1,0,0,0,0.0,0,0,0,1,1.0,0.6666666666666666,0
llm-month_vs_days-37,llm,hybrid_ymd,run_1,0.014033280313014984,unsat,1,0.2983515281230211,unsat,21.260284229220368,exact,0,0,0,1.0,1.0,0.0,0.0,9,6,6,0,0.16666666666666666,0,1,0,0.0,0.0,6,3,0.0,0,1,31,0.0,1,0,0,0,0.0,0,0,0,1,1.0,0.6666666666666666,0
llm-month_vs_days-37,llm,simple,run_1,0.2983515281230211,unsat,1,0.2983515281230211,unsat,1.0,exact,0,0,0,1.0,1.0,0.0,0.0,9,6,6,0,0.16666666666666666,0,1,0,0.0,0.0,6,3,0.0,0,1,31,0.0,1,0,0,0,0.0,0,0,0,1,1.0,0.6666666666666666,0
llm-month_vs_days-38,llm,alpha_beta,run_1,0.0010098358616232872,unsat,1,0.30957663524895906,unsat,306.56134032645855,exact,0,0,0,1.0,1.0,0.0,0.0,11,8,8,0,0.125,0,1,0,0.0,0.0,8,4,0.0,0,3,90,0.0,1,0,0,0,0.0,0,1,1,1,1.0,1.0,0
llm-month_vs_days-38,llm,epoch_days,run_1,0.0009102998301386833,unsat,1,0.30957663524895906,unsat,340.0820531865807,exact,0,0,0,1.0,1.0,0.0,0.0,11,8,8,0,0.125,0,1,0,0.0,0.0,8,4,0.0,0,3,90,0.0,1,0,0,0,0.0,0,1,1,1,1.0,1.0,0
llm-month_vs_days-38,llm,hybrid_ymd,run_1,0.0038857385516166687,unsat,1,0.30957663524895906,unsat,79.66996006979397,exact,0,0,0,1.0,1.0,0.0,0.0,11,8,8,0,0.125,0,1,0,0.0,0.0,8,4,0.0,0,3,90,0.0,1,0,0,0,0.0,0,1,1,1,1.0,1.0,0
llm-month_vs_days-38,llm,simple,run_1,0.30957663524895906,unsat,1,0.30957663524895906,unsat,1.0,exact,0,0,0,1.0,1.0,0.0,0.0,11,8,8,0,0.125,0,1,0,0.0,0.0,8,4,0.0,0,3,90,0.0,1,0,0,0,0.0,0,1,1,1,1.0,1.0,0
llm-month_vs_days-39,llm,alpha_beta,run_1,0.0007987385615706444,unsat,1,0.3459050478413701,unsat,433.0641645261001,exact,0,0,0,1.0,1.0,0.0,0.0,6,5,5,0,0.2,0,1,0,0.0,0.0,5,3,0.0,0,1,29,0.0,1,0,0,0,0.0,0,1,1,1,1.0,1.0,0
llm-month_vs_days-39,llm,epoch_days,run_1,0.0007174741476774216,unsat,1,0.3459050478413701,unsat,482.11499879280666,exact,0,0,0,1.0,1.0,0.0,0.0,6,5,5,0,0.2,0,1,0,0.0,0.0,5,3,0.0,0,1,29,0.0,1,0,0,0,0.0,0,1,1,1,1.0,1.0,0
llm-month_vs_days-39,llm,hybrid_ymd,run_1,0.0009416090324521065,unsat,1,0.3459050478413701,unsat,367.3552779549872,exact,0,0,0,1.0,1.0,0.0,0.0,6,5,5,0,0.2,0,1,0,0.0,0.0,5,3,0.0,0,1,29,0.0,1,0,0,0,0.0,0,1,1,1,1.0,1.0,0
llm-month_vs_days-39,llm,simple,run_1,0.3459050478413701,unsat,1,0.3459050478413701,unsat,1.0,exact,0,0,0,1.0,1.0,0.0,0.0,6,5,5,0,0.2,0,1,0,0.0,0.0,5,3,0.0,0,1,29,0.0,1,0,0,0,0.0,0,1,1,1,1.0,1.0,0
llm-month_vs_days-40,llm,alpha_beta,run_1,0.0018007094040513039,sat,1,0.406366060487926,sat,225.66998293765133,exact,0,0,0,1.0,1.0,0.0,0.0,16,10,10,0,0.1,0,1,0,0.0,0.0,10,8,0.0,0,2,59,0.0,1,0,0,0,0.0,0,0,0,1,1.0,0.5,0
llm-month_vs_days-40,llm,epoch_days,run_1,0.0011396044865250587,sat,1,0.406366060487926,sat,356.5851708139887,exact,0,0,0,1.0,1.0,0.0,0.0,16,10,10,0,0.1,0,1,0,0.0,0.0,10,8,0.0,0,2,59,0.0,1,0,0,0,0.0,0,0,0,1,1.0,0.5,0
llm-month_vs_days-40,llm,hybrid_ymd,run_1,0.00741709116846323,sat,1,0.406366060487926,sat,54.7877936590231,exact,0,0,0,1.0,1.0,0.0,0.0,16,10,10,0,0.1,0,1,0,0.0,0.0,10,8,0.0,0,2,59,0.0,1,0,0,0,0.0,0,0,0,1,1.0,0.5,0
llm-month_vs_days-40,llm,simple,run_1,0.406366060487926,sat,1,0.406366060487926,sat,1.0,exact,0,0,0,1.0,1.0,0.0,0.0,16,10,10,0,0.1,0,1,0,0.0,0.0,10,8,0.0,0,2,59,0.0,1,0,0,0,0.0,0,0,0,1,1.0,0.5,0
llm-property_access-41,llm,alpha_beta,run_1,0.0006640972569584846,sat,1,0.0004588468000292778,sat,0.6909331355030158,exact,0,0,0,1.0,1.0,0.0,0.0,4,4,2,2,0.0,0,1,0,0.0,0.0,4,1,0.0,1,0,0,0.0,1,1,0,1,0.5,0,1,1,1,1.0,1.0,0
llm-property_access-41,llm,epoch_days,run_1,0.0008903359994292259,sat,1,0.0004588468000292778,sat,0.5153636383606122,exact,0,0,0,1.0,1.0,0.0,0.0,4,4,2,2,0.0,0,1,0,0.0,0.0,4,1,0.0,1,0,0,0.0,1,1,0,1,0.5,0,1,1,1,1.0,1.0,0
llm-property_access-41,llm,hybrid_ymd,run_1,0.0008737621828913689,sat,1,0.0004588468000292778,sat,0.5251392301174063,exact,0,0,0,1.0,1.0,0.0,0.0,4,4,2,2,0.0,0,1,0,0.0,0.0,4,1,0.0,1,0,0,0.0,1,1,0,1,0.5,0,1,1,1,1.0,1.0,0
llm-property_access-41,llm,simple,run_1,0.0004588468000292778,sat,1,0.0004588468000292778,sat,1.0,exact,0,0,0,1.0,1.0,0.0,0.0,4,4,2,2,0.0,0,1,0,0.0,0.0,4,1,0.0,1,0,0,0.0,1,1,0,1,0.5,0,1,1,1,1.0,1.0,0
llm-property_access-42,llm,alpha_beta,run_1,0.0007746461778879166,unsat,1,0.0004283096641302109,unsat,0.5529100592711927,exact,3,0,0,0.0,0.0,0.0,0.0,4,7,1,6,0.0,0,1,0,0.0,0.0,7,1,0.0,0,1,0,0.0,1,2,2,2,0.8571428571428571,0,0,0,2,0.6666666666666666,0.3333333333333333,0
llm-property_access-42,llm,epoch_days,run_1,0.0031776223331689835,unsat,1,0.0004283096641302109,unsat,0.13478935481393903,exact,3,0,0,0.0,0.0,0.0,0.0,4,7,1,6,0.0,0,1,0,0.0,0.0,7,1,0.0,0,1,0,0.0,1,2,2,2,0.8571428571428571,0,0,0,2,0.6666666666666666,0.3333333333333333,0
llm-property_access-42,llm,hybrid_ymd,run_1,0.0008324803784489632,unsat,1,0.0004283096641302109,unsat,0.5144982094691728,exact,3,0,0,0.0,0.0,0.0,0.0,4,7,1,6,0.0,0,1,0,0.0,0.0,7,1,0.0,0,1,0,0.0,1,2,2,2,0.8571428571428571,0,0,0,2,0.6666666666666666,0.3333333333333333,0
llm-property_access-42,llm,simple,run_1,0.0004283096641302109,unsat,1,0.0004283096641302109,unsat,1.0,exact,3,0,0,0.0,0.0,0.0,0.0,4,7,1,6,0.0,0,1,0,0.0,0.0,7,1,0.0,0,1,0,0.0,1,2,2,2,0.8571428571428571,0,0,0,2,0.6666666666666666,0.3333333333333333,0
llm-property_access-43,llm,alpha_beta,run_1,0.0010070772841572762,sat,1,0.0006594667211174965,sat,0.6548322869474107,exact,0,0,0,1.0,1.0,0.0,0.0,8,10,4,6,0.0,0,1,0,0.0,0.0,10,3,0.0,0,3,0,0.0,1,2,4,1,0.6363636363636364,0,0,1,1,1.0,0.5,0
llm-property_access-43,llm,epoch_days,run_1,0.0011758198961615562,sat,1,0.0006594667211174965,sat,0.560856916327334,exact,0,0,0,1.0,1.0,0.0,0.0,8,10,4,6,0.0,0,1,0,0.0,0.0,10,3,0.0,0,3,0,0.0,1,2,4,1,0.6363636363636364,0,0,1,1,1.0,0.5,0
llm-property_access-43,llm,hybrid_ymd,run_1,0.0013823676854372025,sat,1,0.0006594667211174965,sat,0.4770559439899859,exact,0,0,0,1.0,1.0,0.0,0.0,8,10,4,6,0.0,0,1,0,0.0,0.0,10,3,0.0,0,3,0,0.0,1,2,4,1,0.6363636363636364,0,0,1,1,1.0,0.5,0
llm-property_access-43,llm,simple,run_1,0.0006594667211174965,sat,1,0.0006594667211174965,sat,1.0,exact,0,0,0,1.0,1.0,0.0,0.0,8,10,4,6,0.0,0,1,0,0.0,0.0,10,3,0.0,0,3,0,0.0,1,2,4,1,0.6363636363636364,0,0,1,1,1.0,0.5,0
llm-property_access-44,llm,alpha_beta,run_1,0.000529787503182888,unsat,1,0.00035477709025144577,unsat,0.6696592277469654,exact,0,0,0,1.0,1.0,0.0,0.0,4,6,2,4,0.0,0,1,0,0.0,0.0,6,1,0.0,4,0,0,0.0,1,2,1,1,0.6666666666666666,0,1,1,1,1.0,1.0,0
llm-property_access-44,llm,epoch_days,run_1,0.0007851226255297661,unsat,1,0.00035477709025144577,unsat,0.4518747501539111,exact,0,0,0,1.0,1.0,0.0,0.0,4,6,2,4,0.0,0,1,0,0.0,0.0,6,1,0.0,4,0,0,0.0,1,2,1,1,0.6666666666666666,0,1,1,1,1.0,1.0,0
llm-property_access-44,llm,hybrid_ymd,run_1,0.0006726821884512901,unsat,1,0.00035477709025144577,unsat,0.5274066956763724,exact,0,0,0,1.0,1.0,0.0,0.0,4,6,2,4,0.0,0,1,0,0.0,0.0,6,1,0.0,4,0,0,0.0,1,2,1,1,0.6666666666666666,0,1,1,1,1.0,1.0,0
llm-property_access-44,llm,simple,run_1,0.00035477709025144577,unsat,1,0.00035477709025144577,unsat,1.0,exact,0,0,0,1.0,1.0,0.0,0.0,4,6,2,4,0.0,0,1,0,0.0,0.0,6,1,0.0,4,0,0,0.0,1,2,1,1,0.6666666666666666,0,1,1,1,1.0,1.0,0
llm-property_access-45,llm,alpha_beta,run_1,0.0011453339830040932,sat,1,0.019479922950267792,sat,17.00807209018103,exact,0,0,0,1.0,1.0,0.0,0.0,8,8,4,4,0.125,0,1,0,0.0,0.0,8,3,0.0,1,0,365,0.0,1,4,0,0,0.5,0,0,0,1,1.0,0.5,0
llm-property_access-45,llm,epoch_days,run_1,0.0009771743789315224,sat,1,0.019479922950267792,sat,19.934950578184253,exact,0,0,0,1.0,1.0,0.0,0.0,8,8,4,4,0.125,0,1,0,0.0,0.0,8,3,0.0,1,0,365,0.0,1,4,0,0,0.5,0,0,0,1,1.0,0.5,0
llm-property_access-45,llm,hybrid_ymd,run_1,0.15117441769689322,sat,1,0.019479922950267792,sat,0.1288572712700988,exact,0,0,0,1.0,1.0,0.0,0.0,8,8,4,4,0.125,0,1,0,0.0,0.0,8,3,0.0,1,0,365,0.0,1,4,0,0,0.5,0,0,0,1,1.0,0.5,0
llm-property_access-45,llm,simple,run_1,0.019479922950267792,sat,1,0.019479922950267792,sat,1.0,exact,0,0,0,1.0,1.0,0.0,0.0,8,8,4,4,0.125,0,1,0,0.0,0.0,8,3,0.0,1,0,365,0.0,1,4,0,0,0.5,0,0,0,1,1.0,0.5,0
llm-property_access-46,llm,alpha_beta,run_1,0.0007163779810070992,sat,1,0.00048315711319446564,sat,0.6744443938871952,exact,0,0,0,1.0,1.0,0.0,0.0,4,5,2,3,0.0,0,1,0,0.0,0.0,5,1,0.0,1,0,0,0.0,1,2,0,1,0.6,0,1,1,1,1.0,1.0,0
llm-property_access-46,llm,epoch_days,run_1,0.0008869990706443787,sat,1,0.00048315711319446564,sat,0.5447098302408212,exact,0,0,0,1.0,1.0,0.0,0.0,4,5,2,3,0.0,0,1,0,0.0,0.0,5,1,0.0,1,0,0,0.0,1,2,0,1,0.6,0,1,1,1,1.0,1.0,0
llm-property_access-46,llm,hybrid_ymd,run_1,0.0009756674990057945,sat,1,0.00048315711319446564,sat,0.49520673148055344,exact,0,0,0,1.0,1.0,0.0,0.0,4,5,2,3,0.0,0,1,0,0.0,0.0,5,1,0.0,1,0,0,0.0,1,2,0,1,0.6,0,1,1,1,1.0,1.0,0
llm-property_access-46,llm,simple,run_1,0.00048315711319446564,sat,1,0.00048315711319446564,sat,1.0,exact,0,0,0,1.0,1.0,0.0,0.0,4,5,2,3,0.0,0,1,0,0.0,0.0,5,1,0.0,1,0,0,0.0,1,2,0,1,0.6,0,1,1,1,1.0,1.0,0
llm-property_access-47,llm,alpha_beta,run_1,0.0009815767407417297,sat,1,0.2851102324202657,sat,290.46147956279174,exact,0,0,0,1.0,1.0,0.0,0.0,6,7,3,4,0.0,0,1,0,0.0,0.0,7,2,0.0,0,1,15,0.0,1,0,3,1,0.5714285714285714,0,0,1,1,1.0,0.6666666666666666,0
llm-property_access-47,llm,epoch_days,run_1,0.0008233943954110146,sat,1,0.2851102324202657,sat,346.2620513441155,exact,0,0,0,1.0,1.0,0.0,0.0,6,7,3,4,0.0,0,1,0,0.0,0.0,7,2,0.0,0,1,15,0.0,1,0,3,1,0.5714285714285714,0,0,1,1,1.0,0.6666666666666666,0
llm-property_access-47,llm,hybrid_ymd,run_1,0.00771303940564394,sat,1,0.2851102324202657,sat,36.964705795699565,exact,0,0,0,1.0,1.0,0.0,0.0,6,7,3,4,0.0,0,1,0,0.0,0.0,7,2,0.0,0,1,15,0.0,1,0,3,1,0.5714285714285714,0,0,1,1,1.0,0.6666666666666666,0
llm-property_access-47,llm,simple,run_1,0.2851102324202657,sat,1,0.2851102324202657,sat,1.0,exact,0,0,0,1.0,1.0,0.0,0.0,6,7,3,4,0.0,0,1,0,0.0,0.0,7,2,0.0,0,1,15,0.0,1,0,3,1,0.5714285714285714,0,0,1,1,1.0,0.6666666666666666,0
llm-property_access-48,llm,alpha_beta,run_1,0.0007547363638877869,unsat,1,0.0004788404330611229,unsat,0.6344472798349441,exact,0,0,0,1.0,1.0,0.0,0.0,8,10,4,6,0.0,0,1,0,0.0,0.0,10,3,0.0,1,6,0,0.0,1,5,5,0,0.7142857142857143,0,0,0,1,1.0,0.6666666666666666,0
llm-property_access-48,llm,epoch_days,run_1,0.0009915027767419815,unsat,1,0.0004788404330611229,unsat,0.48294411704479917,exact,0,0,0,1.0,1.0,0.0,0.0,8,10,4,6,0.0,0,1,0,0.0,0.0,10,3,0.0,1,6,0,0.0,1,5,5,0,0.7142857142857143,0,0,0,1,1.0,0.6666666666666666,0
llm-property_access-48,llm,hybrid_ymd,run_1,0.000913507305085659,unsat,1,0.0004788404330611229,unsat,0.524178000980761,exact,0,0,0,1.0,1.0,0.0,0.0,8,10,4,6,0.0,0,1,0,0.0,0.0,10,3,0.0,1,6,0,0.0,1,5,5,0,0.7142857142857143,0,0,0,1,1.0,0.6666666666666666,0
llm-property_access-48,llm,simple,run_1,0.0004788404330611229,unsat,1,0.0004788404330611229,unsat,1.0,exact,0,0,0,1.0,1.0,0.0,0.0,8,10,4,6,0.0,0,1,0,0.0,0.0,10,3,0.0,1,6,0,0.0,1,5,5,0,0.7142857142857143,0,0,0,1,1.0,0.6666666666666666,0
llm-property_access-49,llm,alpha_beta,run_1,0.0006222175434231758,unsat,1,0.0004045218229293823,unsat,0.6501292469252403,exact,0,0,0,1.0,1.0,0.0,0.0,4,6,2,4,0.0,0,1,0,0.0,0.0,6,1,0.0,0,0,1,0.0,1,1,2,1,0.6666666666666666,0,0,0,1,1.0,1.0,0
llm-property_access-49,llm,epoch_days,run_1,0.0004302170127630234,unsat,1,0.0004045218229293823,unsat,0.9402738871979599,exact,0,0,0,1.0,1.0,0.0,0.0,4,6,2,4,0.0,0,1,0,0.0,0.0,6,1,0.0,0,0,1,0.0,1,1,2,1,0.6666666666666666,0,0,0,1,1.0,1.0,0
llm-property_access-49,llm,hybrid_ymd,run_1,0.0006562042981386185,unsat,1,0.0004045218229293823,unsat,0.6164571370179138,exact,0,0,0,1.0,1.0,0.0,0.0,4,6,2,4,0.0,0,1,0,0.0,0.0,6,1,0.0,0,0,1,0.0,1,1,2,1,0.6666666666666666,0,0,0,1,1.0,1.0,0
llm-property_access-49,llm,simple,run_1,0.0004045218229293823,unsat,1,0.0004045218229293823,unsat,1.0,exact,0,0,0,1.0,1.0,0.0,0.0,4,6,2,4,0.0,0,1,0,0.0,0.0,6,1,0.0,0,0,1,0.0,1,1,2,1,0.6666666666666666,0,0,0,1,1.0,1.0,0
llm-property_access-50,llm,alpha_beta,run_1,0.0007488252595067024,sat,1,0.0005587544292211533,sat,0.7461746544036715,exact,0,0,0,1.0,1.0,0.0,0.0,6,8,3,5,0.0,0,1,0,0.0,0.0,8,2,0.0,5,1,0,0.0,1,2,3,1,0.6666666666666666,0,0,0,1,1.0,0.6666666666666666,0
llm-property_access-50,llm,epoch_days,run_1,0.0010080793872475624,sat,1,0.0005587544292211533,sat,0.5542762170217208,exact,0,0,0,1.0,1.0,0.0,0.0,6,8,3,5,0.0,0,1,0,0.0,0.0,8,2,0.0,5,1,0,0.0,1,2,3,1,0.6666666666666666,0,0,0,1,1.0,0.6666666666666666,0
llm-property_access-50,llm,hybrid_ymd,run_1,0.0011700531467795372,sat,1,0.0005587544292211533,sat,0.47754619587928376,exact,0,0,0,1.0,1.0,0.0,0.0,6,8,3,5,0.0,0,1,0,0.0,0.0,8,2,0.0,5,1,0,0.0,1,2,3,1,0.6666666666666666,0,0,0,1,1.0,0.6666666666666666,0
llm-property_access-50,llm,simple,run_1,0.0005587544292211533,sat,1,0.0005587544292211533,sat,1.0,exact,0,0,0,1.0,1.0,0.0,0.0,6,8,3,5,0.0,0,1,0,0.0,0.0,8,2,0.0,5,1,0,0.0,1,2,3,1,0.6666666666666666,0,0,0,1,1.0,0.6666666666666666,0
llm-property_access-51,llm,alpha_beta,run_1,0.00012692250311374664,unsat,1,0.00011410191655158997,unsat,0.8989888613316506,exact,0,0,0,1.0,1.0,0.0,0.0,2,5,1,4,0.4,0,1,0,0.0,0.0,5,0,0.0,0,0,0,0.0,0,1,1,2,0.8,0,1,1,1,1.0,0.0,0
llm-property_access-51,llm,epoch_days,run_1,0.00012668874114751816,unsat,1,0.00011410191655158997,unsat,0.9006476464923436,exact,0,0,0,1.0,1.0,0.0,0.0,2,5,1,4,0.4,0,1,0,0.0,0.0,5,0,0.0,0,0,0,0.0,0,1,1,2,0.8,0,1,1,1,1.0,0.0,0
llm-property_access-51,llm,hybrid_ymd,run_1,0.00011081155389547348,unsat,1,0.00011410191655158997,unsat,1.0296933175327567,exact,0,0,0,1.0,1.0,0.0,0.0,2,5,1,4,0.4,0,1,0,0.0,0.0,5,0,0.0,0,0,0,0.0,0,1,1,2,0.8,0,1,1,1,1.0,0.0,0
llm-property_access-51,llm,simple,run_1,0.00011410191655158997,unsat,1,0.00011410191655158997,unsat,1.0,exact,0,0,0,1.0,1.0,0.0,0.0,2,5,1,4,0.4,0,1,0,0.0,0.0,5,0,0.0,0,0,0,0.0,0,1,1,2,0.8,0,1,1,1,1.0,0.0,0
llm-property_access-52,llm,alpha_beta,run_1,0.0009612618014216423,sat,1,0.0004793945699930191,sat,0.4987138459928673,exact,0,0,0,1.0,1.0,0.0,0.0,4,7,2,5,0.14285714285714285,0,1,0,0.0,0.0,7,1,0.0,0,1,0,0.0,1,1,1,4,0.75,0,0,1,1,1.0,1.0,0
llm-property_access-52,llm,epoch_days,run_1,0.0009112739935517311,sat,1,0.0004793945699930191,sat,0.5260707244860103,exact,0,0,0,1.0,1.0,0.0,0.0,4,7,2,5,0.14285714285714285,0,1,0,0.0,0.0,7,1,0.0,0,1,0,0.0,1,1,1,4,0.75,0,0,1,1,1.0,1.0,0
llm-property_access-52,llm,hybrid_ymd,run_1,0.0010692691430449486,sat,1,0.0004793945699930191,sat,0.44833854330430906,exact,0,0,0,1.0,1.0,0.0,0.0,4,7,2,5,0.14285714285714285,0,1,0,0.0,0.0,7,1,0.0,0,1,0,0.0,1,1,1,4,0.75,0,0,1,1,1.0,1.0,0
llm-property_access-52,llm,simple,run_1,0.0004793945699930191,sat,1,0.0004793945699930191,sat,1.0,exact,0,0,0,1.0,1.0,0.0,0.0,4,7,2,5,0.14285714285714285,0,1,0,0.0,0.0,7,1,0.0,0,1,0,0.0,1,1,1,4,0.75,0,0,1,1,1.0,1.0,0
llm-property_access-53,llm,alpha_beta,run_1,0.0005585839971899986,unsat,1,0.000399208627641201,unsat,0.7146796715434954,exact,0,0,0,1.0,1.0,0.0,0.0,6,10,3,7,0.0,0,1,0,0.0,0.0,10,2,0.0,4,0,0,0.0,1,3,3,2,0.7272727272727273,0,1,1,1,1.0,0.6666666666666666,0
llm-property_access-53,llm,epoch_days,run_1,0.0008797338232398033,unsat,1,0.000399208627641201,unsat,0.45378342527633186,exact,0,0,0,1.0,1.0,0.0,0.0,6,10,3,7,0.0,0,1,0,0.0,0.0,10,2,0.0,4,0,0,0.0,1,3,3,2,0.7272727272727273,0,1,1,1,1.0,0.6666666666666666,0
llm-property_access-53,llm,hybrid_ymd,run_1,0.0007897187024354935,unsat,1,0.000399208627641201,unsat,0.5055073742207714,exact,0,0,0,1.0,1.0,0.0,0.0,6,10,3,7,0.0,0,1,0,0.0,0.0,10,2,0.0,4,0,0,0.0,1,3,3,2,0.7272727272727273,0,1,1,1,1.0,0.6666666666666666,0
llm-property_access-53,llm,simple,run_1,0.000399208627641201,unsat,1,0.000399208627641201,unsat,1.0,exact,0,0,0,1.0,1.0,0.0,0.0,6,10,3,7,0.0,0,1,0,0.0,0.0,10,2,0.0,4,0,0,0.0,1,3,3,2,0.7272727272727273,0,1,1,1,1.0,0.6666666666666666,0
llm-property_access-54,llm,alpha_beta,run_1,0.0007014255970716476,sat,1,0.00048065371811389923,sat,0.6852526057226316,exact,0,0,0,1.0,1.0,0.0,0.0,4,6,2,4,0.16666666666666666,0,1,0,0.0,0.0,6,1,0.0,50,0,0,0.0,1,3,1,1,0.7142857142857143,0,0,0,1,1.0,1.0,0
llm-property_access-54,llm,epoch_days,run_1,0.0008355462923645973,sat,1,0.00048065371811389923,sat,0.5752568379588502,exact,0,0,0,1.0,1.0,0.0,0.0,4,6,2,4,0.16666666666666666,0,1,0,0.0,0.0,6,1,0.0,50,0,0,0.0,1,3,1,1,0.7142857142857143,0,0,0,1,1.0,1.0,0
llm-property_access-54,llm,hybrid_ymd,run_1,0.0009701065719127655,sat,1,0.00048065371811389923,sat,0.4954648613153822,exact,0,0,0,1.0,1.0,0.0,0.0,4,6,2,4,0.16666666666666666,0,1,0,0.0,0.0,6,1,0.0,50,0,0,0.0,1,3,1,1,0.7142857142857143,0,0,0,1,1.0,1.0,0
llm-property_access-54,llm,simple,run_1,0.00048065371811389923,sat,1,0.00048065371811389923,sat,1.0,exact,0,0,0,1.0,1.0,0.0,0.0,4,6,2,4,0.16666666666666666,0,1,0,0.0,0.0,6,1,0.0,50,0,0,0.0,1,3,1,1,0.7142857142857143,0,0,0,1,1.0,1.0,0
llm-property_access-55,llm,alpha_beta,run_1,0.0007563289254903793,unsat,1,0.0003907298669219017,unsat,0.5166136766071258,exact,0,0,0,1.0,1.0,0.0,0.0,4,8,2,6,0.125,0,1,0,0.0,0.0,8,1,0.0,0,0,1,0.0,1,2,2,2,0.75,0,0,0,1,1.0,1.0,0
llm-property_access-55,llm,epoch_days,run_1,0.0005486961454153061,unsat,1,0.0003907298669219017,unsat,0.7121060903866195,exact,0,0,0,1.0,1.0,0.0,0.0,4,8,2,6,0.125,0,1,0,0.0,0.0,8,1,0.0,0,0,1,0.0,1,2,2,2,0.75,0,0,0,1,1.0,1.0,0
llm-property_access-55,llm,hybrid_ymd,run_1,0.0009478731080889702,unsat,1,0.0003907298669219017,unsat,0.4122174831076932,exact,0,0,0,1.0,1.0,0.0,0.0,4,8,2,6,0.125,0,1,0,0.0,0.0,8,1,0.0,0,0,1,0.0,1,2,2,2,0.75,0,0,0,1,1.0,1.0,0
llm-property_access-55,llm,simple,run_1,0.0003907298669219017,unsat,1,0.0003907298669219017,unsat,1.0,exact,0,0,0,1.0,1.0,0.0,0.0,4,8,2,6,0.125,0,1,0,0.0,0.0,8,1,0.0,0,0,1,0.0,1,2,2,2,0.75,0,0,0,1,1.0,1.0,0
llm-property_access-56,llm,alpha_beta,run_1,0.0006289100274443626,sat,1,0.00043726712465286255,sat,0.6952777115507924,exact,0,0,0,1.0,1.0,0.0,0.0,4,5,2,3,0.0,0,1,0,0.0,0.0,5,1,0.0,1,0,0,0.0,1,2,2,1,0.7142857142857143,0,1,1,1,1.0,1.0,0
llm-property_access-56,llm,epoch_days,run_1,0.000878618098795414,sat,1,0.00043726712465286255,sat,0.4976759814672109,exact,0,0,0,1.0,1.0,0.0,0.0,4,5,2,3,0.0,0,1,0,0.0,0.0,5,1,0.0,1,0,0,0.0,1,2,2,1,0.7142857142857143,0,1,1,1,1.0,1.0,0
llm-property_access-56,llm,hybrid_ymd,run_1,0.0010562315583229065,sat,1,0.00043726712465286255,sat,0.41398793778436144,exact,0,0,0,1.0,1.0,0.0,0.0,4,5,2,3,0.0,0,1,0,0.0,0.0,5,1,0.0,1,0,0,0.0,1,2,2,1,0.7142857142857143,0,1,1,1,1.0,1.0,0
llm-property_access-56,llm,simple,run_1,0.00043726712465286255,sat,1,0.00043726712465286255,sat,1.0,exact,0,0,0,1.0,1.0,0.0,0.0,4,5,2,3,0.0,0,1,0,0.0,0.0,5,1,0.0,1,0,0,0.0,1,2,2,1,0.7142857142857143,0,1,1,1,1.0,1.0,0
llm-property_access-57,llm,alpha_beta,run_1,0.0007967343553900719,sat,1,0.0005569569766521454,sat,0.6990497810019323,exact,0,0,0,1.0,1.0,0.0,0.0,6,7,3,4,0.0,0,1,0,0.0,0.0,7,2,0.0,0,2,0,0.0,1,0,2,2,0.5714285714285714,0,0,1,1,1.0,0.6666666666666666,0
llm-property_access-57,llm,epoch_days,run_1,0.000965985469520092,sat,1,0.0005569569766521454,sat,0.5765686899295135,exact,0,0,0,1.0,1.0,0.0,0.0,6,7,3,4,0.0,0,1,0,0.0,0.0,7,2,0.0,0,2,0,0.0,1,0,2,2,0.5714285714285714,0,0,1,1,1.0,0.6666666666666666,0
llm-property_access-57,llm,hybrid_ymd,run_1,0.0009425561875104904,sat,1,0.0005569569766521454,sat,0.5909005574757278,exact,0,0,0,1.0,1.0,0.0,0.0,6,7,3,4,0.0,0,1,0,0.0,0.0,7,2,0.0,0,2,0,0.0,1,0,2,2,0.5714285714285714,0,0,1,1,1.0,0.6666666666666666,0
llm-property_access-57,llm,simple,run_1,0.0005569569766521454,sat,1,0.0005569569766521454,sat,1.0,exact,0,0,0,1.0,1.0,0.0,0.0,6,7,3,4,0.0,0,1,0,0.0,0.0,7,2,0.0,0,2,0,0.0,1,0,2,2,0.5714285714285714,0,0,1,1,1.0,0.6666666666666666,0
llm-property_access-58,llm,alpha_beta,run_1,0.00071732047945261,unsat,1,0.0004262709990143776,unsat,0.5942546061694302,exact,0,0,0,1.0,1.0,0.0,0.0,8,10,4,6,0.0,0,1,0,0.0,0.0,10,2,0.0,1,1,0,0.0,1,1,2,3,0.6,0,1,1,2,0.75,0.3333333333333333,0
llm-property_access-58,llm,epoch_days,run_1,0.000905361957848072,unsat,1,0.0004262709990143776,unsat,0.4708293686511508,exact,0,0,0,1.0,1.0,0.0,0.0,8,10,4,6,0.0,0,1,0,0.0,0.0,10,2,0.0,1,1,0,0.0,1,1,2,3,0.6,0,1,1,2,0.75,0.3333333333333333,0
llm-property_access-58,llm,hybrid_ymd,run_1,0.0008654650300741196,unsat,1,0.0004262709990143776,unsat,0.4925340530256563,exact,0,0,0,1.0,1.0,0.0,0.0,8,10,4,6,0.0,0,1,0,0.0,0.0,10,2,0.0,1,1,0,0.0,1,1,2,3,0.6,0,1,1,2,0.75,0.3333333333333333,0
llm-property_access-58,llm,simple,run_1,0.0004262709990143776,unsat,1,0.0004262709990143776,unsat,1.0,exact,0,0,0,1.0,1.0,0.0,0.0,8,10,4,6,0.0,0,1,0,0.0,0.0,10,2,0.0,1,1,0,0.0,1,1,2,3,0.6,0,1,1,2,0.75,0.3333333333333333,0
llm-property_access-59,llm,alpha_beta,run_1,0.008717669174075127,sat,1,0.003637148067355156,sat,0.4172156564705872,exact,3,0,0,0.0,0.0,0.0,0.0,7,7,4,3,0.5714285714285714,0,1,1,0.0,0.0,7,2,0.0,50,0,0,0.0,1,4,0,0,0.5,0,0,1,1,1.0,0.6666666666666666,0
llm-property_access-59,llm,epoch_days,run_1,28.76385774463415,sat,1,0.003637148067355156,sat,0.00012644854871852714,exact,3,0,0,0.0,0.0,0.0,0.0,7,7,4,3,0.5714285714285714,0,1,1,0.0,0.0,7,2,0.0,50,0,0,0.0,1,4,0,0,0.5,0,0,1,1,1.0,0.6666666666666666,0
llm-property_access-59,llm,hybrid_ymd,run_1,0.009511368349194527,sat,1,0.003637148067355156,sat,0.38240008522676644,exact,3,0,0,0.0,0.0,0.0,0.0,7,7,4,3,0.5714285714285714,0,1,1,0.0,0.0,7,2,0.0,50,0,0,0.0,1,4,0,0,0.5,0,0,1,1,1.0,0.6666666666666666,0
llm-property_access-59,llm,simple,run_1,0.003637148067355156,sat,1,0.003637148067355156,sat,1.0,exact,3,0,0,0.0,0.0,0.0,0.0,7,7,4,3,0.5714285714285714,0,1,1,0.0,0.0,7,2,0.0,50,0,0,0.0,1,4,0,0,0.5,0,0,1,1,1.0,0.6666666666666666,0
llm-property_access-60,llm,alpha_beta,run_1,0.0011661844328045845,sat,1,0.0009554028511047363,sat,0.8192553632422149,exact,0,0,0,1.0,1.0,0.0,0.0,8,8,4,4,0.0,0,1,0,0.0,0.0,8,3,0.0,0,1,3,0.0,1,0,2,2,0.5,0,0,0,1,1.0,0.5,0
llm-property_access-60,llm,epoch_days,run_1,0.0010879430919885635,sat,1,0.0009554028511047363,sat,0.878173553506767,exact,0,0,0,1.0,1.0,0.0,0.0,8,8,4,4,0.0,0,1,0,0.0,0.0,8,3,0.0,0,1,3,0.0,1,0,2,2,0.5,0,0,0,1,1.0,0.5,0
llm-property_access-60,llm,hybrid_ymd,run_1,0.007086861878633499,sat,1,0.0009554028511047363,sat,0.1348132456179545,exact,0,0,0,1.0,1.0,0.0,0.0,8,8,4,4,0.0,0,1,0,0.0,0.0,8,3,0.0,0,1,3,0.0,1,0,2,2,0.5,0,0,0,1,1.0,0.5,0
llm-property_access-60,llm,simple,run_1,0.0009554028511047363,sat,1,0.0009554028511047363,sat,1.0,exact,0,0,0,1.0,1.0,0.0,0.0,8,8,4,4,0.0,0,1,0,0.0,0.0,8,3,0.0,0,1,3,0.0,1,0,2,2,0.5,0,0,0,1,1.0,0.5,0
llm-symbolic_date_vars-61,llm,alpha_beta,run_1,0.0007071681320667267,sat,1,0.0004709875211119652,sat,0.6660191540807779,exact,0,0,0,1.0,1.0,0.0,0.0,5,3,3,0,0.0,0,1,0,0.0,0.0,3,0,0.0,0,0,0,0.0,0,1,0,0,0.25,1,1,1,1,1.0,1.0,0
llm-symbolic_date_vars-61,llm,epoch_days,run_1,0.0007068570703268051,sat,1,0.0004709875211119652,sat,0.6663122445591595,exact,0,0,0,1.0,1.0,0.0,0.0,5,3,3,0,0.0,0,1,0,0.0,0.0,3,0,0.0,0,0,0,0.0,0,1,0,0,0.25,1,1,1,1,1.0,1.0,0
llm-symbolic_date_vars-61,llm,hybrid_ymd,run_1,0.0009712968021631241,sat,1,0.0004709875211119652,sat,0.4849058702376592,exact,0,0,0,1.0,1.0,0.0,0.0,5,3,3,0,0.0,0,1,0,0.0,0.0,3,0,0.0,0,0,0,0.0,0,1,0,0,0.25,1,1,1,1,1.0,1.0,0
llm-symbolic_date_vars-61,llm,simple,run_1,0.0004709875211119652,sat,1,0.0004709875211119652,sat,1.0,exact,0,0,0,1.0,1.0,0.0,0.0,5,3,3,0,0.0,0,1,0,0.0,0.0,3,0,0.0,0,0,0,0.0,0,1,0,0,0.25,1,1,1,1,1.0,1.0,0
llm-symbolic_date_vars-62,llm,alpha_beta,run_1,0.0005051158368587494,unsat,1,0.0003727227449417114,unsat,0.7378955830401723,exact,0,0,0,1.0,1.0,0.0,0.0,9,6,6,0,0.0,0,1,0,0.0,0.0,6,0,0.0,0,0,0,0.0,0,2,2,2,0.5,2,0,1,1,1.0,0.6666666666666666,0
llm-symbolic_date_vars-62,llm,epoch_days,run_1,0.0005769096314907074,unsat,1,0.0003727227449417114,unsat,0.6460678147782233,exact,0,0,0,1.0,1.0,0.0,0.0,9,6,6,0,0.0,0,1,0,0.0,0.0,6,0,0.0,0,0,0,0.0,0,2,2,2,0.5,2,0,1,1,1.0,0.6666666666666666,0
llm-symbolic_date_vars-62,llm,hybrid_ymd,run_1,0.0007819300517439842,unsat,1,0.0003727227449417114,unsat,0.4766701882225989,exact,0,0,0,1.0,1.0,0.0,0.0,9,6,6,0,0.0,0,1,0,0.0,0.0,6,0,0.0,0,0,0,0.0,0,2,2,2,0.5,2,0,1,1,1.0,0.6666666666666666,0
llm-symbolic_date_vars-62,llm,simple,run_1,0.0003727227449417114,unsat,1,0.0003727227449417114,unsat,1.0,exact,0,0,0,1.0,1.0,0.0,0.0,9,6,6,0,0.0,0,1,0,0.0,0.0,6,0,0.0,0,0,0,0.0,0,2,2,2,0.5,2,0,1,1,1.0,0.6666666666666666,0
llm-symbolic_date_vars-63,llm,alpha_beta,run_1,0.0012012822553515434,sat,1,0.0007159113883972168,sat,0.5959560171707625,exact,0,0,0,1.0,1.0,0.0,0.0,10,10,6,3,0.1,0,1,0,0.0,0.0,10,0,0.0,0,0,0,0.0,0,4,4,1,0.6,3,1,1,1,1.0,0.5,0
llm-symbolic_date_vars-63,llm,epoch_days,run_1,0.005286370404064655,sat,1,0.0007159113883972168,sat,0.1354258846195789,exact,0,0,0,1.0,1.0,0.0,0.0,10,10,6,3,0.1,0,1,0,0.0,0.0,10,0,0.0,0,0,0,0.0,0,4,4,1,0.6,3,1,1,1,1.0,0.5,0
llm-symbolic_date_vars-63,llm,hybrid_ymd,run_1,0.0012416532263159752,sat,1,0.0007159113883972168,sat,0.5765791714014619,exact,0,0,0,1.0,1.0,0.0,0.0,10,10,6,3,0.1,0,1,0,0.0,0.0,10,0,0.0,0,0,0,0.0,0,4,4,1,0.6,3,1,1,1,1.0,0.5,0
llm-symbolic_date_vars-63,llm,simple,run_1,0.0007159113883972168,sat,1,0.0007159113883972168,sat,1.0,exact,0,0,0,1.0,1.0,0.0,0.0,10,10,6,3,0.1,0,1,0,0.0,0.0,10,0,0.0,0,0,0,0.0,0,4,4,1,0.6,3,1,1,1,1.0,0.5,0
llm-symbolic_date_vars-64,llm,alpha_beta,run_1,0.0004964936524629593,unsat,1,0.0003605671226978302,unsat,0.7262270542818876,exact,0,0,0,1.0,1.0,0.0,0.0,4,3,2,1,0.0,0,1,0,0.0,0.0,3,0,0.0,0,0,0,0.0,0,1,0,2,0.6,1,0,1,1,1.0,1.0,0
llm-symbolic_date_vars-64,llm,epoch_days,run_1,0.0026201261207461357,unsat,1,0.0003605671226978302,unsat,0.1376144147576954,exact,0,0,0,1.0,1.0,0.0,0.0,4,3,2,1,0.0,0,1,0,0.0,0.0,3,0,0.0,0,0,0,0.0,0,1,0,2,0.6,1,0,1,1,1.0,1.0,0
llm-symbolic_date_vars-64,llm,hybrid_ymd,run_1,0.0007523912936449051,unsat,1,0.0003605671226978302,unsat,0.47922819647618314,exact,0,0,0,1.0,1.0,0.0,0.0,4,3,2,1,0.0,0,1,0,0.0,0.0,3,0,0.0,0,0,0,0.0,0,1,0,2,0.6,1,0,1,1,1.0,1.0,0
llm-symbolic_date_vars-64,llm,simple,run_1,0.0003605671226978302,unsat,1,0.0003605671226978302,unsat,1.0,exact,0,0,0,1.0,1.0,0.0,0.0,4,3,2,1,0.0,0,1,0,0.0,0.0,3,0,0.0,0,0,0,0.0,0,1,0,2,0.6,1,0,1,1,1.0,1.0,0
llm-symbolic_date_vars-65,llm,alpha_beta,run_1,0.000861411914229393,sat,1,0.0006573032587766647,sat,0.7630533638075798,exact,0,0,0,1.0,1.0,0.0,0.0,11,8,7,1,0.0,0,1,0,0.0,0.0,8,1,0.0,50,0,0,0.0,1,2,2,3,0.5,2,0,1,1,1.0,0.5,0
llm-symbolic_date_vars-65,llm,epoch_days,run_1,0.0011471910402178764,sat,1,0.0006573032587766647,sat,0.5729675666328675,exact,0,0,0,1.0,1.0,0.0,0.0,11,8,7,1,0.0,0,1,0,0.0,0.0,8,1,0.0,50,0,0,0.0,1,2,2,3,0.5,2,0,1,1,1.0,0.5,0
llm-symbolic_date_vars-65,llm,hybrid_ymd,run_1,0.0013019843026995659,sat,1,0.0006573032587766647,sat,0.5048472991677366,exact,0,0,0,1.0,1.0,0.0,0.0,11,8,7,1,0.0,0,1,0,0.0,0.0,8,1,0.0,50,0,0,0.0,1,2,2,3,0.5,2,0,1,1,1.0,0.5,0
llm-symbolic_date_vars-65,llm,simple,run_1,0.0006573032587766647,sat,1,0.0006573032587766647,sat,1.0,exact,0,0,0,1.0,1.0,0.0,0.0,11,8,7,1,0.0,0,1,0,0.0,0.0,8,1,0.0,50,0,0,0.0,1,2,2,3,0.5,2,0,1,1,1.0,0.5,0
llm-symbolic_date_vars-66,llm,alpha_beta,run_1,0.0026005953550338745,sat,1,0.0013409703969955444,sat,0.5156397724082212,exact,1,0,0,0.6666666666666666,0.6666666666666666,0.0,0.0,6,5,4,1,0.2,0,1,0,0.0,0.0,5,0,0.0,0,0,0,0.0,0,2,1,1,0.5,2,1,1,1,1.0,0.6666666666666666,0
llm-symbolic_date_vars-66,llm,epoch_days,run_1,0.007541239261627197,sat,1,0.0013409703969955444,sat,0.17781830684234237,exact,1,0,0,0.6666666666666666,0.6666666666666666,0.0,0.0,6,5,4,1,0.2,0,1,0,0.0,0.0,5,0,0.0,0,0,0,0.0,0,2,1,1,0.5,2,1,1,1,1.0,0.6666666666666666,0
llm-symbolic_date_vars-66,llm,hybrid_ymd,run_1,0.0029454147443175316,sat,1,0.0013409703969955444,sat,0.45527387936881347,exact,1,0,0,0.6666666666666666,0.6666666666666666,0.0,0.0,6,5,4,1,0.2,0,1,0,0.0,0.0,5,0,0.0,0,0,0,0.0,0,2,1,1,0.5,2,1,1,1,1.0,0.6666666666666666,0
llm-symbolic_date_vars-66,llm,simple,run_1,0.0013409703969955444,sat,1,0.0013409703969955444,sat,1.0,exact,1,0,0,0.6666666666666666,0.6666666666666666,0.0,0.0,6,5,4,1,0.2,0,1,0,0.0,0.0,5,0,0.0,0,0,0,0.0,0,2,1,1,0.5,2,1,1,1,1.0,0.6666666666666666,0
llm-symbolic_date_vars-67,llm,alpha_beta,run_1,0.0008482178673148155,sat,1,0.0005864305421710014,sat,0.691367825140788,exact,0,0,0,1.0,1.0,0.0,0.0,7,7,4,3,0.0,0,1,0,0.0,0.0,7,1,0.0,1,0,0,0.0,1,4,3,1,0.6666666666666666,2,0,1,1,1.0,0.6666666666666666,0
llm-symbolic_date_vars-67,llm,epoch_days,run_1,0.004694775678217411,sat,1,0.0005864305421710014,sat,0.12491130191627536,exact,0,0,0,1.0,1.0,0.0,0.0,7,7,4,3,0.0,0,1,0,0.0,0.0,7,1,0.0,1,0,0,0.0,1,4,3,1,0.6666666666666666,2,0,1,1,1.0,0.6666666666666666,0
llm-symbolic_date_vars-67,llm,hybrid_ymd,run_1,0.0013605989515781403,sat,1,0.0005864305421710014,sat,0.431009109253545,exact,0,0,0,1.0,1.0,0.0,0.0,7,7,4,3,0.0,0,1,0,0.0,0.0,7,1,0.0,1,0,0,0.0,1,4,3,1,0.6666666666666666,2,0,1,1,1.0,0.6666666666666666,0
llm-symbolic_date_vars-67,llm,simple,run_1,0.0005864305421710014,sat,1,0.0005864305421710014,sat,1.0,exact,0,0,0,1.0,1.0,0.0,0.0,7,7,4,3,0.0,0,1,0,0.0,0.0,7,1,0.0,1,0,0,0.0,1,4,3,1,0.6666666666666666,2,0,1,1,1.0,0.6666666666666666,0
llm-symbolic_date_vars-68,llm,alpha_beta,run_1,0.0012167738750576973,sat,1,0.0006715608760714531,sat,0.5519192101651663,exact,0,0,0,1.0,1.0,0.0,0.0,8,10,4,6,0.0,0,1,0,0.0,0.0,10,0,0.0,0,0,0,0.0,0,6,5,4,0.7894736842105263,3,0,0,1,1.0,0.5,0
llm-symbolic_date_vars-68,llm,epoch_days,run_1,0.08858397603034973,sat,1,0.0006715608760714531,sat,0.007581064952891365,exact,0,0,0,1.0,1.0,0.0,0.0,8,10,4,6,0.0,0,1,0,0.0,0.0,10,0,0.0,0,0,0,0.0,0,6,5,4,0.7894736842105263,3,0,0,1,1.0,0.5,0
llm-symbolic_date_vars-68,llm,hybrid_ymd,run_1,0.0013271765783429146,sat,1,0.0006715608760714531,sat,0.506007178720672,exact,0,0,0,1.0,1.0,0.0,0.0,8,10,4,6,0.0,0,1,0,0.0,0.0,10,0,0.0,0,0,0,0.0,0,6,5,4,0.7894736842105263,3,0,0,1,1.0,0.5,0
llm-symbolic_date_vars-68,llm,simple,run_1,0.0006715608760714531,sat,1,0.0006715608760714531,sat,1.0,exact,0,0,0,1.0,1.0,0.0,0.0,8,10,4,6,0.0,0,1,0,0.0,0.0,10,0,0.0,0,0,0,0.0,0,6,5,4,0.7894736842105263,3,0,0,1,1.0,0.5,0
llm-symbolic_date_vars-69,llm,alpha_beta,run_1,0.001090644858777523,sat,1,0.000567510724067688,sat,0.5203441977471904,exact,0,0,0,1.0,1.0,0.0,0.0,6,6,3,3,0.0,0,1,0,0.0,0.0,6,0,0.0,0,0,0,0.0,0,4,1,2,0.7,2,0,0,1,1.0,0.6666666666666666,0
llm-symbolic_date_vars-69,llm,epoch_days,run_1,0.005351017229259014,sat,1,0.000567510724067688,sat,0.10605660564211535,exact,0,0,0,1.0,1.0,0.0,0.0,6,6,3,3,0.0,0,1,0,0.0,0.0,6,0,0.0,0,0,0,0.0,0,4,1,2,0.7,2,0,0,1,1.0,0.6666666666666666,0
llm-symbolic_date_vars-69,llm,hybrid_ymd,run_1,0.001365000382065773,sat,1,0.000567510724067688,sat,0.41575865583922034,exact,0,0,0,1.0,1.0,0.0,0.0,6,6,3,3,0.0,0,1,0,0.0,0.0,6,0,0.0,0,0,0,0.0,0,4,1,2,0.7,2,0,0,1,1.0,0.6666666666666666,0
llm-symbolic_date_vars-69,llm,simple,run_1,0.000567510724067688,sat,1,0.000567510724067688,sat,1.0,exact,0,0,0,1.0,1.0,0.0,0.0,6,6,3,3,0.0,0,1,0,0.0,0.0,6,0,0.0,0,0,0,0.0,0,4,1,2,0.7,2,0,0,1,1.0,0.6666666666666666,0
llm-symbolic_date_vars-70,llm,alpha_beta,run_1,0.0010567065328359604,sat,1,0.000723094679415226,sat,0.6842909142187321,exact,0,0,0,1.0,1.0,0.0,0.0,8,8,4,4,0.0,0,1,0,0.0,0.0,8,0,0.0,0,0,0,0.0,0,6,4,3,0.7647058823529411,3,0,0,1,1.0,0.5,0
llm-symbolic_date_vars-70,llm,epoch_days,run_1,0.1985808126628399,sat,1,0.000723094679415226,sat,0.0036413119158844975,exact,0,0,0,1.0,1.0,0.0,0.0,8,8,4,4,0.0,0,1,0,0.0,0.0,8,0,0.0,0,0,0,0.0,0,6,4,3,0.7647058823529411,3,0,0,1,1.0,0.5,0
llm-symbolic_date_vars-70,llm,hybrid_ymd,run_1,0.0014500515535473824,sat,1,0.000723094679415226,sat,0.4986682560673509,exact,0,0,0,1.0,1.0,0.0,0.0,8,8,4,4,0.0,0,1,0,0.0,0.0,8,0,0.0,0,0,0,0.0,0,6,4,3,0.7647058823529411,3,0,0,1,1.0,0.5,0
llm-symbolic_date_vars-70,llm,simple,run_1,0.000723094679415226,sat,1,0.000723094679415226,sat,1.0,exact,0,0,0,1.0,1.0,0.0,0.0,8,8,4,4,0.0,0,1,0,0.0,0.0,8,0,0.0,0,0,0,0.0,0,6,4,3,0.7647058823529411,3,0,0,1,1.0,0.5,0
llm-symbolic_date_vars-71,llm,alpha_beta,run_1,0.0009457683190703392,sat,1,0.0005400069057941437,sat,0.5709716586034026,exact,0,0,0,1.0,1.0,0.0,0.0,7,5,4,1,0.0,0,1,0,0.0,0.0,5,0,0.0,0,0,0,0.0,0,3,1,1,0.5555555555555556,2,1,1,1,1.0,0.6666666666666666,0
llm-symbolic_date_vars-71,llm,epoch_days,run_1,0.005311013199388981,sat,1,0.0005400069057941437,sat,0.1016768148601608,exact,0,0,0,1.0,1.0,0.0,0.0,7,5,4,1,0.0,0,1,0,0.0,0.0,5,0,0.0,0,0,0,0.0,0,3,1,1,0.5555555555555556,2,1,1,1,1.0,0.6666666666666666,0
llm-symbolic_date_vars-71,llm,hybrid_ymd,run_1,0.0012044087052345276,sat,1,0.0005400069057941437,sat,0.4483585210296128,exact,0,0,0,1.0,1.0,0.0,0.0,7,5,4,1,0.0,0,1,0,0.0,0.0,5,0,0.0,0,0,0,0.0,0,3,1,1,0.5555555555555556,2,1,1,1,1.0,0.6666666666666666,0
llm-symbolic_date_vars-71,llm,simple,run_1,0.0005400069057941437,sat,1,0.0005400069057941437,sat,1.0,exact,0,0,0,1.0,1.0,0.0,0.0,7,5,4,1,0.0,0,1,0,0.0,0.0,5,0,0.0,0,0,0,0.0,0,3,1,1,0.5555555555555556,2,1,1,1,1.0,0.6666666666666666,0
llm-symbolic_date_vars-72,llm,alpha_beta,run_1,0.0014051487669348717,sat,1,0.0007614009082317352,sat,0.5418649798146433,exact,0,0,0,1.0,1.0,0.0,0.0,9,7,5,2,0.14285714285714285,0,1,0,0.0,0.0,7,0,0.0,0,0,0,0.0,0,5,3,1,0.6428571428571429,3,0,0,1,1.0,0.5,0
llm-symbolic_date_vars-72,llm,epoch_days,run_1,0.07094320375472307,sat,1,0.0007614009082317352,sat,0.010732541919930486,exact,0,0,0,1.0,1.0,0.0,0.0,9,7,5,2,0.14285714285714285,0,1,0,0.0,0.0,7,0,0.0,0,0,0,0.0,0,5,3,1,0.6428571428571429,3,0,0,1,1.0,0.5,0
llm-symbolic_date_vars-72,llm,hybrid_ymd,run_1,0.001440555788576603,sat,1,0.0007614009082317352,sat,0.5285466305918405,exact,0,0,0,1.0,1.0,0.0,0.0,9,7,5,2,0.14285714285714285,0,1,0,0.0,0.0,7,0,0.0,0,0,0,0.0,0,5,3,1,0.6428571428571429,3,0,0,1,1.0,0.5,0
llm-symbolic_date_vars-72,llm,simple,run_1,0.0007614009082317352,sat,1,0.0007614009082317352,sat,1.0,exact,0,0,0,1.0,1.0,0.0,0.0,9,7,5,2,0.14285714285714285,0,1,0,0.0,0.0,7,0,0.0,0,0,0,0.0,0,5,3,1,0.6428571428571429,3,0,0,1,1.0,0.5,0
llm-symbolic_date_vars-73,llm,alpha_beta,run_1,0.0008852286264300346,unsat,1,0.0005781855434179306,unsat,0.6531482671879323,exact,1,0,0,0.8,0.8,0.0,0.0,11,13,5,8,0.15384615384615385,0,1,0,0.0,0.0,13,1,0.0,100,0,0,0.0,1,10,5,4,0.7916666666666666,2,1,1,1,1.0,0.5,0
llm-symbolic_date_vars-73,llm,epoch_days,run_1,0.0007652351632714272,unsat,1,0.0005781855434179306,unsat,0.7555658327907359,exact,1,0,0,0.8,0.8,0.0,0.0,11,13,5,8,0.15384615384615385,0,1,0,0.0,0.0,13,1,0.0,100,0,0,0.0,1,10,5,4,0.7916666666666666,2,1,1,1,1.0,0.5,0
llm-symbolic_date_vars-73,llm,hybrid_ymd,run_1,0.0010693436488509178,unsat,1,0.0005781855434179306,unsat,0.5406919880613029,exact,1,0,0,0.8,0.8,0.0,0.0,11,13,5,8,0.15384615384615385,0,1,0,0.0,0.0,13,1,0.0,100,0,0,0.0,1,10,5,4,0.7916666666666666,2,1,1,1,1.0,0.5,0
llm-symbolic_date_vars-73,llm,simple,run_1,0.0005781855434179306,unsat,1,0.0005781855434179306,unsat,1.0,exact,1,0,0,0.8,0.8,0.0,0.0,11,13,5,8,0.15384615384615385,0,1,0,0.0,0.0,13,1,0.0,100,0,0,0.0,1,10,5,4,0.7916666666666666,2,1,1,1,1.0,0.5,0
llm-symbolic_date_vars-74,llm,alpha_beta,run_1,0.0009476486593484879,sat,1,0.0006040576845407486,sat,0.6374278891040067,exact,0,0,0,1.0,1.0,0.0,0.0,7,6,4,2,0.0,0,1,0,0.0,0.0,6,0,0.0,0,0,0,0.0,0,2,1,4,0.6363636363636364,2,1,1,1,1.0,0.6666666666666666,0
llm-symbolic_date_vars-74,llm,epoch_days,run_1,0.004592171870172024,sat,1,0.0006040576845407486,sat,0.13154073968013755,exact,0,0,0,1.0,1.0,0.0,0.0,7,6,4,2,0.0,0,1,0,0.0,0.0,6,0,0.0,0,0,0,0.0,0,2,1,4,0.6363636363636364,2,1,1,1,1.0,0.6666666666666666,0
llm-symbolic_date_vars-74,llm,hybrid_ymd,run_1,0.0012961933389306068,sat,1,0.0006040576845407486,sat,0.4660243702834578,exact,0,0,0,1.0,1.0,0.0,0.0,7,6,4,2,0.0,0,1,0,0.0,0.0,6,0,0.0,0,0,0,0.0,0,2,1,4,0.6363636363636364,2,1,1,1,1.0,0.6666666666666666,0
llm-symbolic_date_vars-74,llm,simple,run_1,0.0006040576845407486,sat,1,0.0006040576845407486,sat,1.0,exact,0,0,0,1.0,1.0,0.0,0.0,7,6,4,2,0.0,0,1,0,0.0,0.0,6,0,0.0,0,0,0,0.0,0,2,1,4,0.6363636363636364,2,1,1,1,1.0,0.6666666666666666,0
llm-symbolic_date_vars-75,llm,alpha_beta,run_1,0.0008490327745676041,unsat,1,0.0005230046808719635,unsat,0.61600057917472,exact,0,0,0,1.0,1.0,0.0,0.0,10,8,6,2,0.0,0,1,0,0.0,0.0,8,0,0.0,0,0,0,0.0,0,6,2,1,0.6,3,0,1,1,1.0,0.6666666666666666,0
llm-symbolic_date_vars-75,llm,epoch_days,run_1,0.0008652452379465103,unsat,1,0.0005230046808719635,unsat,0.6044583176362951,exact,0,0,0,1.0,1.0,0.0,0.0,10,8,6,2,0.0,0,1,0,0.0,0.0,8,0,0.0,0,0,0,0.0,0,6,2,1,0.6,3,0,1,1,1.0,0.6666666666666666,0
llm-symbolic_date_vars-75,llm,hybrid_ymd,run_1,0.000789896585047245,unsat,1,0.0005230046808719635,unsat,0.662117916158204,exact,0,0,0,1.0,1.0,0.0,0.0,10,8,6,2,0.0,0,1,0,0.0,0.0,8,0,0.0,0,0,0,0.0,0,6,2,1,0.6,3,0,1,1,1.0,0.6666666666666666,0
llm-symbolic_date_vars-75,llm,simple,run_1,0.0005230046808719635,unsat,1,0.0005230046808719635,unsat,1.0,exact,0,0,0,1.0,1.0,0.0,0.0,10,8,6,2,0.0,0,1,0,0.0,0.0,8,0,0.0,0,0,0,0.0,0,6,2,1,0.6,3,0,1,1,1.0,0.6666666666666666,0
llm-symbolic_date_vars-76,llm,alpha_beta,run_1,0.0009314967319369316,sat,1,0.0005872873589396477,sat,0.6304771007821537,exact,0,0,0,1.0,1.0,0.0,0.0,6,5,3,2,0.0,0,1,0,0.0,0.0,5,0,0.0,0,0,0,0.0,0,4,2,2,0.7272727272727273,2,1,1,1,1.0,1.0,0
llm-symbolic_date_vars-76,llm,epoch_days,run_1,0.01062247809022665,sat,1,0.0005872873589396477,sat,0.05528722713770425,exact,0,0,0,1.0,1.0,0.0,0.0,6,5,3,2,0.0,0,1,0,0.0,0.0,5,0,0.0,0,0,0,0.0,0,4,2,2,0.7272727272727273,2,1,1,1,1.0,1.0,0
llm-symbolic_date_vars-76,llm,hybrid_ymd,run_1,0.0012814681977033615,sat,1,0.0005872873589396477,sat,0.45829257408976676,exact,0,0,0,1.0,1.0,0.0,0.0,6,5,3,2,0.0,0,1,0,0.0,0.0,5,0,0.0,0,0,0,0.0,0,4,2,2,0.7272727272727273,2,1,1,1,1.0,1.0,0
llm-symbolic_date_vars-76,llm,simple,run_1,0.0005872873589396477,sat,1,0.0005872873589396477,sat,1.0,exact,0,0,0,1.0,1.0,0.0,0.0,6,5,3,2,0.0,0,1,0,0.0,0.0,5,0,0.0,0,0,0,0.0,0,4,2,2,0.7272727272727273,2,1,1,1,1.0,1.0,0
llm-symbolic_date_vars-77,llm,alpha_beta,run_1,0.0008895592764019966,sat,1,0.0006175041198730469,sat,0.6941686026485698,exact,0,0,0,1.0,1.0,0.0,0.0,6,7,3,4,0.0,0,1,0,0.0,0.0,7,0,0.0,0,0,0,0.0,0,3,4,3,0.7692307692307693,2,0,1,1,1.0,0.6666666666666666,0
llm-symbolic_date_vars-77,llm,epoch_days,run_1,0.015318457037210464,sat,1,0.0006175041198730469,sat,0.040311117390808456,exact,0,0,0,1.0,1.0,0.0,0.0,6,7,3,4,0.0,0,1,0,0.0,0.0,7,0,0.0,0,0,0,0.0,0,3,4,3,0.7692307692307693,2,0,1,1,1.0,0.6666666666666666,0
llm-symbolic_date_vars-77,llm,hybrid_ymd,run_1,0.0010851919651031494,sat,1,0.0006175041198730469,sat,0.5690275451075165,exact,0,0,0,1.0,1.0,0.0,0.0,6,7,3,4,0.0,0,1,0,0.0,0.0,7,0,0.0,0,0,0,0.0,0,3,4,3,0.7692307692307693,2,0,1,1,1.0,0.6666666666666666,0
llm-symbolic_date_vars-77,llm,simple,run_1,0.0006175041198730469,sat,1,0.0006175041198730469,sat,1.0,exact,0,0,0,1.0,1.0,0.0,0.0,6,7,3,4,0.0,0,1,0,0.0,0.0,7,0,0.0,0,0,0,0.0,0,3,4,3,0.7692307692307693,2,0,1,1,1.0,0.6666666666666666,0
llm-symbolic_date_vars-78,llm,alpha_beta,run_1,0.0012870142236351967,sat,1,0.0006748242303729057,sat,0.5243331565263137,exact,0,0,0,1.0,1.0,0.0,0.0,8,10,4,6,0.0,0,1,0,0.0,0.0,10,0,0.0,0,0,0,0.0,0,6,5,4,0.7894736842105263,3,0,0,1,1.0,0.6666666666666666,0
llm-symbolic_date_vars-78,llm,epoch_days,run_1,0.018345285207033157,sat,1,0.0006748242303729057,sat,0.03678461374447282,exact,0,0,0,1.0,1.0,0.0,0.0,8,10,4,6,0.0,0,1,0,0.0,0.0,10,0,0.0,0,0,0,0.0,0,6,5,4,0.7894736842105263,3,0,0,1,1.0,0.6666666666666666,0
llm-symbolic_date_vars-78,llm,hybrid_ymd,run_1,0.0014954190701246262,sat,1,0.0006748242303729057,sat,0.4512609500938535,exact,0,0,0,1.0,1.0,0.0,0.0,8,10,4,6,0.0,0,1,0,0.0,0.0,10,0,0.0,0,0,0,0.0,0,6,5,4,0.7894736842105263,3,0,0,1,1.0,0.6666666666666666,0
llm-symbolic_date_vars-78,llm,simple,run_1,0.0006748242303729057,sat,1,0.0006748242303729057,sat,1.0,exact,0,0,0,1.0,1.0,0.0,0.0,8,10,4,6,0.0,0,1,0,0.0,0.0,10,0,0.0,0,0,0,0.0,0,6,5,4,0.7894736842105263,3,0,0,1,1.0,0.6666666666666666,0
llm-symbolic_date_vars-79,llm,alpha_beta,run_1,0.000897345133125782,sat,1,0.0006162207573652267,sat,0.6867154393747075,exact,0,0,0,1.0,1.0,0.0,0.0,6,6,3,3,0.0,0,1,0,0.0,0.0,6,0,0.0,0,0,0,0.0,0,3,2,4,0.75,2,1,1,1,1.0,0.6666666666666666,0
llm-symbolic_date_vars-79,llm,epoch_days,run_1,0.016882301308214664,sat,1,0.0006162207573652267,sat,0.03650099273286773,exact,0,0,0,1.0,1.0,0.0,0.0,6,6,3,3,0.0,0,1,0,0.0,0.0,6,0,0.0,0,0,0,0.0,0,3,2,4,0.75,2,1,1,1,1.0,0.6666666666666666,0
llm-symbolic_date_vars-79,llm,hybrid_ymd,run_1,0.0014808159321546555,sat,1,0.0006162207573652267,sat,0.41613595855130836,exact,0,0,0,1.0,1.0,0.0,0.0,6,6,3,3,0.0,0,1,0,0.0,0.0,6,0,0.0,0,0,0,0.0,0,3,2,4,0.75,2,1,1,1,1.0,0.6666666666666666,0
llm-symbolic_date_vars-79,llm,simple,run_1,0.0006162207573652267,sat,1,0.0006162207573652267,sat,1.0,exact,0,0,0,1.0,1.0,0.0,0.0,6,6,3,3,0.0,0,1,0,0.0,0.0,6,0,0.0,0,0,0,0.0,0,3,2,4,0.75,2,1,1,1,1.0,0.6666666666666666,0
llm-symbolic_date_vars-80,llm,alpha_beta,run_1,0.0009025642648339272,unsat,1,0.0004908181726932526,unsat,0.5438041276579498,exact,0,0,0,1.0,1.0,0.0,0.0,8,8,4,4,0.0,0,1,0,0.0,0.0,8,0,0.0,0,0,0,0.0,0,5,5,3,0.7647058823529411,3,0,0,1,1.0,0.5,0
llm-symbolic_date_vars-80,llm,epoch_days,run_1,0.004004868678748608,unsat,1,0.0004908181726932526,unsat,0.12255537248892201,exact,0,0,0,1.0,1.0,0.0,0.0,8,8,4,4,0.0,0,1,0,0.0,0.0,8,0,0.0,0,0,0,0.0,0,5,5,3,0.7647058823529411,3,0,0,1,1.0,0.5,0
llm-symbolic_date_vars-80,llm,hybrid_ymd,run_1,0.0007811384275555611,unsat,1,0.0004908181726932526,unsat,0.6283369955683578,exact,0,0,0,1.0,1.0,0.0,0.0,8,8,4,4,0.0,0,1,0,0.0,0.0,8,0,0.0,0,0,0,0.0,0,5,5,3,0.7647058823529411,3,0,0,1,1.0,0.5,0
llm-symbolic_date_vars-80,llm,simple,run_1,0.0004908181726932526,unsat,1,0.0004908181726932526,unsat,1.0,exact,0,0,0,1.0,1.0,0.0,0.0,8,8,4,4,0.0,0,1,0,0.0,0.0,8,0,0.0,0,0,0,0.0,0,5,5,3,0.7647058823529411,3,0,0,1,1.0,0.5,0
llm-year_vs_days-100,llm,alpha_beta,run_1,0.001281815581023693,sat,1,0.5090024955570698,sat,397.0949511711867,exact,0,0,0,1.0,1.0,0.0,0.0,10,8,7,1,0.0,0,1,0,0.0,0.0,8,4,0.0,4,0,1460,0.0,1,1,0,0,0.125,0,0,1,1,1.0,0.6,0
llm-year_vs_days-100,llm,epoch_days,run_1,0.0009179553017020226,sat,1,0.5090024955570698,sat,554.495948346619,exact,0,0,0,1.0,1.0,0.0,0.0,10,8,7,1,0.0,0,1,0,0.0,0.0,8,4,0.0,4,0,1460,0.0,1,1,0,0,0.125,0,0,1,1,1.0,0.6,0
llm-year_vs_days-100,llm,hybrid_ymd,run_1,0.016764583997428417,sat,1,0.5090024955570698,sat,30.36177310663644,exact,0,0,0,1.0,1.0,0.0,0.0,10,8,7,1,0.0,0,1,0,0.0,0.0,8,4,0.0,4,0,1460,0.0,1,1,0,0,0.125,0,0,1,1,1.0,0.6,0
llm-year_vs_days-100,llm,simple,run_1,0.5090024955570698,sat,1,0.5090024955570698,sat,1.0,exact,0,0,0,1.0,1.0,0.0,0.0,10,8,7,1,0.0,0,1,0,0.0,0.0,8,4,0.0,4,0,1460,0.0,1,1,0,0,0.125,0,0,1,1,1.0,0.6,0
llm-year_vs_days-81,llm,alpha_beta,run_1,0.0007089907303452492,unsat,1,0.32785388734191656,unsat,462.4233763708945,exact,0,0,0,1.0,1.0,0.0,0.0,6,5,5,0,0.2,0,1,0,0.0,0.0,5,2,0.0,1,0,365,0.0,1,0,0,0,0.0,0,1,1,1,1.0,1.0,0
llm-year_vs_days-81,llm,epoch_days,run_1,0.0006443392485380173,unsat,1,0.32785388734191656,unsat,508.8218482512206,exact,0,0,0,1.0,1.0,0.0,0.0,6,5,5,0,0.2,0,1,0,0.0,0.0,5,2,0.0,1,0,365,0.0,1,0,0,0,0.0,0,1,1,1,1.0,1.0,0
llm-year_vs_days-81,llm,hybrid_ymd,run_1,0.004807037301361561,unsat,1,0.32785388734191656,unsat,68.2029006201084,exact,0,0,0,1.0,1.0,0.0,0.0,6,5,5,0,0.2,0,1,0,0.0,0.0,5,2,0.0,1,0,365,0.0,1,0,0,0,0.0,0,1,1,1,1.0,1.0,0
llm-year_vs_days-81,llm,simple,run_1,0.32785388734191656,unsat,1,0.32785388734191656,unsat,1.0,exact,0,0,0,1.0,1.0,0.0,0.0,6,5,5,0,0.2,0,1,0,0.0,0.0,5,2,0.0,1,0,365,0.0,1,0,0,0,0.0,0,1,1,1,1.0,1.0,0
llm-year_vs_days-82,llm,alpha_beta,run_1,0.0011811600998044014,sat,1,0.3238423354923725,sat,274.1731079012916,exact,0,0,0,1.0,1.0,0.0,0.0,9,7,7,0,0.14285714285714285,0,1,0,0.0,0.0,7,3,0.0,1,0,366,0.0,1,0,0,0,0.0,0,0,0,1,1.0,0.8333333333333334,0
llm-year_vs_days-82,llm,epoch_days,run_1,0.0007285252213478088,sat,1,0.3238423354923725,sat,444.51767214489524,exact,0,0,0,1.0,1.0,0.0,0.0,9,7,7,0,0.14285714285714285,0,1,0,0.0,0.0,7,3,0.0,1,0,366,0.0,1,0,0,0,0.0,0,0,0,1,1.0,0.8333333333333334,0
llm-year_vs_days-82,llm,hybrid_ymd,run_1,0.0015210732817649841,sat,1,0.3238423354923725,sat,212.90383532120202,exact,0,0,0,1.0,1.0,0.0,0.0,9,7,7,0,0.14285714285714285,0,1,0,0.0,0.0,7,3,0.0,1,0,366,0.0,1,0,0,0,0.0,0,0,0,1,1.0,0.8333333333333334,0
llm-year_vs_days-82,llm,simple,run_1,0.3238423354923725,sat,1,0.3238423354923725,sat,1.0,exact,0,0,0,1.0,1.0,0.0,0.0,9,7,7,0,0.14285714285714285,0,1,0,0.0,0.0,7,3,0.0,1,0,366,0.0,1,0,0,0,0.0,0,0,0,1,1.0,0.8333333333333334,0
llm-year_vs_days-83,llm,alpha_beta,run_1,0.0010206829756498337,unsat,1,0.017123493365943432,unsat,16.776505315023496,exact,0,0,0,1.0,1.0,0.0,0.0,10,10,8,2,0.0,0,1,0,0.0,0.0,10,3,0.0,1,0,366,0.0,1,1,0,1,0.2,0,1,1,1,1.0,0.8333333333333334,0
llm-year_vs_days-83,llm,epoch_days,run_1,0.0007248371839523315,unsat,1,0.017123493365943432,unsat,23.62391685340131,exact,0,0,0,1.0,1.0,0.0,0.0,10,10,8,2,0.0,0,1,0,0.0,0.0,10,3,0.0,1,0,366,0.0,1,1,0,1,0.2,0,1,1,1,1.0,0.8333333333333334,0
llm-year_vs_days-83,llm,hybrid_ymd,run_1,0.0012176474556326866,unsat,1,0.017123493365943432,unsat,14.062767746717055,exact,0,0,0,1.0,1.0,0.0,0.0,10,10,8,2,0.0,0,1,0,0.0,0.0,10,3,0.0,1,0,366,0.0,1,1,0,1,0.2,0,1,1,1,1.0,0.8333333333333334,0
llm-year_vs_days-83,llm,simple,run_1,0.017123493365943432,unsat,1,0.017123493365943432,unsat,1.0,exact,0,0,0,1.0,1.0,0.0,0.0,10,10,8,2,0.0,0,1,0,0.0,0.0,10,3,0.0,1,0,366,0.0,1,1,0,1,0.2,0,1,1,1,1.0,0.8333333333333334,0
llm-year_vs_days-84,llm,alpha_beta,run_1,0.0009515993297100067,sat,1,0.37048932258039713,sat,389.33331604310945,exact,0,0,0,1.0,1.0,0.0,0.0,8,6,6,0,0.16666666666666666,0,1,0,0.0,0.0,6,2,0.0,2,0,730,0.0,1,0,0,0,0.0,0,0,1,1,1.0,1.0,0
llm-year_vs_days-84,llm,epoch_days,run_1,0.0008581504225730896,sat,1,0.37048932258039713,sat,431.73004736106407,exact,0,0,0,1.0,1.0,0.0,0.0,8,6,6,0,0.16666666666666666,0,1,0,0.0,0.0,6,2,0.0,2,0,730,0.0,1,0,0,0,0.0,0,0,1,1,1.0,1.0,0
llm-year_vs_days-84,llm,hybrid_ymd,run_1,0.001158611848950386,sat,1,0.37048932258039713,sat,319.77001004782767,exact,0,0,0,1.0,1.0,0.0,0.0,8,6,6,0,0.16666666666666666,0,1,0,0.0,0.0,6,2,0.0,2,0,730,0.0,1,0,0,0,0.0,0,0,1,1,1.0,1.0,0
llm-year_vs_days-84,llm,simple,run_1,0.37048932258039713,sat,1,0.37048932258039713,sat,1.0,exact,0,0,0,1.0,1.0,0.0,0.0,8,6,6,0,0.16666666666666666,0,1,0,0.0,0.0,6,2,0.0,2,0,730,0.0,1,0,0,0,0.0,0,0,1,1,1.0,1.0,0
llm-year_vs_days-85,llm,alpha_beta,run_1,0.001468246802687645,sat,1,0.37123466562479734,sat,252.84214135201753,exact,0,0,0,1.0,1.0,0.0,0.0,12,8,8,0,0.125,0,1,0,0.0,0.0,8,3,0.0,1,0,366,0.0,1,0,0,0,0.0,0,1,1,2,0.6,0.4,0
llm-year_vs_days-85,llm,epoch_days,run_1,0.0008528418838977814,sat,1,0.37123466562479734,sat,435.29131558141466,exact,0,0,0,1.0,1.0,0.0,0.0,12,8,8,0,0.125,0,1,0,0.0,0.0,8,3,0.0,1,0,366,0.0,1,0,0,0,0.0,0,1,1,2,0.6,0.4,0
llm-year_vs_days-85,llm,hybrid_ymd,run_1,0.00774000957608223,sat,1,0.37123466562479734,sat,47.96307575277002,exact,0,0,0,1.0,1.0,0.0,0.0,12,8,8,0,0.125,0,1,0,0.0,0.0,8,3,0.0,1,0,366,0.0,1,0,0,0,0.0,0,1,1,2,0.6,0.4,0
llm-year_vs_days-85,llm,simple,run_1,0.37123466562479734,sat,1,0.37123466562479734,sat,1.0,exact,0,0,0,1.0,1.0,0.0,0.0,12,8,8,0,0.125,0,1,0,0.0,0.0,8,3,0.0,1,0,366,0.0,1,0,0,0,0.0,0,1,1,2,0.6,0.4,0
llm-year_vs_days-86,llm,alpha_beta,run_1,0.0006795898079872131,unsat,1,0.358162235468626,unsat,527.0270849549954,exact,0,0,0,1.0,1.0,0.0,0.0,6,5,5,0,0.2,0,1,0,0.0,0.0,5,2,0.0,1,0,365,0.0,1,0,0,0,0.0,0,0,1,1,1.0,1.0,0
llm-year_vs_days-86,llm,epoch_days,run_1,0.0007322262972593307,unsat,1,0.358162235468626,unsat,489.141453686109,exact,0,0,0,1.0,1.0,0.0,0.0,6,5,5,0,0.2,0,1,0,0.0,0.0,5,2,0.0,1,0,365,0.0,1,0,0,0,0.0,0,0,1,1,1.0,1.0,0
llm-year_vs_days-86,llm,hybrid_ymd,run_1,0.005487239919602871,unsat,1,0.358162235468626,unsat,65.27183806727871,exact,0,0,0,1.0,1.0,0.0,0.0,6,5,5,0,0.2,0,1,0,0.0,0.0,5,2,0.0,1,0,365,0.0,1,0,0,0,0.0,0,0,1,1,1.0,1.0,0
llm-year_vs_days-86,llm,simple,run_1,0.358162235468626,unsat,1,0.358162235468626,unsat,1.0,exact,0,0,0,1.0,1.0,0.0,0.0,6,5,5,0,0.2,0,1,0,0.0,0.0,5,2,0.0,1,0,365,0.0,1,0,0,0,0.0,0,0,1,1,1.0,1.0,0
llm-year_vs_days-87,llm,alpha_beta,run_1,0.0011991271749138832,sat,1,0.3394338386133313,sat,283.0674224672693,exact,0,0,0,1.0,1.0,0.0,0.0,7,7,6,1,0.14285714285714285,0,1,0,0.0,0.0,7,2,0.0,1,0,366,0.0,1,1,0,0,0.14285714285714285,0,1,1,1,1.0,1.0,0
llm-year_vs_days-87,llm,epoch_days,run_1,0.0008285744115710258,sat,1,0.3394338386133313,sat,409.6600545142889,exact,0,0,0,1.0,1.0,0.0,0.0,7,7,6,1,0.14285714285714285,0,1,0,0.0,0.0,7,2,0.0,1,0,366,0.0,1,1,0,0,0.14285714285714285,0,1,1,1,1.0,1.0,0
llm-year_vs_days-87,llm,hybrid_ymd,run_1,0.002896917052567005,sat,1,0.3394338386133313,sat,117.17071371185912,exact,0,0,0,1.0,1.0,0.0,0.0,7,7,6,1,0.14285714285714285,0,1,0,0.0,0.0,7,2,0.0,1,0,366,0.0,1,1,0,0,0.14285714285714285,0,1,1,1,1.0,1.0,0
llm-year_vs_days-87,llm,simple,run_1,0.3394338386133313,sat,1,0.3394338386133313,sat,1.0,exact,0,0,0,1.0,1.0,0.0,0.0,7,7,6,1,0.14285714285714285,0,1,0,0.0,0.0,7,2,0.0,1,0,366,0.0,1,1,0,0,0.14285714285714285,0,1,1,1,1.0,1.0,0
llm-year_vs_days-88,llm,alpha_beta,run_1,0.0008287206292152405,unsat,1,0.35493333265185356,unsat,428.2906930746478,exact,0,0,0,1.0,1.0,0.0,0.0,9,9,6,3,0.0,0,1,0,0.0,0.0,9,4,0.0,2,0,730,0.0,1,3,0,0,0.3333333333333333,0,0,0,1,1.0,0.6666666666666666,0
llm-year_vs_days-88,llm,epoch_days,run_1,0.0008530020713806152,unsat,1,0.35493333265185356,unsat,416.09902784571307,exact,0,0,0,1.0,1.0,0.0,0.0,9,9,6,3,0.0,0,1,0,0.0,0.0,9,4,0.0,2,0,730,0.0,1,3,0,0,0.3333333333333333,0,0,0,1,1.0,0.6666666666666666,0
llm-year_vs_days-88,llm,hybrid_ymd,run_1,0.0013353098183870316,unsat,1,0.35493333265185356,unsat,265.80597833137347,exact,0,0,0,1.0,1.0,0.0,0.0,9,9,6,3,0.0,0,1,0,0.0,0.0,9,4,0.0,2,0,730,0.0,1,3,0,0,0.3333333333333333,0,0,0,1,1.0,0.6666666666666666,0
llm-year_vs_days-88,llm,simple,run_1,0.35493333265185356,unsat,1,0.35493333265185356,unsat,1.0,exact,0,0,0,1.0,1.0,0.0,0.0,9,9,6,3,0.0,0,1,0,0.0,0.0,9,4,0.0,2,0,730,0.0,1,3,0,0,0.3333333333333333,0,0,0,1,1.0,0.6666666666666666,0
llm-year_vs_days-89,llm,alpha_beta,run_1,0.0009323237463831902,unsat,1,0.359736068174243,unsat,385.84887445995554,exact,0,0,0,1.0,1.0,0.0,0.0,7,6,5,1,0.16666666666666666,0,1,0,0.0,0.0,6,2,0.0,1,0,365,0.0,1,1,0,0,0.16666666666666666,0,0,1,1,1.0,1.0,0
llm-year_vs_days-89,llm,epoch_days,run_1,0.0007317066192626953,unsat,1,0.359736068174243,unsat,491.6397620356794,exact,0,0,0,1.0,1.0,0.0,0.0,7,6,5,1,0.16666666666666666,0,1,0,0.0,0.0,6,2,0.0,1,0,365,0.0,1,1,0,0,0.16666666666666666,0,0,1,1,1.0,1.0,0
llm-year_vs_days-89,llm,hybrid_ymd,run_1,0.0032247016206383705,unsat,1,0.359736068174243,unsat,111.55638892972325,exact,0,0,0,1.0,1.0,0.0,0.0,7,6,5,1,0.16666666666666666,0,1,0,0.0,0.0,6,2,0.0,1,0,365,0.0,1,1,0,0,0.16666666666666666,0,0,1,1,1.0,1.0,0
llm-year_vs_days-89,llm,simple,run_1,0.359736068174243,unsat,1,0.359736068174243,unsat,1.0,exact,0,0,0,1.0,1.0,0.0,0.0,7,6,5,1,0.16666666666666666,0,1,0,0.0,0.0,6,2,0.0,1,0,365,0.0,1,1,0,0,0.16666666666666666,0,0,1,1,1.0,1.0,0
llm-year_vs_days-90,llm,alpha_beta,run_1,0.0013086535036563873,sat,1,0.4846424600109458,sat,370.3367305836505,exact,0,0,0,1.0,1.0,0.0,0.0,10,10,7,3,0.0,0,1,0,0.0,0.0,10,4,0.0,4,0,1461,0.0,1,3,0,0,0.3,0,0,1,1,1.0,0.6,0
llm-year_vs_days-90,llm,epoch_days,run_1,0.0011994745582342148,sat,1,0.4846424600109458,sat,404.045635385884,exact,0,0,0,1.0,1.0,0.0,0.0,10,10,7,3,0.0,0,1,0,0.0,0.0,10,4,0.0,4,0,1461,0.0,1,3,0,0,0.3,0,0,1,1,1.0,0.6,0
llm-year_vs_days-90,llm,hybrid_ymd,run_1,0.0018104659393429756,sat,1,0.4846424600109458,sat,267.6893552533909,exact,0,0,0,1.0,1.0,0.0,0.0,10,10,7,3,0.0,0,1,0,0.0,0.0,10,4,0.0,4,0,1461,0.0,1,3,0,0,0.3,0,0,1,1,1.0,0.6,0
llm-year_vs_days-90,llm,simple,run_1,0.4846424600109458,sat,1,0.4846424600109458,sat,1.0,exact,0,0,0,1.0,1.0,0.0,0.0,10,10,7,3,0.0,0,1,0,0.0,0.0,10,4,0.0,4,0,1461,0.0,1,3,0,0,0.3,0,0,1,1,1.0,0.6,0
llm-year_vs_days-91,llm,alpha_beta,run_1,0.0007155761122703552,unsat,1,0.35584923531860113,unsat,497.29054564101494,exact,0,0,0,1.0,1.0,0.0,0.0,6,5,5,0,0.2,0,1,0,0.0,0.0,5,2,0.0,1,0,365,0.0,1,0,0,0,0.0,0,1,1,1,1.0,1.0,0
llm-year_vs_days-91,llm,epoch_days,run_1,0.0006470344960689545,unsat,1,0.35584923531860113,unsat,549.9694954141646,exact,0,0,0,1.0,1.0,0.0,0.0,6,5,5,0,0.2,0,1,0,0.0,0.0,5,2,0.0,1,0,365,0.0,1,0,0,0,0.0,0,1,1,1,1.0,1.0,0
llm-year_vs_days-91,llm,hybrid_ymd,run_1,0.00659144576638937,unsat,1,0.35584923531860113,unsat,53.98652252183006,exact,0,0,0,1.0,1.0,0.0,0.0,6,5,5,0,0.2,0,1,0,0.0,0.0,5,2,0.0,1,0,365,0.0,1,0,0,0,0.0,0,1,1,1,1.0,1.0,0
llm-year_vs_days-91,llm,simple,run_1,0.35584923531860113,unsat,1,0.35584923531860113,unsat,1.0,exact,0,0,0,1.0,1.0,0.0,0.0,6,5,5,0,0.2,0,1,0,0.0,0.0,5,2,0.0,1,0,365,0.0,1,0,0,0,0.0,0,1,1,1,1.0,1.0,0
llm-year_vs_days-92,llm,alpha_beta,run_1,0.0011611497029662132,unsat,1,0.4323764517903328,unsat,372.3692566822402,exact,0,0,0,1.0,1.0,0.0,0.0,10,7,6,1,0.14285714285714285,0,1,0,0.0,0.0,7,5,0.0,2,0,730,0.0,1,1,0,0,0.14285714285714285,0,0,0,1,1.0,0.6666666666666666,0
llm-year_vs_days-92,llm,epoch_days,run_1,0.0007102591916918755,unsat,1,0.4323764517903328,unsat,608.7586853475123,exact,0,0,0,1.0,1.0,0.0,0.0,10,7,6,1,0.14285714285714285,0,1,0,0.0,0.0,7,5,0.0,2,0,730,0.0,1,1,0,0,0.14285714285714285,0,0,0,1,1.0,0.6666666666666666,0
llm-year_vs_days-92,llm,hybrid_ymd,run_1,0.0014729080721735954,unsat,1,0.4323764517903328,unsat,293.5529107069578,exact,0,0,0,1.0,1.0,0.0,0.0,10,7,6,1,0.14285714285714285,0,1,0,0.0,0.0,7,5,0.0,2,0,730,0.0,1,1,0,0,0.14285714285714285,0,0,0,1,1.0,0.6666666666666666,0
llm-year_vs_days-92,llm,simple,run_1,0.4323764517903328,unsat,1,0.4323764517903328,unsat,1.0,exact,0,0,0,1.0,1.0,0.0,0.0,10,7,6,1,0.14285714285714285,0,1,0,0.0,0.0,7,5,0.0,2,0,730,0.0,1,1,0,0,0.14285714285714285,0,0,0,1,1.0,0.6666666666666666,0
llm-year_vs_days-93,llm,alpha_beta,run_1,0.001410873606801033,sat,1,0.5263161202892661,sat,373.0427146359463,exact,0,0,0,1.0,1.0,0.0,0.0,10,8,7,1,0.125,0,1,0,0.0,0.0,8,5,0.0,4,0,1461,0.0,1,1,0,0,0.125,0,0,1,1,1.0,0.8333333333333334,0
llm-year_vs_days-93,llm,epoch_days,run_1,0.0011556986719369888,sat,1,0.5263161202892661,sat,455.4094705388413,exact,0,0,0,1.0,1.0,0.0,0.0,10,8,7,1,0.125,0,1,0,0.0,0.0,8,5,0.0,4,0,1461,0.0,1,1,0,0,0.125,0,0,1,1,1.0,0.8333333333333334,0
llm-year_vs_days-93,llm,hybrid_ymd,run_1,0.004750177264213562,sat,1,0.5263161202892661,sat,110.79925885174369,exact,0,0,0,1.0,1.0,0.0,0.0,10,8,7,1,0.125,0,1,0,0.0,0.0,8,5,0.0,4,0,1461,0.0,1,1,0,0,0.125,0,0,1,1,1.0,0.8333333333333334,0
llm-year_vs_days-93,llm,simple,run_1,0.5263161202892661,sat,1,0.5263161202892661,sat,1.0,exact,0,0,0,1.0,1.0,0.0,0.0,10,8,7,1,0.125,0,1,0,0.0,0.0,8,5,0.0,4,0,1461,0.0,1,1,0,0,0.125,0,0,1,1,1.0,0.8333333333333334,0
llm-year_vs_days-94,llm,alpha_beta,run_1,2.8556546373292804,sat,1,60.140276508405805,timeout,21.06006648081623,lower,3,0,0,0.0,0.0,0.0,0.0,9,6,6,0,0.3333333333333333,0,1,0,0.0,0.0,6,4,0.0,3,0,1095,0.0,1,0,0,0,0.0,0,0,0,1,1.0,1.0,0
llm-year_vs_days-94,llm,epoch_days,run_1,0.5492560984566808,sat,1,60.140276508405805,timeout,109.4940532793174,lower,3,0,0,0.0,0.0,0.0,0.0,9,6,6,0,0.3333333333333333,0,1,0,0.0,0.0,6,4,0.0,3,0,1095,0.0,1,0,0,0,0.0,0,0,0,1,1.0,1.0,0
llm-year_vs_days-94,llm,hybrid_ymd,run_1,0.5735812084749341,sat,1,60.140276508405805,timeout,104.85050001604782,lower,3,0,0,0.0,0.0,0.0,0.0,9,6,6,0,0.3333333333333333,0,1,0,0.0,0.0,6,4,0.0,3,0,1095,0.0,1,0,0,0,0.0,0,0,0,1,1.0,1.0,0
llm-year_vs_days-94,llm,simple,run_1,60.140276508405805,timeout,0,60.140276508405805,timeout,,,3,0,0,0.0,0.0,0.0,0.0,9,6,6,0,0.3333333333333333,0,1,0,0.0,0.0,6,4,0.0,3,0,1095,0.0,1,0,0,0,0.0,0,0,0,1,1.0,1.0,0
llm-year_vs_days-95,llm,alpha_beta,run_1,0.0015837103128433228,sat,1,0.4852499030530453,sat,306.40067133354034,exact,0,0,0,1.0,1.0,0.0,0.0,12,10,8,2,0.2,0,1,0,0.0,0.0,10,6,0.0,4,0,1461,0.0,1,1,0,1,0.2,0,1,1,1,1.0,0.6,0
llm-year_vs_days-95,llm,epoch_days,run_1,0.001299392431974411,sat,1,0.4852499030530453,sat,373.44368884441934,exact,0,0,0,1.0,1.0,0.0,0.0,12,10,8,2,0.2,0,1,0,0.0,0.0,10,6,0.0,4,0,1461,0.0,1,1,0,1,0.2,0,1,1,1,1.0,0.6,0
llm-year_vs_days-95,llm,hybrid_ymd,run_1,0.004508372396230698,sat,1,0.4852499030530453,sat,107.63305698942412,exact,0,0,0,1.0,1.0,0.0,0.0,12,10,8,2,0.2,0,1,0,0.0,0.0,10,6,0.0,4,0,1461,0.0,1,1,0,1,0.2,0,1,1,1,1.0,0.6,0
llm-year_vs_days-95,llm,simple,run_1,0.4852499030530453,sat,1,0.4852499030530453,sat,1.0,exact,0,0,0,1.0,1.0,0.0,0.0,12,10,8,2,0.2,0,1,0,0.0,0.0,10,6,0.0,4,0,1461,0.0,1,1,0,1,0.2,0,1,1,1,1.0,0.6,0
llm-year_vs_days-96,llm,alpha_beta,run_1,0.0008284719660878181,unsat,1,0.33890000358223915,unsat,409.06635040722153,exact,0,0,0,1.0,1.0,0.0,0.0,6,5,5,0,0.2,0,1,0,0.0,0.0,5,2,0.0,1,0,365,0.0,1,0,0,0,0.0,0,1,1,1,1.0,1.0,0
llm-year_vs_days-96,llm,epoch_days,run_1,0.0007627876475453377,unsat,1,0.33890000358223915,unsat,444.2914154061416,exact,0,0,0,1.0,1.0,0.0,0.0,6,5,5,0,0.2,0,1,0,0.0,0.0,5,2,0.0,1,0,365,0.0,1,0,0,0,0.0,0,1,1,1,1.0,1.0,0
llm-year_vs_days-96,llm,hybrid_ymd,run_1,0.00365403201431036,unsat,1,0.33890000358223915,unsat,92.74686216623121,exact,0,0,0,1.0,1.0,0.0,0.0,6,5,5,0,0.2,0,1,0,0.0,0.0,5,2,0.0,1,0,365,0.0,1,0,0,0,0.0,0,1,1,1,1.0,1.0,0
llm-year_vs_days-96,llm,simple,run_1,0.33890000358223915,unsat,1,0.33890000358223915,unsat,1.0,exact,0,0,0,1.0,1.0,0.0,0.0,6,5,5,0,0.2,0,1,0,0.0,0.0,5,2,0.0,1,0,365,0.0,1,0,0,0,0.0,0,1,1,1,1.0,1.0,0
llm-year_vs_days-97,llm,alpha_beta,run_1,0.00111318938434124,sat,1,0.3478951072320342,sat,312.5210428034315,exact,0,0,0,1.0,1.0,0.0,0.0,8,7,7,0,0.14285714285714285,0,1,0,0.0,0.0,7,3,0.0,1,0,366,0.0,1,0,0,0,0.0,0,0,0,1,1.0,0.8333333333333334,0
llm-year_vs_days-97,llm,epoch_days,run_1,0.000882972963154316,sat,1,0.3478951072320342,sat,394.00425805703077,exact,0,0,0,1.0,1.0,0.0,0.0,8,7,7,0,0.14285714285714285,0,1,0,0.0,0.0,7,3,0.0,1,0,366,0.0,1,0,0,0,0.0,0,0,0,1,1.0,0.8333333333333334,0
llm-year_vs_days-97,llm,hybrid_ymd,run_1,0.004764072597026825,sat,1,0.3478951072320342,sat,73.0247283488395,exact,0,0,0,1.0,1.0,0.0,0.0,8,7,7,0,0.14285714285714285,0,1,0,0.0,0.0,7,3,0.0,1,0,366,0.0,1,0,0,0,0.0,0,0,0,1,1.0,0.8333333333333334,0
llm-year_vs_days-97,llm,simple,run_1,0.3478951072320342,sat,1,0.3478951072320342,sat,1.0,exact,0,0,0,1.0,1.0,0.0,0.0,8,7,7,0,0.14285714285714285,0,1,0,0.0,0.0,7,3,0.0,1,0,366,0.0,1,0,0,0,0.0,0,0,0,1,1.0,0.8333333333333334,0
llm-year_vs_days-98,llm,alpha_beta,run_1,0.0010051066055893898,unsat,1,0.3485863758251071,unsat,346.8153267390952,exact,0,0,0,1.0,1.0,0.0,0.0,10,10,8,2,0.1,0,1,0,0.0,0.0,10,3,0.0,1,0,366,0.0,1,2,0,0,0.2,0,0,1,1,1.0,0.6,0
llm-year_vs_days-98,llm,epoch_days,run_1,0.0007515773177146912,unsat,1,0.3485863758251071,unsat,463.8064076827757,exact,0,0,0,1.0,1.0,0.0,0.0,10,10,8,2,0.1,0,1,0,0.0,0.0,10,3,0.0,1,0,366,0.0,1,2,0,0,0.2,0,0,1,1,1.0,0.6,0
llm-year_vs_days-98,llm,hybrid_ymd,run_1,0.004432077519595623,unsat,1,0.3485863758251071,unsat,78.65078493864242,exact,0,0,0,1.0,1.0,0.0,0.0,10,10,8,2,0.1,0,1,0,0.0,0.0,10,3,0.0,1,0,366,0.0,1,2,0,0,0.2,0,0,1,1,1.0,0.6,0
llm-year_vs_days-98,llm,simple,run_1,0.3485863758251071,unsat,1,0.3485863758251071,unsat,1.0,exact,0,0,0,1.0,1.0,0.0,0.0,10,10,8,2,0.1,0,1,0,0.0,0.0,10,3,0.0,1,0,366,0.0,1,2,0,0,0.2,0,0,1,1,1.0,0.6,0
llm-year_vs_days-99,llm,alpha_beta,run_1,0.0011649038642644882,sat,1,0.3422815380617976,sat,293.82814201402937,exact,0,0,0,1.0,1.0,0.0,0.0,6,6,4,2,0.0,0,1,0,0.0,0.0,6,2,0.0,1,0,365,0.0,1,2,0,0,0.3333333333333333,0,1,1,1,1.0,1.0,0
llm-year_vs_days-99,llm,epoch_days,run_1,0.001033073291182518,sat,1,0.3422815380617976,sat,331.3235769264749,exact,0,0,0,1.0,1.0,0.0,0.0,6,6,4,2,0.0,0,1,0,0.0,0.0,6,2,0.0,1,0,365,0.0,1,2,0,0,0.3333333333333333,0,1,1,1,1.0,1.0,0
llm-year_vs_days-99,llm,hybrid_ymd,run_1,0.0012748176231980324,sat,1,0.3422815380617976,sat,268.4945139079137,exact,0,0,0,1.0,1.0,0.0,0.0,6,6,4,2,0.0,0,1,0,0.0,0.0,6,2,0.0,1,0,365,0.0,1,2,0,0,0.3333333333333333,0,1,1,1,1.0,1.0,0
llm-year_vs_days-99,llm,simple,run_1,0.3422815380617976,sat,1,0.3422815380617976,sat,1.0,exact,0,0,0,1.0,1.0,0.0,0.0,6,6,4,2,0.0,0,1,0,0.0,0.0,6,2,0.0,1,0,365,0.0,1,2,0,0,0.3333333333333333,0,1,1,1,1.0,1.0,0
